Metadata_cell,Metadata_hour,Metadata_treatment,Metadata_site,Metadata_dish,Metadata_concentration,ObjectNumber,Ed_mean,Ed_variance,Ed_not_zero_mean,Ed_not_zero_variance,Ed_region_mean,Ed_region_rc_mean,Ed_region_variance,Ed_region_max,Ed_region_min,Ed_region_top_50,Ed_region_top_25,Fp_region_ratio_mean,Fp_non_region_ratio_mean,Fp_cell_ratio_mean,Fp_region_pixels,Fp_non_region_pixels,Fp_cell_pixels,Fp_cell_MCC,Fp_region_PCC,Fp_cell_PCC,Fp_region_MOC,Fp_cell_MOC,Rc_cell_mean,Rc_cell_max,Rc_cell_min,Rc_cell_var,Rc_region_mean,Rc_region_max,Rc_region_min,Rc_region_var,Rc_non_region_mean,Rc_non_region_max,Rc_non_region_min,Rc_non_region_var
A549,4,control,0,0,0,1,0.10751619935035706,0.0011055110953748226,0.10759232938289642,0.0010981032392010093,0.18583820760250092,0.9794540405273438,0.0018890372011810541,0.2835559546947479,0.08991818875074387,0.22157053649425507,0.24262140691280365,0.7891321182250977,0.5713149,0.57292455,188,25252,25440,0.49876112,0.7548747062683105,0.8844397,0.9912270307540894,0.9876696,0.8003687,1.6955397,0,0.012156376,0.9794540405273438,1.428221583366394,0.5948286056518555,0.026603039354085922,0.79903543,1.6955397,0,0.011808272
A549,4,control,1,0,0,1,0.2655792534351349,0.001087075681425631,0.2655792534351349,0.001087075681425631,0.256836861371994,2.4229438304901123,0.002112933900207281,0.3697148561477661,0.13323283195495605,0.2945566177368164,0.3174012303352356,1.9830946922302246,2.1283174,2.1252859,665,31191,31856,0.82669944,0.6482853293418884,0.616483,0.9931533932685852,0.98936695,2.738117,4.3664603,1.6699888,0.15224205,2.4229438304901123,3.201599359512329,1.6878383159637451,0.07991810142993927,2.7448368,4.3664603,1.6699888,0.15162104
A549,4,control,10,0,0,1,0.09741241484880447,0.0029327240772545338,0.11269181221723557,0.0016708665061742067,0.15359658002853394,0.9544983506202698,0.002130434149876237,0.2819846272468567,0.03327317163348198,0.19169050455093384,0.21219445765018463,0.7205255031585693,0.68703973,0.6875823,623,37825,38448,0.76599514,0.05378728359937668,0.6372239,0.9779543280601501,0.9801732,0.925104,2.4283633,0,0.19715624,0.9544983506202698,1.701560616493225,0.4331403076648712,0.0527375228703022,0.92461985,2.4283633,0,0.19952044
A549,4,control,10,0,0,2,0.19605623185634613,0.011560598388314247,0.24149231612682343,0.00326730590313673,0.18096742033958435,2.1960768699645996,0.000963691039942205,0.25641196966171265,0.12503597140312195,0.2059365063905716,0.2228468358516693,1.2975165843963623,1.6019921,1.6003503,100,18444,18544,0.57504785,-0.074066058,0.5784842,0.9965253472328186,0.98878986,2.6021457,5.7006383,0,1.9156457,2.1960768699645996,2.7533180713653564,1.6963216066360474,0.05435594171285629,2.604347,5.7006383,0,1.9248388
A549,4,control,11,0,0,1,0.1641286462545395,0.005079282913357019,0.17570774257183075,0.0034030815586447716,0.1569952666759491,1.708918809890747,0.004022809211164713,0.30602383613586426,0,0.20821906626224518,0.24030037224292755,1.1010303497314453,1.4272438,1.4237872,374,34922,35296,0.7499637,0.5515921115875244,0.5106738,0.982354462146759,0.9841465,2.7312047,6.5232525,0,0.9843003,1.708918809890747,3.406684637069702,1.0317119359970093,0.1782909333705902,2.742153,6.5232525,0,0.9816202
A549,4,control,11,0,0,2,0.03346751630306244,0.002684120088815689,0.1029944121837616,0.0010993474861606956,0.046056848019361496,0.36868926882743835,0.0022736806422472,0.14394162595272064,0,0.08963626623153687,0.11182344704866409,0.48245230317115784,0.55673206,0.55627334,202,32502,32704,0.7726435,0.1491650640964508,0.6335546,0.9956763386726379,0.99088806,0.2836771,1.4317559,0,0.17316735,0.36868926882743835,0.8560291528701782,0,0.11873634159564972,0.28314877,1.4317559,0,0.17346045
A549,4,control,11,0,0,3,0.10648062825202942,0.010006338357925415,0.1825885772705078,0.003262011567130685,0.1457459032535553,1.3350831270217896,0.00411463575437665,0.3367162048816681,0,0.19481416046619415,0.23597826063632965,0.854852020740509,0.91512966,0.9145237,479,47169,47648,0.7884504,0.004819199442863464,0.61954886,0.9780999422073364,0.98996806,0.9885706,3.9598064,0,0.77201545,1.3350831270217896,2.298922061920166,0,0.11266346275806427,0.9850518,3.9598064,0,0.7774794
A549,4,control,11,0,0,4,0.18864858150482178,0.0007618323434144258,0.18864858150482178,0.0007618323434144258,0.18934516608715057,1.628659963607788,0.0007509661954827607,0.2909397780895233,0.13997963070869446,0.209764301776886,0.22730082273483276,1.3144311904907227,1.3674762,1.3669442,200,19736,19936,0.88824993,0.6112462282180786,0.9080054,0.9968946576118469,0.9961045,1.7586926,2.7870631,1.2817534,0.034320865,1.628659963607788,1.8516584634780884,1.4061262607574463,0.009462731890380383,1.7600102,2.7870631,1.2817534,0.034399685
A549,4,control,11,0,0,5,0.1253022402524948,0.0011005098931491375,0.1253836303949356,0.0010910219280049205,0.11025018990039825,1.4784400463104248,0.0008129719062708318,0.18635466694831848,0.025251958519220352,0.13299550116062164,0.14610746502876282,0.975871741771698,1.0330386,1.0323063,454,34986,35440,0.8840667,0.3734164834022522,0.83136606,0.9944971203804016,0.9932262,1.6459013,2.7389102,0,0.050511595,1.4784400463104248,1.9404851198196411,0.9776855111122131,0.02852565422654152,1.6480744,2.7389102,0,0.05042827
A549,4,control,12,0,0,1,0.25454455614089966,0.0011563688749447465,0.25454455614089966,0.0011563688749447465,0.19147434830665588,1.2566328048706055,0.0002548181510064751,0.22955702245235443,0.14512358605861664,0.20439766347408295,0.21221834421157837,0.9900017380714417,1.3904718,1.3887042,100,22556,22656,0.8258637,0.320150762796402,0.4736779,0.9985380172729492,0.9878692,1.7953305,2.9305735,1.0721061,0.09713493,1.2566328048706055,1.5432180166244507,1.1146271228790283,0.005704734940081835,1.7977188,2.9305735,1.0721061,0.09624802
A549,4,control,12,0,0,2,0.3146313726902008,0.022486263886094093,0.3765397071838379,0.0035998327657580376,0.30175358057022095,3.1199724674224854,0.0018419125117361546,0.41497358679771423,0.16650322079658508,0.3363843858242035,0.3552325963973999,1.9298923015594482,2.4123948,2.407509,400,39104,39504,0.69654936,0.1437569260597229,0.45638692,0.9930306673049927,0.9882701,3.6009107,7.8744287,0,3.0465968,3.1199724674224854,4.912811279296875,2.106005907058716,0.2091323882341385,3.6058304,7.8744287,0,3.0732312
A549,4,control,12,0,0,3,0.13371488451957703,0.016828501597046852,0.24207110702991486,0.004235617350786924,0.19866114854812622,2.192671537399292,0.003367612138390541,0.35982540249824524,0.060128044337034225,0.2446739673614502,0.27455848455429077,1.246647834777832,1.2799746,1.2795632,488,39032,39520,0.80598104,0.44385772943496704,0.5355103,0.9918513894081116,0.9850669,1.484797,5.378439,0,1.984545,2.192671537399292,3.268354892730713,1.3127833604812622,0.12877121567726135,1.4759469,5.378439,0,2.0014038
A549,4,control,12,0,0,4,0.13548803329467773,0.004400808829814196,0.14601562917232513,0.0032055641058832407,0.17040303349494934,2.0736961364746094,0.006349391769617796,0.36607876420021057,0,0.2362179160118103,0.27134639024734497,1.4416135549545288,1.1170193,1.1227468,500,27836,28336,0.28506762,0.8916380405426025,0.8494549,0.9834024310112,0.9849194,1.8549398,3.8858297,0,0.37695727,2.0736961364746094,2.904703140258789,1.228611707687378,0.10218014568090439,1.8510104,3.8858297,0,0.38101792
A549,4,control,12,0,0,5,0.07200782001018524,0.00248286547139287,0.08599524199962616,0.0017623071325942874,0.08296773582696915,1.4028538465499878,0.0025246981531381607,0.2335948795080185,0,0.12456122785806656,0.14886006712913513,0.923996090888977,1.0929224,1.0903945,839,55225,56064,0.90300804,0.40818244218826294,0.7543888,0.9844371676445007,0.9873949,1.7174667,4.5166006,0,0.62304825,1.4028538465499878,2.750452756881714,0.6700438857078552,0.10095931589603424,1.7222462,4.5166006,0,0.6294534
A549,4,control,13,0,0,1,0.1905965954065323,0.0018400682602077723,0.1905965954065323,0.0018400682602077723,0.16449926793575287,1.3988027572631836,0.0009467549389228225,0.2473922073841095,0.09357987344264984,0.1889365315437317,0.20567387342453003,0.989948570728302,1.2679542,1.2665302,100,19420,19520,0.55061704,0.18378101289272308,0.4636536,0.9940121173858643,0.98870075,1.9751233,3.3769166,0.8982559,0.13495998,1.3988027572631836,1.9014673233032227,0.9478707313537598,0.045761920511722565,1.978091,3.3769166,0.8982559,0.13370016
A549,4,control,13,0,0,2,0.41004592180252075,0.00843504723161459,0.4192641079425812,0.004759839735925198,,,,,,,,,6.108545,6.108545,0,26016,26016,0.99974763,,0.71444786,,0.9790493,8.133487,14.750537,0,3.8418005,,,,,8.133487,14.750537,0,3.8418005
A549,4,control,13,0,0,3,0.15897056460380554,0.001390548306517303,0.15897530317306519,0.0013898377073928714,0.1833110749721527,0.8176748752593994,0.004695730749517679,0.36601170897483826,0.044037386775016785,0.24122625589370728,0.273347407579422,0.6876180171966553,0.7330841,0.73243356,481,33135,33616,0.56449646,0.9333701133728027,0.9262091,0.9903922080993652,0.99047154,0.96127355,1.9527006,0.46069145,0.021658512,0.8176748752593994,1.1251899003982544,0.558774471282959,0.010806684382259846,0.96335816,1.9527006,0.46069145,0.02151236
A549,4,control,13,0,0,4,0.17343942821025848,0.008007803931832314,0.19576986134052277,0.004667182918637991,0.14426124095916748,3.89597225189209,0.0028170158620923758,0.31701740622520447,0,0.18627655506134033,0.21228566765785217,2.021601676940918,2.4259515,2.416784,736,31728,32464,0.7896322,0.5118029117584229,0.5004745,0.9934043884277344,0.985813,4.9088845,12.322035,0,4.40364,3.89597225189209,4.998301982879639,2.3987810611724854,0.25739675760269165,4.932381,12.322035,0,4.4754686
A549,4,control,13,0,0,5,0.16234274208545685,0.0011358578922227025,0.16234274208545685,0.0011358578922227025,0.16859406232833862,0.970207929611206,0.0036227088421583176,0.3293086886405945,0.05459648370742798,0.2188214808702469,0.25009390711784363,0.7819828987121582,0.915747,0.9138251,400,27440,27840,0.8287223,0.80877685546875,0.8176111,0.9878837466239929,0.9907858,1.2532008,2.3305466,0.6576655,0.041025463,0.970207929611206,1.3358513116836548,0.7032822370529175,0.018600627779960632,1.2573259,2.3305466,0.6576655,0.04016792
A549,4,control,14,0,0,1,0.1562509536743164,0.006559896282851696,0.18499261140823364,0.00244956579990685,0.16423071920871735,2.8571548461914062,0.0012577567249536514,0.2706347703933716,0.06337443739175797,0.19223852455615997,0.20909327268600464,1.661745548248291,1.6604792,1.6604998,500,30060,30560,0.96514755,-0.137273371,0.8638048,0.993710994720459,0.9867048,2.8317864,6.3004804,0,1.7528231,2.8571548461914062,4.423033237457275,1.8632887601852417,0.1694730520248413,2.8313644,6.3004804,0,1.7791487
A549,4,control,14,0,0,2,0.335269957780838,0.006391080096364021,0.34241753816604614,0.004079878330230713,0.3349270820617676,2.368309736251831,0.00420041847974062,0.48412901163101196,0.16090145707130432,0.3854861259460449,0.4161210060119629,2.0322914123535156,1.9915876,1.9917489,163,40989,41152,0.5595566,0.6686891317367554,0.8763653,0.9942556023597717,0.97484094,3.0281959,6.3678885,0,0.5262252,2.368309736251831,2.934329032897949,1.5295480489730835,0.09083779901266098,3.0308201,6.3678885,0,0.52621806
A549,4,control,14,0,0,3,0.28953513503074646,0.00441273208707571,0.29005756974220276,0.004269157536327839,0.24098819494247437,2.6057727336883545,0.007308533415198326,0.482706755399704,0.08363833278417587,0.3131512403488159,0.36061978340148926,1.9484561681747437,2.149558,2.1466603,400,27360,27760,0.05458167,0.5751979947090149,0.6549487,0.9316124320030212,0.97496325,3.488245,7.9021497,0,0.48826456,2.6057727336883545,4.641915798187256,1.5112195014953613,0.5286258459091187,3.501146,7.9021497,0,0.47612274
A549,4,control,14,0,0,4,0.17952869832515717,0.0022065399680286646,0.18027172982692719,0.0020817199256271124,0.17291919887065887,1.4785394668579102,0.003251383313909173,0.35989633202552795,0.06281527131795883,0.21708635985851288,0.25402671098709106,1.0943751335144043,1.1752313,1.1742438,400,32352,32752,0.98410124,0.8030527830123901,0.86200964,0.9922033548355103,0.9918449,1.8291645,3.3667088,0,0.097054586,1.4785394668579102,2.00272798538208,1.0957592725753784,0.031678155064582825,1.8334997,3.3667088,0,0.0963241
A549,4,control,15,0,0,1,0.13947997987270355,0.021741515025496483,0.26927292346954346,0.007023338228464127,0.16647744178771973,1.7817350625991821,0.0016150949522852898,0.2607271671295166,0.07803232967853546,0.19857020676136017,0.21724383533000946,1.0119799375534058,1.452456,1.4511782,70,24058,24128,0.29422688,0.0894961729645729,0.5814293,0.9972682595252991,0.92980385,1.7051803,7.2172933,0,3.271575,1.7817350625991821,2.2863965034484863,1.3298076391220093,0.03571154549717903,1.7049575,7.2172933,0,3.2809727
A549,4,control,15,0,0,2,0.2622831165790558,0.0044412207789719105,0.26599007844924927,0.0035179744008928537,0.20372934639453888,2.061572790145874,0.0022029594983905554,0.30522799491882324,0.09495614469051361,0.2431897222995758,0.26405423879623413,1.4262464046478271,1.9706618,1.9617653,496,29856,30352,0.7941801,0.2536691129207611,0.51637584,0.9923385977745056,0.984389,3.4617267,7.318496,0,0.7997012,2.061572790145874,2.824192762374878,1.50753653049469,0.05957426503300667,3.4849875,7.318496,0,0.7788871
A549,4,control,15,0,0,3,0.2685351073741913,0.002836048835888505,0.26857516169548035,0.002825720701366663,0.22461481392383575,2.282827854156494,0.0015283884713426232,0.3228023052215576,0.13298097252845764,0.2574186623096466,0.2737343907356262,1.5702115297317505,1.9435707,1.9380059,300,19828,20128,0.8106649,0.18288759887218475,0.40363818,0.9946590662002563,0.9877242,3.2575128,6.382336,0,0.42467612,2.282827854156494,3.022707939147949,1.708573579788208,0.05735333636403084,3.2722602,6.382336,0,0.4156425
A549,4,control,15,0,0,4,0.18174083530902863,0.002240580040961504,0.18187958002090454,0.0022170578595250845,0.19925382733345032,1.1315033435821533,0.0022213896736502647,0.3208986818790436,0.09157504886388779,0.23839429020881653,0.2615382969379425,0.9065308570861816,1.0638595,1.0616095,300,20676,20976,0.24828266,0.881899893283844,0.875286,0.9881391525268555,0.9868612,1.6957585,3.5481076,0,0.1603397,1.1315033435821533,1.5533381700515747,0.7329739332199097,0.03373551741242409,1.7039458,3.5481076,0,0.15749004
A549,4,control,15,0,0,5,0.16992375254631042,0.0016876432346180081,0.1715729534626007,0.0014210616936907172,0.1614324003458023,1.0252338647842407,0.001997019164264202,0.26751747727394104,0.026552610099315643,0.1982465386390686,0.2238742709159851,0.783888041973114,0.9440413,0.94248295,246,25034,25280,0.8218662,0.9353830814361572,0.38163745,0.9967642426490784,0.98271066,1.3497504,2.6723158,0,0.10598731,1.0252338647842407,1.274474024772644,0.8168866038322449,0.007096231449395418,1.3529394,2.6723158,0,0.10591406
A549,4,control,15,0,0,6,0.18367990851402283,0.003716457635164261,0.19082075357437134,0.0024983235634863377,0.14935719966888428,1.3693594932556152,0.0017184236785396934,0.2745896279811859,0.06996171921491623,0.18287843465805054,0.206266388297081,0.9573016166687012,1.2254106,1.2233095,200,25320,25520,0.9691489,0.402105450630188,0.7722904,0.9951158761978149,0.98870945,2.059028,4.614995,0,0.39678344,1.3693594932556152,1.9146898984909058,1.0052399635314941,0.02115178294479847,2.0644753,4.614995,0,0.39596373
A549,4,control,15,0,0,7,0.4333961606025696,0.004238871857523918,0.4333961606025696,0.004238871857523918,0.37776413559913635,3.851999044418335,0.005693155340850353,0.47096431255340576,0.16791364550590515,0.43768733739852905,0.45737308263778687,4.070064544677734,6.1006565,6.0956283,75,30213,30288,0.915076,0.6821126937866211,0.91775286,0.9986986517906189,0.97464716,7.2894797,15.343125,3.05425,2.8651223,3.851999044418335,4.921869277954102,3.393289566040039,0.1399843394756317,7.298013,15.343125,3.05425,2.842482
A549,4,control,16,0,0,1,0.3370271623134613,0.03515756502747536,0.41973793506622314,0.009068833664059639,0.3095676600933075,3.1017730236053467,0.003965727519243956,0.4590887725353241,0.16778439283370972,0.36309516429901123,0.3904106616973877,2.1740481853485107,3.0985653,3.0941823,400,83968,84368,0.4281463,0.2944079339504242,0.37387294,0.9875465035438538,0.9462797,4.083818,10.477161,0,5.67291,3.1017730236053467,4.924565315246582,2.158806085586548,0.3037393093109131,4.0884957,10.477161,0,5.6938715
A549,4,control,16,0,0,2,0.22868339717388153,0.002894885605201125,0.2297404259443283,0.002665423322468996,0.20765215158462524,1.7972697019577026,0.00266551342792809,0.3353460729122162,0.08799319714307785,0.2503318190574646,0.2758445143699646,1.3236010074615479,1.6221884,1.6172041,410,24150,24560,0.97386384,0.833606481552124,0.77328026,0.9920852780342102,0.9862436,2.7324417,6.5765305,0,0.4803078,1.7972697019577026,2.7986879348754883,1.0773488283157349,0.07920666038990021,2.7483177,6.5765305,0,0.4720179
A549,4,control,16,0,0,3,0.14373086392879486,0.002151364227756858,0.1442650854587555,0.002082291292026639,0.12536616623401642,1.8393105268478394,0.0015859591076150537,0.2673357427120209,0.020572900772094727,0.1570446640253067,0.17844782769680023,1.2378995418548584,1.5336322,1.5275424,456,21688,22144,0.95442414,0.7818897366523743,0.6792458,0.9953154921531677,0.9895114,2.563231,5.648559,0,0.28787088,1.8393105268478394,2.4079947471618652,1.31295907497406,0.036257240921258926,2.5784519,5.648559,0,0.28191087
A549,4,control,17,0,0,1,0.09876640886068344,0.0015310703311115503,0.1012919470667839,0.001314404304139316,0.10487896203994751,1.1373751163482666,0.001205840497277677,0.20292605459690094,0.011939886957406998,0.13365983963012695,0.14822684228420258,0.7822396159172058,0.90349007,0.9001085,585,20391,20976,0.8976403,0.5685100555419922,0.7346856,0.9938719272613525,0.99260247,1.4731889,2.9785502,0,0.13726664,1.1373751163482666,1.550730586051941,0.7927224040031433,0.017415322363376617,1.482823,2.9785502,0,0.13737695
A549,4,control,17,0,0,2,0.079042449593544,0.0016176676144823432,0.08439585566520691,0.0012754234485328197,0.13335555791854858,1.0864590406417847,0.0031881164759397507,0.26771193742752075,0,0.17839378118515015,0.19782906770706177,0.8064557909965515,0.7075064,0.7096028,500,23100,23600,0.17041202,0.8746141195297241,0.8415005,0.9858806133270264,0.98857945,1.0306753,2.3417652,0,0.11226147,1.0864590406417847,1.6890296936035156,0.7496125102043152,0.03596437722444534,1.0294678,2.3417652,0,0.113844104
A549,4,control,17,0,0,3,0.18368904292583466,0.00218186154961586,0.18370893597602844,0.002178444294258952,0.1554509550333023,1.2600213289260864,0.001546935411170125,0.25824254751205444,0.06740721315145493,0.18774713575839996,0.20823903381824493,0.8588290214538574,1.038447,1.0371506,200,27512,27712,0.4942884,-0.202791139,0.33173138,0.9858108758926392,0.98894995,1.7517942,3.9902916,0,0.14736828,1.2600213289260864,1.7967506647109985,0.8282116055488586,0.05754120647907257,1.7553693,3.9902916,0,0.14625041
A549,4,control,17,0,0,4,0.3441401422023773,0.007077560294419527,0.34588274359703064,0.0065106614492833614,0.240584596991539,3.295030355453491,0.0017447189893573523,0.3533361554145813,0.13259835541248322,0.27427923679351807,0.29684948921203613,2.4404215812683105,3.6291158,3.6175547,500,50908,51408,0.5128719,0.5318865776062012,0.2939105,0.9951503276824951,0.9547253,5.5982223,11.680089,0,3.020795,3.295030355453491,4.473321914672852,2.3985519409179688,0.15278510749340057,5.6208444,11.680089,0,2.9963508
A549,4,control,17,0,0,5,0.09050256013870239,0.005072814878076315,0.11970336735248566,0.003214131807908416,0.10564389824867249,2.5442914962768555,0.004018723964691162,0.325249582529068,0,0.15562330186367035,0.19184140861034393,1.404374361038208,1.5701706,1.5654552,648,22136,22784,0.8682435,0.3111942410469055,0.6875895,0.9855982661247253,0.9911081,2.6219923,7.978158,0,2.5931726,2.5442914962768555,4.12227725982666,1.6049102544784546,0.18405698239803314,2.6242669,7.978158,0,2.6635137
A549,4,control,18,0,0,1,0.05174385756254196,0.006881780922412872,0.15657050907611847,0.004410655237734318,0.09158483147621155,1.539462685585022,0.0034738625399768353,0.2744857370853424,0,0.1397468000650406,0.1655041128396988,1.1143375635147095,1.6617882,1.6520265,588,32388,32976,0.7325218,0.21189309656620026,0.2146092,0.992213249206543,0.9740906,1.0065435,7.639162,0,2.273642,1.539462685585022,3.3711628913879395,0,0.5781972408294678,0.99686843,7.639162,0,2.2991729
A549,4,control,18,0,0,2,0.078021340072155,0.015927458181977272,0.2565111815929413,0.0065801432356238365,0.15959897637367249,4.001960754394531,0.003163831075653434,0.33052247762680054,0.04151969030499458,0.2058812975883484,0.2322978675365448,2.1882379055023193,3.4791257,3.4738371,86,20906,20992,0.9719192,0.2043762356042862,0.33332223,0.9973901510238647,0.97866213,2.1913862,14.560426,0,11.921626,4.001960754394531,4.833889484405518,3.0141468048095703,0.19691307842731476,2.1839378,14.560426,0,11.956317
A549,4,control,18,0,0,3,0.07274828851222992,0.008718112483620644,0.16177794337272644,0.004984337370842695,0.06720402091741562,1.4648152589797974,0.0026728108059614897,0.21901404857635498,0,0.1101301833987236,0.135498047,1.0939838886260986,1.8756021,1.8652107,465,34511,34976,0.47620922,0.6467766761779785,0.025720827,0.9925644993782043,0.9716169,1.5569736,8.725001,0,3.4656062,1.4648152589797974,2.7766642570495605,0,0.5990520715713501,1.5582153,8.725001,0,3.5041134
A549,4,control,18,0,0,4,0.051119327545166016,0.006681111175566912,0.15193021297454834,0.004540506284683943,0.12588244676589966,3.084474802017212,0.004055608529597521,0.27493932843208313,0,0.17762324213981628,0.20988203585147858,1.6104105710983276,1.5676322,1.5677156,99,50765,50864,0.7255058,-0.02050709,0.63595307,0.9951907992362976,0.9719876,1.3991286,9.690081,0,4.1677017,3.084474802017212,4.668622970581055,2.148719072341919,0.24225658178329468,1.395842,9.690081,0,4.1698065
A549,4,control,18,0,0,5,0.17047180235385895,0.002717539668083191,0.17048943042755127,0.0027148150838911533,0.1311069279909134,2.6993789672851562,0.0008113555959425867,0.2232763171195984,0.04223467409610748,0.15386997163295746,0.16703666746616364,1.9413976669311523,3.145545,3.1206386,600,28408,29008,0.09775467,-0.50424391,-0.13325536,0.9830672740936279,0.9294942,4.572662,11.8664055,1.547356,3.4524672,2.6993789672851562,4.466102600097656,1.5473560094833374,0.27553966641426086,4.612227,11.8664055,1.6873087,3.4438844
A549,4,control,18,0,0,6,0.14844530820846558,0.0037982601206749678,0.15154530107975006,0.003407791256904602,0.11934410035610199,1.810252070426941,0.0014853749889880419,0.2478880137205124,0.03044871799647808,0.15155881643295288,0.16834810376167297,1.1711852550506592,1.543798,1.5411605,200,28056,28256,0.09615809,0.15286317467689514,0.040861223,0.9963688850402832,0.9805452,2.7312922,7.0302057,0,0.73915386,1.810252070426941,2.5414822101593018,1.2152140140533447,0.05076709762215614,2.737858,7.0302057,0,0.7379707
A549,4,control,18,0,0,7,0.11522722989320755,0.0040805647149682045,0.12975578010082245,0.0027099037542939186,0.07132725417613983,0.5844551920890808,0.0006557422457262874,0.155634805560112,0.004525352735072374,0.0909748375415802,0.10458646714687347,0.4849318563938141,0.98512334,0.98007643,391,38361,38752,0.9280744,0.16794496774673462,0.4661482,0.9933954477310181,0.95715374,1.2735,4.3158803,0,0.49273193,0.5844551920890808,0.8099954128265381,0.382895290851593,0.006321639753878117,1.2805233,4.3158803,0,0.49280116
A549,4,control,18,0,0,8,0.12599390745162964,0.002284251619130373,0.12670370936393738,0.0022071851417422295,0.09881435334682465,1.7173004150390625,0.0009452702361159027,0.19571635127067566,0.0063730692490935326,0.12255405634641647,0.13793909549713135,1.1586461067199707,1.5009345,1.4975997,200,20328,20528,0.6606627,-0.504317045,0.386607,0.9934529066085815,0.98750716,2.4923859,5.522498,0,0.2847308,1.7173004150390625,2.3594980239868164,1.1575229167938232,0.06510951370000839,2.5000117,5.522498,0,0.28092274
A549,4,control,18,0,0,9,0.35977813601493835,0.011237384751439095,0.35977813601493835,0.011237384751439095,,,,,,,,,6.3743916,6.3743916,0,24800,24800,0.015291066,,-0.6099989,,0.91501695,8.804661,20.25294,3.0639434,10.287901,,,,,8.804661,20.25294,3.0639434,10.287901
A549,4,control,19,0,0,1,0.05121264606714249,0.004639437887817621,0.13100504875183105,0.0014147565234452486,0.12204813212156296,0.5000365972518921,0.0004324446199461818,0.1848934292793274,0.07426446676254272,0.13857513666152954,0.14928917586803436,0.4362468719482422,0.668348,0.6673832,200,47912,48112,0.99829936,0.6389013528823853,0.81196153,0.9949223399162292,0.95836645,0.3972125,3.060556,0,0.3181072,0.5000365972518921,0.6963814496994019,0.3598507344722748,0.0036819553934037685,0.3967833,3.060556,0,0.3193754
A549,4,control,19,0,0,2,0.09273628890514374,0.015873895958065987,0.24731990694999695,0.0041027432307600975,0.17456959187984467,1.7824177742004395,0.0021612634882330894,0.27824339270591736,0,0.21187558770179749,0.2320440262556076,1.1298768520355225,1.5241935,1.5214307,200,28344,28544,0.85254496,0.10606945306062698,0.3044337,0.9960556626319885,0.98660374,1.0501432,5.354001,0,1.9857863,1.7824177742004395,2.56937313079834,0,0.08528009057044983,1.0449761,5.354001,0,1.9953862
A549,4,control,19,0,0,3,0.14007559418678284,0.007613907568156719,0.16811372339725494,0.004424346145242453,0.09184194356203079,1.3507691621780396,0.0007585269049741328,0.1857251524925232,0.025601539760828018,0.11403247714042664,0.12625542283058167,0.9480623006820679,1.9074744,1.9001795,200,26104,26304,0.6593123,-0.135918707,0.48415205,0.9950156807899475,0.9709025,3.1446111,10.243451,0,3.2715595,1.3507691621780396,1.838876724243164,0.9573503732681274,0.026708822697401047,3.1583552,10.243451,0,3.2715774
A549,4,control,19,0,0,4,0.2050582468509674,0.004762320313602686,0.20649805665016174,0.0044984398409724236,0.1402190625667572,2.8546931743621826,0.0014736666344106197,0.27982282638549805,0.009564337320625782,0.17070557177066803,0.1895013004541397,1.774597406387329,2.5935602,2.575808,600,27080,27680,0.20170777,-0.000820879,-0.4324354,0.9911412000656128,0.9740189,4.7248716,12.15981,0,2.6672153,2.8546931743621826,4.470953941345215,1.8642362356185913,0.23923301696777344,4.7663083,12.15981,0,2.6418002
A549,4,control,19,0,0,5,0.2113777995109558,0.0053374748677015305,0.21139705181121826,0.005333890672773123,0.1402839869260788,1.391746997833252,0.0007780040032230318,0.23850961029529572,0.046543918550014496,0.16185802221298218,0.17612791061401367,1.0343406200408936,1.8437935,1.8327353,600,43320,43920,0.14355887,0.7532066106796265,-0.003237926,0.9956799745559692,0.91779804,2.863324,7.622238,0,1.7212186,1.391746997833252,1.8666332960128784,1.0518947839736938,0.01865348219871521,2.8837059,7.622238,0,1.7143909
A549,4,control,2,0,0,1,0.5435813665390015,0.06688691675662994,0.6595508456230164,0.0046690101735293865,,,,,,,,,14.265493,14.265493,0,28880,28880,0.6547955,,0.41184798,,0.97328544,12.022133,26.014479,0,35.524387,,,,,12.022133,26.014479,0,35.524387
A549,4,control,2,0,0,2,0.3465411365032196,0.06127440556883812,0.5068715214729309,0.008356638252735138,,,,,,,,,4.70305,4.70305,0,35136,35136,0.93832034,,0.69023263,,0.9309916,5.691323,14.639496,0,17.157383,,,,,5.691323,14.639496,0,17.157383
A549,4,control,2,0,0,3,0.08592944592237473,0.013551458716392517,0.22904866933822632,0.003340736497193575,0.23780126869678497,1.8651257753372192,0.003295270726084709,0.376132071018219,0.09417708218097687,0.2847985625267029,0.3143790364265442,1.264095664024353,0.7734685,0.7802041,695,49929,50624,0.96322674,0.8906152248382568,0.8926708,0.9918068051338196,0.9411322,0.7661486,4.0722904,0,1.0393255,1.8651257753372192,2.775393009185791,1.3258496522903442,0.04708780348300934,0.75085104,4.0722904,0,1.0360914
A549,4,control,2,0,0,4,0.17015407979488373,0.018476426601409912,0.2589579224586487,0.005122866481542587,0.24881643056869507,2.318895101547241,0.005725292023271322,0.42085933685302734,0.013622327707707882,0.31024476885795593,0.3410961329936981,1.5476264953613281,1.4968417,1.4978746,371,17869,18240,0.4362272,0.6642314791679382,0.78763425,0.989175021648407,0.9899375,1.8274087,5.604017,0,1.9743155,2.318895101547241,3.949599504470825,1.3250224590301514,0.12493063509464264,1.8172041,5.604017,0,2.0075934
A549,4,control,20,0,0,1,0.17730140686035156,0.0035704791080206633,0.18121656775474548,0.0029398282058537006,0.15739773213863373,1.0342316627502441,0.0008807210833765566,0.2387164682149887,0.058198023587465286,0.181222602725029,0.19521304965019226,0.7862944602966309,1.1047515,1.0981563,671,31729,32400,0.21718888,0.40513670444488525,-0.06273833,0.9899182915687561,0.9413768,1.6004707,4.763539,0,0.5592671,1.0342316627502441,1.7766687870025635,0.6269474625587463,0.034935902804136276,1.6124455,4.763539,0,0.5634316
A549,4,control,20,0,0,2,0.23424439132213593,0.011007209308445454,0.26132670044898987,0.00520248431712389,0.17807796597480774,1.5319461822509766,0.002122301608324051,0.29935047030448914,0,0.21448826789855957,0.23538386821746826,0.9857704043388367,1.3628104,1.358735,257,23519,23776,0.4843273,0.4194961190223694,-0.17472172,0.9939704537391663,0.9792001,2.216812,5.895176,0,0.95579475,1.5319461822509766,2.264084815979004,0,0.06658376008272171,2.2242954,5.895176,0,0.96033
A549,4,control,20,0,0,3,0.183049738407135,0.019391702488064766,0.2660216987133026,0.006109148729592562,0.19415928423404694,1.7742550373077393,0.0027764977421611547,0.4048636257648468,0,0.23581989109516144,0.2601218521595001,1.1229115724563599,1.5398115,1.533975,769,54159,54928,0.30689958,0.31663572788238525,0.06511427,0.9890860319137573,0.9488888,2.0227869,7.972886,0,2.7043648,1.7742550373077393,3.274855613708496,0,0.10972236096858978,2.026316,7.972886,0,2.7403162
A549,4,control,20,0,0,4,0.14043201506137848,0.00920146331191063,0.1791791021823883,0.004797603469341993,0.13718363642692566,1.853065013885498,0.002897546859458089,0.31256815791130066,0,0.1800185590982437,0.20581519603729248,1.1226824522018433,1.6002407,1.5911098,703,36065,36768,0.071122065,0.623734176158905,-0.35876036,0.9951329827308655,0.9586371,2.5570297,8.8479805,0,3.258784,1.853065013885498,3.2886157035827637,0,0.09963720291852951,2.5707521,8.8479805,0,3.3105156
A549,4,control,20,0,0,5,0.10889909416437149,0.0035473823081701994,0.12287238985300064,0.0022856302093714476,0.13634449243545532,0.9229524731636047,0.0011805669637396932,0.22852486371994019,0.043170101940631866,0.1646907478570938,0.1820918172597885,0.715795636177063,0.87476546,0.8732383,500,51548,52048,0.41090262,0.8601601123809814,0.3476283,0.9911417961120605,0.96151996,1.2508733,4.806387,0,0.5833852,0.9229524731636047,1.2489244937896729,0.5069882273674011,0.021016176789999008,1.2540541,4.806387,0,0.58778685
A549,4,control,21,0,0,1,0.17957398295402527,0.002360208658501506,0.18370243906974792,0.001656066277064383,0.15427663922309875,1.0564873218536377,0.0012691803276538849,0.2516885995864868,0.06957562267780304,0.18236732482910156,0.20004962384700775,0.7607672810554504,0.93021643,0.9279957,277,20859,21136,0.88544,0.7547962069511414,0.5292792,0.9889665842056274,0.9823465,1.4243282,4.059439,0,0.26234025,1.0564873218536377,1.4684284925460815,0.7137401103973389,0.023992076516151428,1.4292129,4.059439,0,0.26368475
A549,4,control,21,0,0,2,0.24427565932273865,0.008415148593485355,0.25989627838134766,0.004893521778285503,0.17468899488449097,1.1694139242172241,0.002204063581302762,0.35717591643333435,0.08047158271074295,0.21022650599479675,0.2391362339258194,0.8225528001785278,1.2738733,1.2691579,388,36748,37136,0.8004672,0.3409309983253479,0.30039403,0.9732211828231812,0.95928085,2.1953616,5.261554,0,0.746828,1.1694139242172241,2.4947855472564697,0.7027082443237305,0.14814172685146332,2.2061942,5.261554,0,0.7419183
A549,4,control,22,0,0,1,0.20528224110603333,0.003719691652804613,0.2053447961807251,0.0037079774774610996,0.11681972444057465,0.9208746552467346,0.0005462131812237203,0.1767481565475464,0.05213652551174164,0.13550707697868347,0.14598038792610168,0.6505301594734192,1.1273301,1.1236981,200,26056,26256,0.38389498,0.788754940032959,-0.08712154,0.9974013566970825,0.9709218,1.8697795,4.0622845,0,0.30790466,0.9208746552467346,1.2431432008743286,0.7678520679473877,0.007568086497485638,1.8770629,4.0622845,0,0.30324548
A549,4,control,22,0,0,2,0.18861845135688782,0.002449222607538104,0.19042497873306274,0.002128669759258628,0.13667738437652588,0.788755476474762,0.0009273564792238176,0.23407292366027832,0.06337742507457733,0.1610826700925827,0.17695197463035583,0.5959216952323914,0.94159514,0.9361797,469,29467,29936,0.93288726,0.5388940572738647,0.4213493,0.9943485260009766,0.97226834,1.4239126,3.4500175,0,0.20204891,0.788755476474762,1.1729836463928223,0.5605418682098389,0.010267583653330803,1.4340218,3.4500175,0,0.19857816
A549,4,control,22,0,0,3,0.22681322693824768,0.0017471632454544306,0.22681322693824768,0.0017471632454544306,0.26719221472740173,1.0667649507522583,0.0004534464387688786,0.31860870122909546,0.20616672933101654,0.2836015522480011,0.2933322787284851,0.9730520844459534,1.3689369,1.3680142,87,37241,37328,1,0.5482690930366516,0.7292324,0.997955322265625,0.9758095,1.9493121,3.9698532,0.82586026,0.23665027,1.0667649507522583,1.3151509761810303,0.9371612071990967,0.006193195935338736,1.9513739,3.9698532,0.82586026,0.23536482
A549,4,control,22,0,0,4,0.15684327483177185,0.00830412283539772,0.18640848994255066,0.004358258098363876,0.14787021279335022,1.3176779747009277,0.0022451349068433046,0.30350545048713684,0.054715245962142944,0.1831696331501007,0.21283839643001556,0.8192581534385681,1.0245144,1.02293,300,38564,38864,0.7216115,-0.119451284,0.2042829,0.983625590801239,0.9672914,1.763036,5.2267933,0,1.0240473,1.3176779747009277,2.380485773086548,0.8129547238349915,0.12299635261297226,1.7665008,5.2267933,0,1.0295019
A549,4,control,23,0,0,1,0.07890979945659637,0.0006019645952619612,0.08053704351186752,0.0004833248967770487,0.09566190093755722,0.3256126344203949,0.00017308290989603847,0.12564754486083984,0.06524866074323654,0.10645727813243866,0.11254851520061493,0.2500455379486084,0.2676083,0.26755315,100,31724,31824,0.7493273,0.7254858016967773,0.86071193,0.9956667423248291,0.9829589,0.35674655,0.71374166,0,0.008588518,0.3256126344203949,0.3968096971511841,0.25845587253570557,0.0011097360402345657,0.3568447,0.71374166,0,0.008609028
A549,4,control,23,0,0,2,0.09680406749248505,0.00308720744214952,0.12216445058584213,0.0007978453650139272,0.10314350575208664,0.36414194107055664,0.0007257354445755482,0.19817358255386353,0.043712448328733444,0.12380792945623398,0.1397646814584732,0.27412906289100647,0.32030198,0.31974202,300,24436,24736,0.90805376,0.054484784603118896,0.53346914,0.9877949357032776,0.98465085,0.39133716,0.8926526,0,0.049507853,0.36414194107055664,0.5432242751121521,0.2298431545495987,0.004522227216511965,0.39167103,0.8926526,0,0.050050948
A549,4,control,23,0,0,3,0.15234479308128357,0.008096874691545963,0.19239722192287445,0.0025196124333888292,0.15939433872699738,0.6493344902992249,0.0017811127472668886,0.275121808052063,0.051107991486787796,0.19387443363666534,0.21405863761901855,0.4281899631023407,0.4766011,0.47583893,600,37512,38112,0.75886905,-0.061729282,0.39180666,0.9883263111114502,0.98105234,0.708324,1.9856595,0,0.17179815,0.6493344902992249,1.0327955484390259,0.38689860701560974,0.013273417018353939,0.70926756,1.9856595,0,0.17427719
A549,4,control,23,0,0,4,0.07369241118431091,0.005184130743145943,0.13082857429981232,0.0017285151407122612,0.04826842620968819,0.32014000415802,0.0019677141681313515,0.15576191246509552,0,0.08841070532798767,0.105221226811409,0.31595075130462646,0.39513752,0.39335033,845,36595,37440,0.6561709,0.4754915237426758,0.24924472,0.9909223318099976,0.97789097,0.47307876,1.6153134,0,0.19651946,0.32014000415802,0.8841714262962341,0,0.07295763492584229,0.47661015,1.6153134,0,0.19881997
A549,4,control,24,0,0,1,0.068763367831707,0.0018517703283578157,0.08808627724647522,0.0006700457306578755,0.06596506386995316,0.26637494564056396,0.000846872862894088,0.14394649863243103,0,0.08915682137012482,0.10308973491191864,0.21057263016700745,0.2675949,0.26681763,400,28944,29344,0.40708482,-0.202499643,-0.23574127,0.9872496724128723,0.9758495,0.3230069,0.88261384,0,0.03525155,0.26637494564056396,0.4779467284679413,0,0.005666473880410194,0.32378954,0.88261384,0,0.03561548
A549,4,control,24,0,0,2,0.27033716440200806,0.0031810232903808355,0.27101805806159973,0.00300450436770916,0.22342544794082642,1.6862295866012573,0.003391616279259324,0.39092183113098145,0.11132976412773132,0.27019834518432617,0.30463990569114685,1.1522159576416016,1.3055997,1.3030045,330,19174,19504,0.58250797,0.7841846346855164,0.22582616,0.9924555420875549,0.97073275,2.1728814,4.5609765,0,0.38475835,1.6862295866012573,2.5601980686187744,1.2510701417922974,0.03867620229721069,2.181257,4.5609765,0,0.3865685
A549,4,control,25,0,0,1,0.22209703922271729,0.004510404076427221,0.22847944498062134,0.003181769512593746,0.1691018044948578,1.0777695178985596,0.0015013169031590223,0.3268130421638489,0.0775730088353157,0.1996886134147644,0.220744326710701,0.6454393863677979,0.77404916,0.772213,831,57377,58208,0.86534244,0.49222272634506226,0.38120854,0.9891802072525024,0.9778009,1.5577953,3.2211266,0,0.23776615,1.0777695178985596,1.7541629076004028,0.6023648381233215,0.04448983818292618,1.5647476,3.2211266,0,0.2371798
A549,4,control,25,0,0,2,0.18375927209854126,0.0020321414340287447,0.18511545658111572,0.0017960864352062345,0.1405670940876007,1.089821219444275,0.0011028521694242954,0.23290622234344482,0.05339565873146057,0.16665078699588776,0.18292468786239624,0.6746152639389038,0.82433444,0.82224274,492,34724,35216,0.8469481,0.8837745785713196,0.45019603,0.9927014708518982,0.98562264,1.4942341,2.8070009,0,0.118392356,1.089821219444275,1.3893005847930908,0.7470189332962036,0.015422035939991474,1.499964,2.8070009,0,0.11750118
A549,4,control,29,0,0,1,0.09812314808368683,0.0011583557352423668,0.09916522353887558,0.001067319419234991,0.13197575509548187,0.8468335866928101,0.0034565322566777468,0.27145785093307495,0.015496929176151752,0.18135829269886017,0.21531230211257935,0.5754961371421814,0.45569694,0.4570175,300,26916,27216,0.8979341,0.8157135844230652,0.7618514,0.9880520105361938,0.98396695,0.7652102,1.4820074,0,0.035155527,0.8468335866928101,1.1626051664352417,0.5131880044937134,0.01675429195165634,0.76430035,1.4820074,0,0.035285536
A549,4,control,3,0,0,1,0.14777229726314545,0.011971789412200451,0.21127928793430328,0.003699103370308876,,,,,,,,,1.0923647,1.0923647,0,23664,23664,0.6264393,,0.598869,,0.97847486,1.3838177,4.9845347,0,1.0638474,,,,,1.3838177,4.9845347,0,1.0638474
A549,4,control,3,0,0,2,0.15137667953968048,0.0011477679945528507,0.15138858556747437,0.0011460564564913511,0.14660902321338654,0.8842288851737976,0.0023113316856324673,0.271228551864624,0.059211306273937225,0.18723133206367493,0.21226976811885834,0.6805079579353333,0.7979438,0.79674363,260,25180,25440,0.95396024,0.814895749092102,0.75260866,0.987321674823761,0.9908718,1.1483355,1.8367413,0,0.03030294,0.8842288851737976,1.252699375152588,0.5815195441246033,0.018722843378782272,1.1510626,1.8367413,0,0.029694837
A549,4,control,3,0,0,3,0.2205541729927063,0.03478332236409187,0.36083483695983887,0.006288658827543259,0.2621537446975708,3.0705318450927734,0.001766621950082481,0.3565395176410675,0.18466098606586456,0.29625529050827026,0.3183058202266693,1.5845236778259277,2.116341,2.1136885,100,19948,20048,0.49244416,0.15914006531238556,0.56815684,0.9981508255004883,0.9516735,2.6415124,9.170211,0,5.224252,3.0705318450927734,4.006791114807129,2.4785268306732178,0.08522289991378784,2.6393616,9.170211,0,5.2490873
A549,4,control,3,0,0,4,0.16186639666557312,0.0023993439972400665,0.16186639666557312,0.0023993439972400665,0.12625133991241455,1.0741937160491943,0.0011714199790731072,0.2430429905653,0.040998004376888275,0.1537841260433197,0.17143729329109192,0.7963151335716248,1.1590315,1.1507487,635,27173,27808,0.17568852,0.34615862369537354,0.1771215,0.9625970125198364,0.90712583,1.5988657,5.6565523,0.6661691,0.41116557,1.0741937160491943,1.947190284729004,0.6661691069602966,0.08166996389627457,1.6111265,5.6565523,0.7280759,0.41228217
A549,4,control,3,0,0,5,0.1681041717529297,0.03270340710878372,0.3516855239868164,0.0038548812735825777,0.3251264989376068,3.4192581176757812,0.0036077580880373716,0.5181645154953003,0.11975489556789398,0.3733024001121521,0.4033145308494568,1.7739403247833252,1.808694,1.808073,463,25441,25904,0.73991793,0.04863819107413292,0.45399904,0.9935340881347656,0.984533,1.7813643,6.308976,0,3.6268036,3.4192581176757812,4.839449882507324,2.2771875858306885,0.22965209186077118,1.7515563,6.308976,0,3.638917
A549,4,control,3,0,0,6,0.5753714442253113,0.002326057758182287,0.5753714442253113,0.002326057758182287,,,,,,,,,9.553804,9.553804,0,38464,38464,0.7595335,,0.6385021,,0.9845659,7.6959243,11.571131,4.779542,0.67677224,,,,,7.6959243,11.571131,4.779542,0.67677224
A549,4,control,3,0,0,7,0.20726072788238525,0.004365869332104921,0.20767316222190857,0.004288912750780582,0.18733833730220795,3.757582664489746,0.0033542041201144457,0.3006548285484314,0.02249322459101677,0.23595812916755676,0.25830698013305664,2.3264589309692383,2.3198154,2.3198826,291,28413,28704,0.5213081,0.3608703017234802,0.62444204,0.9762482643127441,0.9674726,4.151007,7.560168,0,0.85194486,3.757582664489746,4.998806953430176,2.4427003860473633,0.44214728474617004,4.1550364,7.560168,0,0.8545404
A549,4,control,30,0,0,1,0.16942474246025085,0.0198403038084507,0.2800666391849518,0.0018098006257787347,0.23809021711349487,0.7618686556816101,0.002610802883282304,0.3612247109413147,0,0.2751946747303009,0.293327659368515,0.4170415699481964,0.43168625,0.43154487,389,39899,40288,0.7622353,0.5252048969268799,0.50439966,0.9954031705856323,0.99301064,0.53939784,1.3659668,0,0.19751462,0.7618686556816101,1.1428089141845703,0,0.018108276650309563,0.5372288,1.3659668,0,0.19877651
A549,4,control,31,0,0,1,0.1170966774225235,0.009779363870620728,0.1909421980381012,0.0018463642336428165,0.15113693475723267,0.8510258793830872,0.001115881954319775,0.26637065410614014,0.06491580605506897,0.1768026351928711,0.19502174854278564,0.4539528489112854,0.5488717,0.54787356,300,28228,28528,0.6292274,0.730815052986145,0.22229421,0.9958904385566711,0.9874298,0.73767567,2.2728899,0,0.38451293,0.8510258793830872,1.2429851293563843,0.5868719220161438,0.017856745049357414,0.736471,2.2728899,0,0.3882716
A549,4,control,31,0,0,2,0.23192839324474335,0.004606188274919987,0.2413356900215149,0.002522702794522047,0.21518786251544952,2.040543794631958,0.0019924480002373457,0.3249167501926422,0.10523613542318344,0.25169801712036133,0.2735503911972046,1.1397795677185059,1.1026069,1.1029453,235,25573,25808,0.7499304,0.6419086456298828,0.37393993,0.9954471588134766,0.98379016,2.424676,4.7993236,0,0.5628615,2.040543794631958,2.7067275047302246,1.5076079368591309,0.0654708743095398,2.4282062,4.7993236,0,0.56606376
A549,4,control,33,0,0,1,0.13726337254047394,0.008798119612038136,0.18847869336605072,0.0024278510827571154,0.12803716957569122,1.043182373046875,0.0017707903170958161,0.2637310028076172,0,0.16071364283561707,0.18152867257595062,0.5487185120582581,0.66309077,0.66094774,808,42312,43120,0.5581688,0.4928054213523865,0.3883342,0.9821451306343079,0.9728123,1.1790501,3.6699827,0,0.6724644,1.043182373046875,1.918525218963623,0,0.06682147830724716,1.1816448,3.6699827,0,0.6836705
A549,4,control,34,0,0,1,0.271616131067276,0.0060924356803298,0.2788781225681305,0.004230121616274118,0.2440832108259201,0.9589590430259705,0.000858413870446384,0.35923781991004944,0.1496119350194931,0.2670976519584656,0.27977195382118225,0.6248534917831421,0.6868786,0.686404,365,47331,47696,0.7783763,0.849943220615387,0.33531404,0.996259868144989,0.9675661,1.2923969,2.7517152,0,0.1968403,0.9589590430259705,1.379587173461914,0.6523718237876892,0.015009081922471523,1.2949682,2.7517152,0,0.19737853
A549,4,control,34,0,0,2,0.06611199676990509,0.010009289719164371,0.20605699717998505,0.002360178856179118,0.1760936677455902,1.0874691009521484,0.001757840858772397,0.2881613075733185,0.05652861297130585,0.21026749908924103,0.23131664097309113,0.5592989325523376,0.58219045,0.58204377,430,66690,67120,0.8189496,0.629682183265686,0.28063565,0.9907901883125305,0.9647389,0.4343181,2.8869383,0,0.43927997,1.0874691009521484,1.704870343208313,0.5713258981704712,0.04213395342230797,0.43010673,2.8869383,0,0.4390723
A549,4,control,34,0,0,3,0.2803460955619812,0.0039272247813642025,0.2850484848022461,0.002652678405866027,0.2523645758628845,1.7935221195220947,0.001710526063106954,0.38752156496047974,0.13213516771793365,0.28492406010627747,0.3076169788837433,1.0616061687469482,1.117574,1.1163245,877,38403,39280,0.76655567,0.619208812713623,0.555234,0.9959377646446228,0.9772879,2.1356778,4.4882917,0,0.2799213,1.7935221195220947,2.4825384616851807,1.2473593950271606,0.04161357879638672,2.1434915,4.4882917,0,0.2826289
A549,4,control,34,0,0,4,0.11079901456832886,0.007655311841517687,0.17104537785053253,0.001512985909357667,0.14557796716690063,0.8510305285453796,0.0017956818919628859,0.25888147950172424,0,0.17917025089263916,0.1969536989927292,0.47411036491394043,0.47836456,0.47833544,296,42952,43248,0.87253106,0.8298931121826172,0.56759834,0.9952316284179688,0.98795676,0.72360504,2.0594194,0,0.32365653,0.8510305285453796,1.3341485261917114,0,0.021801847964525223,0.72272694,2.0594194,0,0.325624
A549,4,control,35,0,0,1,0.13603447377681732,0.004221288952976465,0.1589503139257431,0.001289909123443067,0.17266538739204407,0.6870790719985962,0.0017033019103109837,0.29712653160095215,0.0730699896812439,0.206536203622818,0.22860538959503174,0.4772844612598419,0.36003992,0.36142415,388,32476,32864,0.92987454,0.8359261155128479,0.828469,0.9903787970542908,0.98005855,0.5699894,1.1648647,0,0.06791868,0.6870790719985962,0.9676864147186279,0.4940358102321625,0.008606106042861938,0.56859046,1.1648647,0,0.06846155
A549,4,control,36,0,0,1,0.1671920120716095,0.0009668239508755505,0.1671920120716095,0.0009668239508755505,0.1730419099330902,0.8596155047416687,0.0004148626758251339,0.2444930374622345,0.12236659228801727,0.1894746720790863,0.20033523440361023,0.6097505688667297,0.6760958,0.67511195,400,26576,26976,0.9920789,0.6303432583808899,0.76506543,0.9885759949684143,0.9844458,1.1837912,2.179554,0.5680258,0.069013424,0.8596155047416687,1.207375407218933,0.5680258274078369,0.019593819975852966,1.1886703,2.179554,0.57230854,0.06815171
A549,4,control,36,0,0,2,0.3384398818016052,0.007645723409950733,0.342282235622406,0.006417351774871349,0.2994127869606018,1.049415111541748,0.0025833866093307734,0.4277014434337616,0.21654468774795532,0.3395920991897583,0.3730141818523407,0.7667644023895264,0.9043714,0.90322024,193,22879,23072,0.5475292,0.5382605791091919,0.01625844,0.9910958409309387,0.96211845,1.5309937,3.209866,0,0.25305283,1.049415111541748,1.5279299020767212,0.8048686385154724,0.020241951569914818,1.535056,3.209866,0,0.25304386
A549,4,control,36,0,0,3,0.2827056050300598,0.040930576622486115,0.4211786687374115,0.0026570423506200314,0.302450567483902,1.6050437688827515,0.000437839247751981,0.3480946123600006,0.23554225265979767,0.3196053206920624,0.32788199186325073,0.9982951283454895,1.2413588,1.2401882,100,20668,20768,0.9770096,-0.064946815,0.54666144,0.9984205365180969,0.986472,1.5809298,3.655995,0,1.2861143,1.6050437688827515,1.9058815240859985,1.3556159734725952,0.011688641272485256,1.580813,3.655995,0,1.2922778
A549,4,control,4,0,0,1,0.1357978880405426,0.001399655477143824,0.13585780560970306,0.0013921302743256092,0.1960870921611786,1.2744758129119873,0.0018496958073228598,0.30030113458633423,0.08149703592061996,0.2301667332649231,0.2503209412097931,1.043763518333435,1.1012598,1.1003071,676,40124,40800,0.27734703,0.8499795198440552,0.83164364,0.9900814294815063,0.97919446,1.6669533,4.3699756,0,0.25299856,1.2744758129119873,1.7234411239624023,0.8443609476089478,0.029345732182264328,1.6735656,4.3699756,0,0.25412768
A549,4,control,4,0,0,2,0.17166969180107117,0.006487102247774601,0.1932920217514038,0.0031247478909790516,0.15279574692249298,2.0775771141052246,0.0013677849201485515,0.27175086736679077,0.022897180169820786,0.1819295436143875,0.20052362978458405,1.3108793497085571,1.5292675,1.5259316,600,38680,39280,0.892013,0.40524980425834656,0.7678169,0.9908156394958496,0.98390335,2.604665,7.9351034,0,1.3251644,2.0775771141052246,3.0251340866088867,1.3902596235275269,0.09440360963344574,2.6128407,7.9351034,0,1.3398795
A549,4,control,4,0,0,3,0.2490125298500061,0.007113385014235973,0.2630951404571533,0.003810605499893427,0.2478024661540985,1.7594943046569824,0.003553749294951558,0.4148622155189514,0.07721109688282013,0.2949776351451874,0.31956946849823,1.2731598615646362,1.3888915,1.3876839,400,37936,38336,0.9398238,0.647246241569519,0.76935494,0.9939257502555847,0.9890317,2.343265,4.9964604,0,0.6134947,1.7594943046569824,2.466071128845215,1.3214457035064697,0.038705527782440186,2.3494203,4.9964604,0,0.6159241
A549,4,control,4,0,0,4,0.5331298112869263,0.00510227819904685,0.534227728843689,0.004526234231889248,0.41379836201667786,3.6081111431121826,0.005142815411090851,0.5730069279670715,0.2772926092147827,0.47559991478919983,0.51157146692276,3.7862255573272705,4.857712,4.854605,79,27169,27248,0.9167934,0.5456402897834778,0.7954458,0.9963298439979553,0.9851568,5.526585,9.77371,0,0.9562393,3.6081111431121826,4.109837055206299,3.008094549179077,0.06745060533285141,5.532163,9.77371,0,0.94809055
A549,4,control,42,0,0,1,0.0890272781252861,0.00438466714695096,0.13097156584262848,0.0009569503599777818,0.1618001013994217,0.7976570129394531,0.0010392189724370837,0.2274584025144577,0.09121666848659515,0.18857061862945557,0.20504017174243927,0.48628467321395874,0.41317603,0.4133868,100,34588,34688,0.973934,0.6705220341682434,0.88762444,0.9931286573410034,0.98264813,0.6267207,1.6362629,0,0.20189336,0.7976570129394531,1.048396110534668,0.5561369061470032,0.011834901757538319,0.62622654,1.6362629,0,0.20235813
A549,4,control,5,0,0,1,0.04172259941697121,0.003672981634736061,0.11492164433002472,0.0017047881847247481,0.06328262388706207,0.7897984981536865,0.002008413430303335,0.17311348021030426,0,0.10010085999965668,0.11926458030939102,0.6513250470161438,0.7554633,0.75424755,300,25396,25696,0.669388,-0.297763437,0.45574164,0.9924442768096924,0.9880636,0.50690645,2.5690548,0,0.48268414,0.7897984981536865,1.5801624059677124,0,0.2053326666355133,0.5035648,2.5690548,0,0.48500386
A549,4,control,5,0,0,2,0.05451108515262604,0.005928753409534693,0.14199650287628174,0.0030212479177862406,0.10790808498859406,1.8975703716278076,0.0028711536433547735,0.2719605565071106,0,0.15091940760612488,0.17613078653812408,1.0836528539657593,1.2153527,1.21389,456,40600,41056,0.88246536,0.17767493426799774,0.63898325,0.9929666519165039,0.99158615,0.91890734,4.6073294,0,1.4444195,1.8975703716278076,3.1138453483581543,0,0.2984330356121063,0.90791553,4.6073294,0,1.4464122
A549,4,control,5,0,0,3,0.17407558858394623,0.011571076698601246,0.21785809099674225,0.004942995496094227,0.18239983916282654,4.548152923583984,0.0025883428752422333,0.3076077401638031,0.05259333923459053,0.22273530066013336,0.2472103387117386,2.319927453994751,2.7589176,2.7574263,113,33151,33264,0.8234262,0.49513494968414307,0.5425538,0.99880051612854,0.98599064,5.130845,13.532413,0,7.97044,4.548152923583984,4.9929962158203125,3.5556859970092773,0.0861436203122139,5.1328316,13.532413,0,7.996153
A549,4,control,5,0,0,4,0.26352444291114807,0.027761226519942284,0.3534470200538635,0.005451349075883627,0.26405003666877747,2.465041160583496,0.0012255125911906362,0.34526556730270386,0.18136869370937347,0.2923095226287842,0.30773502588272095,1.6686773300170898,2.209498,2.2067842,200,39656,39856,0.90272397,0.0822676569223404,0.608267,0.9973288774490356,0.98532337,2.7003956,6.987089,0,2.946413,2.465041160583496,2.961003065109253,1.932765007019043,0.04332103207707405,2.701583,6.987089,0,2.9607737
A549,4,control,5,0,0,5,0.10265976935625076,0.009628849104046822,0.17573504149913788,0.0036409692838788033,0.1142367571592331,1.1032872200012207,0.001669950084760785,0.23849767446517944,0,0.14593710005283356,0.1616862267255783,0.7473621368408203,1.05817,1.056771,200,44232,44432,0.7256545,-0.087472342,0.5933321,0.9907004833221436,0.9852267,1.1551795,4.3264427,0,1.1029487,1.1032872200012207,1.6196556091308594,0,0.07668258994817734,1.155414,4.3264427,0,1.1075771
A549,4,control,5,0,0,6,0.2842158079147339,0.002705026650801301,0.2842334806919098,0.002700166078284383,,,,,,,,,4.4373283,4.4373283,0,32128,32128,0.85823303,,0.6620901,,0.9922074,7.2767105,12.537527,0,1.1314064,,,,,7.2767105,12.537527,0,1.1314064
A549,4,control,6,0,0,1,0.14489449560642242,0.001155487960204482,0.14490923285484314,0.0011534701334312558,0.1633087545633316,0.909557580947876,0.0027413289062678814,0.29094022512435913,0.03927476331591606,0.20743873715400696,0.23052798211574554,0.7151538133621216,0.7699418,0.76953954,361,48807,49168,0.916191,0.9051134586334229,0.79080087,0.9923877716064453,0.98430985,1.0732844,2.1011746,0,0.0512245,0.909557580947876,1.3337278366088867,0.602645754814148,0.014531921595335007,1.0744954,2.1011746,0,0.051296152
A549,4,control,6,0,0,2,0.13228848576545715,0.0007685483433306217,0.13228848576545715,0.0007685483433306217,0.16434289515018463,0.9278578162193298,0.001754067256115377,0.24758565425872803,0.08858340233564377,0.19908739626407623,0.22533832490444183,0.7406315803527832,0.7485596,0.74848527,182,19242,19424,0.8498846,0.9703100919723511,0.8903442,0.9939653873443604,0.99337107,1.029824,2.0592718,0.64460415,0.026810048,0.9278578162193298,1.1493401527404785,0.7480933666229248,0.007067466154694557,1.0307885,2.0592718,0.64460415,0.02689751
A549,4,control,7,0,0,1,0.17300459742546082,0.004599838051944971,0.1862870454788208,0.002478645881637931,0.26319319009780884,1.8392246961593628,0.002497172448784113,0.3826001286506653,0.11176185309886932,0.30333995819091797,0.3260003328323364,1.534907341003418,1.2418953,1.2439772,310,43322,43632,0.9038193,0.9653798341751099,0.9605262,0.9932057857513428,0.9886837,2.006993,4.368871,0,0.42314503,1.8392246961593628,2.3398728370666504,1.2870590686798096,0.04452778771519661,2.0081935,4.368871,0,0.42565146
A549,4,control,7,0,0,2,0.15879938006401062,0.0018401211127638817,0.15886043012142181,0.0018311303574591875,0.17392253875732422,1.914865255355835,0.002817637985572219,0.3198740482330322,0.03665383905172348,0.21798451244831085,0.24217364192008972,1.4017680883407593,1.6477269,1.6452006,588,56660,57248,0.9461959,0.9082005620002747,0.788722,0.9956929683685303,0.98229295,2.7395542,5.9111185,0,0.4539873,1.914865255355835,2.5807693004608154,1.4546695947647095,0.047943104058504105,2.7481124,5.9111185,0,0.45106983
A549,4,control,7,0,0,3,0.31684979796409607,0.009076805785298347,0.3346637189388275,0.003625459736213088,0.25675806403160095,3.6240904331207275,0.0017297849990427494,0.38761869072914124,0.14730803668498993,0.29004737734794617,0.31066301465034485,2.2173218727111816,2.4498196,2.446203,500,31644,32144,0.8783559,0.29517966508865356,0.6927779,0.9958996176719666,0.99008656,4.2741175,8.255891,0,1.4827832,3.6240904331207275,4.904223918914795,2.7793307304382324,0.140974760055542,4.2843885,8.255891,0,1.497203
A549,4,control,7,0,0,4,0.32617616653442383,0.011635738424956799,0.3507457375526428,0.003894524183124304,0.2671266496181488,3.6599183082580566,0.002280087675899267,0.4571937918663025,0.14503765106201172,0.30369141697883606,0.33091941475868225,2.2963356971740723,2.8491862,2.8435836,400,39072,39472,0.90688944,0.7033209204673767,0.6516122,0.9974309802055359,0.9879085,4.9241614,9.63767,0,2.6666906,3.6599183082580566,4.870960712432861,2.7595102787017822,0.12842108309268951,4.937104,9.63767,0,2.6761458
A549,4,control,8,0,0,1,0.21190200746059418,0.0013876368757337332,0.21190200746059418,0.0013876368757337332,0.18275465071201324,1.4805865287780762,0.0008322256035171449,0.24601522088050842,0.12309538573026657,0.2065432220697403,0.22083334624767303,1.1310319900512695,1.4672643,1.4654012,100,17948,18048,0.8921425,0.5433849096298218,0.71685725,0.9967851638793945,0.98837245,2.0943909,3.4698062,1.167313,0.13642938,1.4805865287780762,1.7424932718276978,1.2040739059448242,0.013850940391421318,2.0978107,3.4698062,1.167313,0.13500153
A549,4,control,8,0,0,2,0.2142040878534317,0.04290199279785156,0.4016454517841339,0.005158810410648584,,,,,,,,,2.8697824,2.8697824,0,23472,23472,0.89676815,,0.09105302,,0.981565,2.5837185,8.460979,0,6.313779,,,,,2.5837185,8.460979,0,6.313779
A549,4,control,8,0,0,3,0.09608256816864014,0.009721845388412476,0.18313725292682648,0.0025872779078781605,0.1377216875553131,1.1929917335510254,0.002658073790371418,0.25264403223991394,0,0.17597007751464844,0.196400448679924,0.787102222442627,0.91288704,0.91055596,800,42368,43168,0.81318045,0.1846601963043213,0.68090385,0.9934998750686646,0.9910998,0.8537678,3.6509016,0,0.7176676,1.1929917335510254,1.8700575828552246,0,0.12108244746923447,0.8473624,3.6509016,0,0.7267186
A549,4,control,8,0,0,4,0.11146657913923264,0.0018045222386717796,0.11155319213867188,0.001796263037249446,0.14208726584911346,1.5982493162155151,0.003563172183930874,0.30309605598449707,0.033934593200683594,0.190474733710289,0.2271098792552948,1.137998342514038,1.0557716,1.0568051,259,20349,20608,0.5748831,0.5282304286956787,0.763558,0.9925165176391602,0.9884268,1.7300925,4.0965457,0,0.13225165,1.5982493162155151,2.1511218547821045,1.1649805307388306,0.05404926463961601,1.7317706,4.0965457,0,0.13302293
A549,4,control,8,0,0,5,0.17015588283538818,0.0011823970125988126,0.17015588283538818,0.0011823970125988126,0.17206627130508423,1.1023533344268799,0.002806416479870677,0.29606446623802185,0.0650847852230072,0.21612800657749176,0.24625970423221588,0.8694971203804016,1.0102532,1.007789,442,24806,25248,0.2647143,0.8493260145187378,0.8519198,0.9928303360939026,0.99068034,1.4246596,2.838208,0.7945467,0.07461744,1.1023533344268799,1.5702043771743774,0.8341405391693115,0.013393264263868332,1.4304024,2.838208,0.7945467,0.07382438
A549,4,control,8,0,0,6,0.05698862299323082,0.004260041285306215,0.10655218362808228,0.002683935221284628,0.09857183694839478,1.4317991733551025,0.0032854496967047453,0.2788829803466797,0,0.14416764676570892,0.1801653802394867,0.8759701251983643,0.83103025,0.8312795,200,35848,36048,0.06328396,-0.734971285,0.4107203,0.9494269490242004,0.9850058,0.7531703,3.6252046,0,0.5626063,1.4317991733551025,2.4449644088745117,0.6997590065002441,0.3086692690849304,0.74938416,3.6252046,0,0.5614394
A549,4,AFA,0,1,25.84,1,0.10968343913555145,0.005880181677639484,0.14914430677890778,0.0021103324834257364,0.09875553101301193,0.5989387035369873,0.0007089244318194687,0.1689528226852417,0.018380694091320038,0.120820052921772,0.13335242867469788,0.4932286739349365,0.8054393,0.80406797,100,22668,22768,0.67961955,-0.261652201,0.7301932,0.9930570125579834,0.9822163,0.84354496,2.7462451,0,0.31165427,0.5989387035369873,0.89035564661026,0.4108378291130066,0.007025411352515221,0.84462404,2.7462451,0,0.31273302
A549,4,AFA,1,1,25.84,1,0.15850336849689484,0.0032417348120361567,0.15921324491500854,0.003143230453133583,0.11639045923948288,1.4775863885879517,0.0009056481649167836,0.22039993107318878,0.047130826860666275,0.14016079902648926,0.15576903522014618,1.0044827461242676,1.3007494,1.2984319,100,12684,12784,0.45634082,0.05758073925971985,-0.20175853,0.997064471244812,0.9778614,2.1610866,5.2288957,0,0.42849484,1.4775863885879517,1.9373388290405273,1.1731377840042114,0.022178933024406433,2.1664755,5.2288957,0,0.427986
A549,4,AFA,1,1,25.84,2,0.2433403730392456,0.007465703412890434,0.2433403730392456,0.007465703412890434,0.14768636226654053,1.8782342672348022,0.0008350604912266135,0.2179020643234253,0.07585407048463821,0.17063692212104797,0.18572410941123962,1.2959775924682617,2.2014363,2.1954412,100,15004,15104,0.061276376,0.04293806478381157,-0.5991518,0.9971938729286194,0.94121623,3.5035012,9.185549,1.5480497,2.0561254,1.8782342672348022,2.287604808807373,1.5653622150421143,0.027395812794566154,3.5143332,9.185549,1.5480497,2.051924
A549,4,AFA,1,1,25.84,3,0.12626180052757263,0.008044556714594364,0.17148910462856293,0.003170148003846407,,,,,,,,,1.1990114,1.1990114,0,12816,12816,0.77405643,,0.5246465,,0.976073,1.6567674,4.8188334,0,1.1751282,,,,,1.6567674,4.8188334,0,1.1751282
A549,4,AFA,1,1,25.84,4,0.07886020094156265,0.008819332346320152,0.1647680401802063,0.004271973390132189,0.021586820483207703,0.28199344873428345,0.001391504192724824,0.12138498574495316,0,0.04364292696118355,0.08272046595811844,0.6624631881713867,1.0517143,1.0499977,93,20995,21088,0.4279552,0.005753594916313887,-0.11338778,0.9965156316757202,0.9734097,1.0916548,5.195959,0,1.4867374,0.28199344873428345,1.2657766342163086,0,0.20721599459648132,1.0952412,5.195959,0,1.4894886
A549,4,AFA,1,1,25.84,5,0.14073258638381958,0.010386919602751732,0.19128839671611786,0.004447508603334427,0.14149020612239838,2.4355149269104004,0.0021119420416653156,0.2711714804172516,0.027325082570314407,0.17801807820796967,0.2001754194498062,1.3481217622756958,1.5098767,1.5088847,100,16204,16304,0.79807,0.09869580715894699,0.591418,0.9973507523536682,0.9909946,2.2292151,7.095311,0,2.0551388,2.4355149269104004,3.2037534713745117,1.7424968481063843,0.08654910326004028,2.227942,7.095311,0,2.0670235
A549,4,AFA,1,1,25.84,6,0.08107975125312805,0.008407431654632092,0.17037595808506012,0.002452932298183441,0.1277761310338974,1.1883946657180786,0.0007325333426706493,0.21158835291862488,0.036147307604551315,0.1494569331407547,0.16207683086395264,0.8862219452857971,1.0615263,1.0604461,300,48388,48688,0.85805357,-0.2891078,0.8234662,0.9910769462585449,0.9659385,0.810287,4.1401587,0,0.8393979,1.1883946657180786,1.911866307258606,0.8144820928573608,0.03381427004933357,0.8079427,4.1401587,0,0.8435005
A549,4,AFA,1,1,25.84,7,0.08447443693876266,0.014075533486902714,0.2312818020582199,0.004583408124744892,,,,,,,,,1.5496811,1.5496811,0,27472,27472,0.96212524,,0.86198276,,0.9878188,1.0400009,6.1701674,0,2.077587,,,,,1.0400009,6.1701674,0,2.077587
A549,4,AFA,1,1,25.84,8,0.023388775065541267,0.0018109846860170364,0.07761029154062271,0.0018011893844231963,0.027578983455896378,0.3388715386390686,0.0008330689161084592,0.10710494965314865,0,0.053257085382938385,0.06748645752668381,0.45801663398742676,0.662451,0.6606073,200,21976,22176,0.8075685,-0.090137407,0.27991486,0.9959330558776855,0.96873933,0.3834979,2.9242,0,0.40145838,0.3388715386390686,0.7275559306144714,0,0.08687550574541092,0.383904,2.9242,0,0.40430313
A549,4,AFA,10,1,25.84,1,0.13188216090202332,0.0025269747711718082,0.1323363333940506,0.002475574379786849,0.07370413094758987,0.9240963459014893,0.0005690157413482666,0.17000864446163177,0.015608267858624458,0.09204405546188354,0.10433606058359146,0.6762043833732605,1.174842,1.1682603,200,14952,15152,0.6352186,-0.066980794,0.09635799,0.9929915070533752,0.97452086,1.9710927,4.696719,0,0.3661417,0.9240963459014893,1.397526502609253,0.6456162333488464,0.01900610886514187,1.9850974,4.696719,0,0.35592595
A549,4,AFA,10,1,25.84,2,0.11922060698270798,0.015477699227631092,0.23202165961265564,0.003949700854718685,0.1555233746767044,1.7234548330307007,0.003020399482920766,0.26746171712875366,0,0.19586046040058136,0.21610045433044434,1.0735026597976685,1.3925943,1.3889159,140,12004,12144,0.59974986,0.18545220792293549,0.37033695,0.996288001537323,0.992405,1.3410769,4.5805387,0,1.8081055,1.7234548330307007,2.3094687461853027,0,0.20346572995185852,1.3366172,4.5805387,0,1.8250949
A549,4,AFA,10,1,25.84,3,0.12103591114282608,0.0018820083932951093,0.12156020849943161,0.0018264272948727012,0.08848868310451508,1.9795275926589966,0.0007286026375368237,0.15460796654224396,0.013784512877464294,0.11039554327726364,0.12213002890348434,1.2736668586730957,1.5793945,1.5769969,100,12652,12752,0.8192086,0.10744857788085938,0.16363148,0.9974423050880432,0.978719,2.6813667,5.639827,0,0.5209408,1.9795275926589966,2.555555582046509,1.6375632286071777,0.030047554522752762,2.686914,5.639827,0,0.5208967
A549,4,AFA,10,1,25.84,4,0.11473073065280914,0.002273955848067999,0.12350596487522125,0.0013640865217894316,0.08820708841085434,0.832642674446106,0.0007220804691314697,0.16605502367019653,0.02011170983314514,0.11021889001131058,0.12395865470170975,0.6327617168426514,0.81381977,0.81121033,300,20516,20816,0.6353609,-0.558412313,0.12559745,0.9883502125740051,0.97630113,1.0718911,2.3210828,0,0.16689405,0.832642674446106,1.3452385663986206,0.5328946113586426,0.024867359548807144,1.0753895,2.3210828,0,0.16812162
A549,4,AFA,10,1,25.84,5,0.07615549117326736,0.00833015888929367,0.16035112738609314,0.004038909915834665,0.08819150924682617,2.3879916667938232,0.0028325908351689577,0.24786725640296936,0,0.13011828064918518,0.15587398409843445,1.287955641746521,1.5525817,1.5508871,200,31032,31232,0.6330054,-0.574701607,0.516279,0.9789378643035889,0.9820113,1.7943746,7.8233323,0,3.9001017,2.3879916667938232,4.307785511016846,0,1.0600707530975342,1.7905488,7.8233323,0,3.9161196
A549,4,AFA,10,1,25.84,6,0.04417413845658302,0.004944497719407082,0.13179388642311096,0.003204196924343705,0.06679728627204895,1.5260802507400513,0.0018352214246988297,0.20402413606643677,0,0.10135971754789352,0.12251945585012436,0.9580665230751038,1.0718888,1.0698296,288,15632,15920,0.54453933,-0.120373368,0.59225583,0.9927655458450317,0.9788522,0.83259743,5.3522468,0,1.4697484,1.5260802507400513,2.555887222290039,0,0.2506577670574188,0.8198209,5.3522468,0,1.4831852
A549,4,AFA,11,1,25.84,1,0.05083657428622246,0.003590276464819908,0.10516096651554108,0.001714071142487228,0.08935730904340744,1.1296679973602295,0.0010352018289268017,0.18218080699443817,0,0.11362366378307343,0.13178683817386627,0.7941148281097412,0.8676233,0.8670484,200,25368,25568,0.76868796,0.2633458375930786,0.76891905,0.9959970712661743,0.9820034,0.76783633,3.5874524,0,0.68717766,1.1296679973602295,1.5699148178100586,0.7775903344154358,0.018495719879865646,0.7649836,3.5874524,0,0.6914092
A549,4,AFA,11,1,25.84,2,0.06560532003641129,0.002144375815987587,0.0823047012090683,0.00131577393040061,0.04645249992609024,0.5004320740699768,0.0008268948877230287,0.10565271228551865,0,0.0696089044213295,0.07937600463628769,0.48332706093788147,0.7764809,0.77351135,100,9772,9872,0.39816383,0.023198768496513367,-0.06413542,0.996302604675293,0.98189396,0.96422905,2.6542776,0,0.28757244,0.5004320740699768,0.8108018040657043,0,0.05801921710371971,0.96897525,2.6542776,0,0.28769773
A549,4,AFA,11,1,25.84,3,0.1026744693517685,0.0029914549086242914,0.11290674656629562,0.0021342828404158354,0.08565597236156464,1.5717930793762207,0.001084815594367683,0.20294533669948578,0,0.1115693673491478,0.12754040956497192,1.0081533193588257,1.1882508,1.1859807,700,54836,55536,0.7399751,0.4537143111228943,0.4886547,0.9915294647216797,0.98375297,1.918574,4.6346636,0,0.54375017,1.5717930793762207,2.3401544094085693,0.8849510550498962,0.06663394719362259,1.9230007,4.6346636,0,0.548286
A549,4,AFA,11,1,25.84,4,0.1536632776260376,0.002964043291285634,0.15449431538581848,0.0028516866732388735,0.11166216433048248,1.474082589149475,0.000946439104154706,0.2383360117673874,0.0400238037109375,0.1358148753643036,0.15185889601707458,0.994625449180603,1.2948639,1.2905766,300,20708,21008,0.68091726,0.12908650934696198,0.06016013,0.9932661652565002,0.9808573,2.1549916,6.372403,0,0.45169222,1.474082589149475,2.169715166091919,1.0236622095108032,0.047855693846940994,2.1648562,6.372403,0,0.4507286
A549,4,AFA,11,1,25.84,5,0.16576263308525085,0.002603427041321993,0.16580134630203247,0.0025976160541176796,0.12461764365434647,1.894715666770935,0.0010492866858839989,0.20757628977298737,0.019285045564174652,0.15058866143226624,0.16682739555835724,1.232894778251648,1.564225,1.5542705,386,12462,12848,0.7296284,0.2091328203678131,0.14065927,0.9966830015182495,0.98651457,2.6396825,5.977879,0,0.38712966,1.894715666770935,2.538410186767578,1.3944010734558105,0.03862309455871582,2.6627574,5.977879,0,0.38020203
A549,4,AFA,11,1,25.84,6,0.1576610505580902,0.002029174007475376,0.1576610505580902,0.002029174007475376,0.10717978328466415,0.8407697677612305,0.0005264247301965952,0.18260809779167175,0.04908183217048645,0.12545347213745117,0.13639743626117706,0.6498565673828125,0.9653168,0.95756465,300,11908,12208,0.46962678,0.3077492415904999,-0.14769088,0.996326208114624,0.9768307,1.35693,2.9957795,0.58195084,0.13914461,0.8407697677612305,1.0660053491592407,0.581950843334198,0.007913047447800636,1.3699336,2.9957795,0.64200497,0.13556965
A549,4,AFA,11,1,25.84,7,0.09880474954843521,0.014949123375117779,0.23526865243911743,0.0034903851337730885,0.1860865354537964,1.5490130186080933,0.0017813879530876875,0.31855812668800354,0.07924104481935501,0.22045587003231049,0.23891039192676544,1.050337553024292,0.97153056,0.97198135,200,34760,34960,0.8654221,0.21979588270187378,0.8726677,0.995661199092865,0.95405257,0.89373434,4.330985,0,1.1943668,1.5490130186080933,2.009312152862549,1.1624367237091064,0.036769185215234756,0.88996404,4.330985,0,1.1985425
A549,4,AFA,11,1,25.84,8,0.24341338872909546,0.025680528953671455,0.3353492319583893,0.004549303092062473,0.28756746649742126,2.7174057960510254,0.0027966576162725687,0.4083620607852936,0.16308505833148956,0.32926762104034424,0.3537245988845825,1.5369044542312622,1.7750103,1.7731,100,12364,12464,0.21318097,0.11434224247932434,-0.24358985,0.997032105922699,0.98675495,2.2775877,6.091111,0,2.1779976,2.7174057960510254,3.63853120803833,1.8461178541183472,0.11948660016059875,2.2740304,6.091111,0,2.19307
A549,4,AFA,11,1,25.84,9,0.20172567665576935,0.006336858496069908,0.21456392109394073,0.0039855255745351315,0.14703796803951263,1.4745938777923584,0.0012403710279613733,0.23257362842559814,0.03530433028936386,0.17548084259033203,0.1921587586402893,0.9628638625144958,1.2320945,1.2285259,179,13325,13504,0.5650745,0.1017901748418808,0.12861137,0.9972854256629944,0.99216795,2.0728798,4.2765307,0,0.444841,1.4745938777923584,2.0274503231048584,1.0665487051010132,0.02981119230389595,2.0809166,4.2765307,0,0.44554326
A549,4,AFA,12,1,25.84,1,0.062136732041835785,0.0038792595732957125,0.10864255577325821,0.0017301547341048717,0.07523591816425323,0.7204657196998596,0.0005417425418272614,0.15676023066043854,0.009078308008611202,0.09391698241233826,0.10569923371076584,0.5540890097618103,0.80706114,0.80532867,500,72508,73008,0.86032903,0.3177271783351898,0.7542806,0.9743321537971497,0.9532113,0.7835815,3.7602096,0,0.6101563,0.7204657196998596,1.3675426244735718,0.39760541915893555,0.0314522311091423,0.7840168,3.7602096,0,0.6141192
A549,4,AFA,12,1,25.84,2,0.14471673965454102,0.03569686412811279,0.3748434782028198,0.006200059782713652,0.32816946506500244,3.3096072673797607,0.003222368424758315,0.5042234659194946,0.1468401402235031,0.3736785352230072,0.3999512195587158,1.9533324241638184,2.2729647,2.2704215,457,56983,57440,0.5170251,0.0411888062953949,-0.017926656,0.9911162257194519,0.9317655,1.4267879,9.297918,0,3.51394,3.3096072673797607,4.970322608947754,2.02932071685791,0.33110326528549194,1.4116877,9.297918,0,3.5108075
A549,4,AFA,12,1,25.84,3,0.16448591649532318,0.003138465341180563,0.17123587429523468,0.0021114216651767492,0.16975532472133636,2.264728307723999,0.001321437070146203,0.26424479484558105,0.06702970713376999,0.19831188023090363,0.2163556069135666,1.502633810043335,1.4118271,1.4130046,200,15224,15424,0.9414297,-0.043838572,0.90069497,0.9963182210922241,0.9944329,2.2696588,4.4042315,0,0.29888117,2.264728307723999,2.8487913608551025,1.751464844,0.05346290022134781,2.2697237,4.4042315,0,0.30210498
A549,4,AFA,12,1,25.84,4,0.05161275342106819,0.00590697443112731,0.134772390127182,0.004216802306473255,0.08971768617630005,2.9128291606903076,0.0026717018336057663,0.23272691667079926,0,0.1316603273153305,0.1596589833498001,1.476920485496521,1.796839,1.7949507,192,32336,32528,0.875997,0.45861321687698364,0.43532926,0.9947070479393005,0.96363837,1.7170404,10.310438,0,5.065139,2.9128291606903076,4.255997657775879,1.8513474464416504,0.2534460127353668,1.7099403,10.310438,0,5.085169
A549,4,AFA,12,1,25.84,5,0.07946936786174774,0.0015876695979386568,0.0825059786438942,0.0013977979542687535,0.05707887187600136,1.3664696216583252,0.0006157183670438826,0.1348377764225006,0,0.07690218836069107,0.08968695998191833,0.9196428060531616,1.1904503,1.1861216,400,24624,25024,0.54189986,0.24688716232776642,0.08848733,0.9942020773887634,0.9643102,1.9256113,5.290568,0,0.6125192,1.3664696216583252,1.8637280464172363,0.9102405905723572,0.03041996993124485,1.9346942,5.290568,0,0.6168139
A549,4,AFA,12,1,25.84,6,0.06838314980268478,0.0025118698831647635,0.07833179831504822,0.00209801085293293,0.04552079737186432,1.5820679664611816,0.0011581580620259047,0.15798154473304749,0,0.07355242967605591,0.09109067916870117,0.9710128307342529,1.3321303,1.3213954,400,13056,13456,0.63072115,-0.190168858,0.17466989,0.9915265440940857,0.98386496,2.4761925,6.256999,0,0.77552736,1.5820679664611816,2.362260103225708,0.8792246580123901,0.08245205879211426,2.5035858,6.256999,0,0.77151775
A549,4,AFA,13,1,25.84,1,0.19867552816867828,0.003184836357831955,0.19867552816867828,0.003184836357831955,0.11144962161779404,1.07706880569458,0.00026522731059230864,0.15415368974208832,0.06604734808206558,0.12439120560884476,0.13237255811691284,0.819430410861969,1.7511997,1.7466924,100,20572,20672,0.7174558,-0.013593649,-0.102920026,0.9983740448951721,0.9503589,2.412107,4.896851,0.9467079,0.5416638,1.07706880569458,1.2523486614227295,0.9528940916061401,0.00423428975045681,2.4185965,4.896851,0.9467079,0.53557026
A549,4,AFA,13,1,25.84,2,0.08399973809719086,0.0018413243815302849,0.08561535179615021,0.001738418242894113,0.05829383432865143,1.1928129196166992,0.0007329137879423797,0.13961438834667206,0,0.07982384413480759,0.09388124197721481,0.8157641887664795,1.2461141,1.2339022,400,13696,14096,0.313158,-0.60347867,-0.53740364,0.9851581454277039,0.9658459,2.1073616,4.8316455,0,0.5443296,1.1928129196166992,1.956006646156311,0.6877403259277344,0.07216902077198029,2.1340714,4.8316455,0,0.5329783
A549,4,AFA,13,1,25.84,3,0.04998999089002609,0.004023675806820393,0.10313339531421661,0.0028203087858855724,0.0755099281668663,1.519523024559021,0.0007940984796732664,0.15548287332057953,0.0189092718064785,0.09771446138620377,0.11324909329414368,0.9776076674461365,1.0966226,1.0962315,100,30316,30416,0.9521008,0.18204323947429657,0.6589087,0.9958252310752869,0.98698074,1.0961782,5.112083,0,1.4193492,1.519523024559021,2.276017665863037,1.0940641164779663,0.035490330308675766,1.0947818,5.112083,0,1.423321
A549,4,AFA,13,1,25.84,4,0.0662672147154808,0.003152759512886405,0.09320418536663055,0.0019236868247389793,0.07615924626588821,1.5200555324554443,0.0014044686686247587,0.1747627556324005,0,0.10613256692886353,0.1250058263540268,0.962165117263794,1.0171268,1.0166682,200,23768,23968,0.82276016,0.06319548189640045,0.7138064,0.9969813823699951,0.9902747,1.2975024,3.956859,0,0.7276961,1.5200555324554443,2.166019916534424,1.0585023164749146,0.028494274243712425,1.2956296,3.956859,0,0.7331593
A549,4,AFA,13,1,25.84,5,0.07819414138793945,0.0012112647527828813,0.07990991324186325,0.001100735506042838,0.0735783502459526,1.5001230239868164,0.000350630289176479,0.11024845391511917,0.024926871061325073,0.0887661725282669,0.09575572609901428,1.050197720527649,1.0316827,1.0318367,100,11916,12016,0.9758697,-0.022504998,0.9639262,0.9980500936508179,0.99710834,1.5403092,2.4473033,0,0.041609555,1.5001230239868164,1.8206099271774292,1.2897372245788574,0.01165769249200821,1.5406466,2.4473033,0,0.041847248
A549,4,AFA,14,1,25.84,1,0.053836144506931305,0.006589144002646208,0.15027645230293274,0.0039000120013952255,0.014313978143036366,0.1505509614944458,0.0009706362616270781,0.14262567460536957,0,0.02862795814871788,0.05725591629743576,0.493662029504776,0.7957985,0.791905,200,15320,15520,0.10153535,-0.432780057,-0.11005767,0.9868772029876709,0.9570267,0.56667894,4.1210213,0,0.7002938,0.1505509614944458,0.9504888653755188,0,0.0952279269695282,0.57211137,4.1210213,0,0.70590276
A549,4,AFA,14,1,25.84,2,0.18097567558288574,0.017073195427656174,0.25785499811172485,0.004502261057496071,,,,,,,,,1.5530733,1.5530733,0,12752,12752,0.66356564,,0.4156046,,0.99149257,2.1530128,5.534309,0,2.183964,,,,,2.1530128,5.534309,0,2.183964
A549,4,AFA,14,1,25.84,3,0.3501856327056885,0.0056625716388225555,0.3502044081687927,0.0056563010439276695,0.2724297344684601,3.4732398986816406,0.001461413106881082,0.3692933917045593,0.17059080302715302,0.30332571268081665,0.320394366979599,2.4201884269714355,2.996893,2.9908032,197,18459,18656,0.17936341,-0.505148828,-0.48902664,0.9935722947120667,0.971308,4.388709,9.616386,0,1.181853,3.4732398986816406,4.79329252243042,2.5595030784606934,0.1644560545682907,4.3984795,9.616386,0,1.1836714
A549,4,AFA,14,1,25.84,4,0.24028578400611877,0.0036770727019757032,0.24032223224639893,0.003668869147077203,0.15576684474945068,2.0034990310668945,0.0008688570815138519,0.2268998622894287,0.07555238902568817,0.1795903593301773,0.19300678372383118,1.3390370607376099,1.9424028,1.939352,100,19676,19776,0.40801048,0.08212894946336746,-0.09350827,0.9982151389122009,0.98246944,3.2395504,7.862239,0,0.67151695,2.0034990310668945,2.4842965602874756,1.6815690994262695,0.025006107985973358,3.2458322,7.862239,0,0.6669983
A549,4,AFA,15,1,25.84,1,0.22230656445026398,0.004270192701369524,0.22760215401649475,0.0031666250433772802,0.17685240507125854,1.7736990451812744,0.0016075769672170281,0.3058868944644928,0.05999298393726349,0.20830240845680237,0.22770951688289642,1.1554127931594849,1.3182069,1.3174111,154,31350,31504,0.6961348,0.1061706617474556,0.20328082,0.996890127658844,0.9907699,2.1490502,5.3514876,0,0.26149726,1.7736990451812744,2.321596622467041,1.244813084602356,0.041467804461717606,2.1508942,5.3514876,0,0.26188263
A549,4,AFA,15,1,25.84,2,0.12698900699615479,0.0025942157953977585,0.12892994284629822,0.0023836225736886263,0.0889175683259964,1.4753315448760986,0.0008207165519706905,0.15563619136810303,0,0.11154688149690628,0.12396182119846344,0.9719410538673401,1.2190822,1.2169921,100,11724,11824,0.5067204,-0.069733843,0.45478493,0.9963237643241882,0.98330086,2.0511594,5.191195,0,0.35652924,1.4753315448760986,1.9631476402282715,0.964959979057312,0.031750019639730453,2.0560708,5.191195,0,0.3564471
A549,4,AFA,15,1,25.84,3,0.12438859790563583,0.0015581643674522638,0.12441222369670868,0.001555519993416965,0.08634598553180695,1.4223731756210327,0.00043383240699768066,0.14045922458171844,0.04210348427295685,0.10281924903392792,0.11488068848848343,0.9817668199539185,1.4258074,1.4229956,100,15692,15792,0.23169215,0.13061539828777313,-0.1974455,0.9978452920913696,0.9805065,2.2928245,5.0762773,1.0881006,0.31043315,1.4223731756210327,1.716699242591858,1.2073357105255127,0.013197639025747776,2.2983716,5.0762773,1.0881006,0.3074681
A549,4,AFA,15,1,25.84,4,0.2902167737483978,0.022643128409981728,0.349808931350708,0.006446718703955412,0.21791821718215942,2.1597445011138916,0.0015777377411723137,0.34048956632614136,0.12115837633609772,0.24953149259090424,0.268626868724823,1.438585877418518,2.2092788,2.1938295,297,14519,14816,0.7796759,0.00813979096710682,0.14497715,0.9947540163993835,0.9739662,2.9232306,6.9209375,0,2.3454006,2.1597445011138916,3.0761401653289795,1.5624185800552368,0.08209550380706787,2.9388487,6.9209375,0,2.379531
A549,4,AFA,15,1,25.84,5,0.3546596169471741,0.01582678221166134,0.38135650753974915,0.0068371109664440155,0.2788578271865845,2.99983549118042,0.0020116723608225584,0.4038698077201843,0.1443169116973877,0.3143562078475952,0.3343468904495239,1.9525507688522339,2.5884135,2.5723724,400,15456,15856,0.5311875,-0.045539211,-0.0635187,0.9919503331184387,0.9772836,3.8699658,7.850976,0,1.9861053,2.99983549118042,4.3235368728637695,2.016401767730713,0.1755356639623642,3.892485,7.850976,0,2.0128613
A549,4,AFA,16,1,25.84,1,0.08152848482131958,0.0019908659160137177,0.08550902456045151,0.0017476946813985705,0.057532958686351776,0.9331859350204468,0.0007983443210832775,0.1402622014284134,0,0.07973415404558182,0.09429055452346802,0.6693374514579773,0.9765154,0.9681409,400,14272,14672,0.4683249,0.17230649292469025,0.10457827,0.9949512481689453,0.9776496,1.5529999,4.44147,0,0.32990447,0.9331859350204468,1.3181962966918945,0.6185405254364014,0.015800604596734047,1.5703714,4.44147,0,0.327639
A549,4,AFA,16,1,25.84,2,0.16035795211791992,0.0020394870080053806,0.16037096083164215,0.0020375677850097418,0.1198708713054657,2.000441074371338,0.0010092015145346522,0.20422248542308807,0.012250118888914585,0.14483563601970673,0.1593264937400818,1.3022472858428955,1.7394503,1.732362,200,12136,12336,0.6731552,0.270592600107193,0.28205085,0.996437668800354,0.9873501,2.8958726,6.228864,1.4190868,0.3380741,2.000441074371338,2.5789926052093506,1.551343321800232,0.04539068043231964,2.9106295,6.228864,1.4190868,0.3294662
A549,4,AFA,16,1,25.84,3,0.15075170993804932,0.03712666779756546,0.3872474133968353,0.003787752240896225,,,,,,,,,2.8835378,2.8835378,0,12176,12176,0.64535785,,0.057121288,,0.9919422,2.1040487,8.821808,0,7.166974,,,,,2.1040487,8.821808,0,7.166974
A549,4,AFA,16,1,25.84,4,0.15953420102596283,0.00828102882951498,0.1848919540643692,0.004908844828605652,0.11920105665922165,1.0640380382537842,0.0011190245859324932,0.22817088663578033,0.038763377815485,0.14543695747852325,0.1638522893190384,0.7755191326141357,1.1263894,1.1225405,400,36064,36464,0.5225276,-0.042489633,0.122027814,0.988954484462738,0.95727557,1.6344241,5.739312,0,0.88232875,1.0640380382537842,1.6478456258773804,0.6566812992095947,0.039757996797561646,1.6407505,5.739312,0,0.8880256
A549,4,AFA,16,1,25.84,5,0.15871888399124146,0.016541192308068275,0.24029605090618134,0.00544024258852005,0.17998294532299042,4.3675642013549805,0.001870864536613226,0.2608420252799988,0.06737668812274933,0.2149042785167694,0.23372657597064972,2.158134937286377,2.5346215,2.5330157,76,17748,17824,0.6725164,0.13077954947948456,0.22186172,0.9981343150138855,0.9887807,3.7830362,11.602458,0,8.197953,4.3675642013549805,4.944805145263672,3.355570077896118,0.15513412654399872,3.7805328,11.602458,0,8.230924
A549,4,AFA,16,1,25.84,6,0.0890660509467125,0.0009380957926623523,0.0891539677977562,0.0009311831672675908,0.07450883835554123,1.4335572719573975,0.0004965575644746423,0.17441624402999878,0.013002431020140648,0.09095041453838348,0.10203123092651367,0.9934626817703247,1.3018224,1.2980211,100,8012,8112,0.7138998,-0.043226,0.13663623,0.997347891330719,0.98089355,2.01335,5.0537796,1.0593052,0.28660697,1.4335572719573975,1.8812928199768066,1.237542748451233,0.0142337866127491,2.0205865,5.0537796,1.0593052,0.28575847
A549,4,AFA,16,1,25.84,7,0.11923263221979141,0.006864637136459351,0.15313158929347992,0.003625317011028528,0.09136739373207092,1.4860936403274536,0.0021336826030164957,0.21490544080734253,0,0.12925875186920166,0.14909513294696808,0.9340874552726746,1.1930207,1.1912346,100,14396,14496,0.39026237,0.1339840143918991,0.11864622,0.9975101351737976,0.9867903,1.8220688,6.818769,0,1.2287544,1.4860936403274536,2.0790152549743652,0,0.09518187493085861,1.8244025,6.818769,0,1.235839
A549,4,AFA,16,1,25.84,8,0.12588973343372345,0.005275355186313391,0.14965224266052246,0.002715000184252858,0.09467174857854843,2.0804121494293213,0.000633479852695018,0.1616937220096588,0.025220263749361038,0.11495544761419296,0.12492706626653671,1.3782275915145874,1.8714923,1.8656311,300,24948,25248,0.9823162,0.32808351516723633,0.63122463,0.9943445920944214,0.9488832,2.881793,8.426936,0,2.7976575,2.0804121494293213,2.8964059352874756,1.4700219631195068,0.05753689631819725,2.8914294,8.426936,0,2.822792
A549,4,AFA,17,1,25.84,1,0.23968373239040375,0.003136690938845277,0.23968373239040375,0.003136690938845277,0.1871446967124939,2.1311330795288086,0.0015581060433760285,0.2954481542110443,0.08423816412687302,0.21737462282180786,0.23798500001430511,1.4317742586135864,1.7741041,1.7686876,200,12440,12640,0.58535296,-0.122435935,-0.2290824,0.9955167174339294,0.9882839,2.809235,5.4512634,1.3070095,0.30798244,2.1311330795288086,2.8042492866516113,1.443849802017212,0.06648162007331848,2.8201365,5.4512634,1.3070095,0.30435356
A549,4,AFA,17,1,25.84,2,0.22987669706344604,0.005684690549969673,0.22990019619464874,0.005679866299033165,0.12966078519821167,1.5184016227722168,0.0004687352920882404,0.1901131570339203,0.09093713015317917,0.1468971222639084,0.15800291299819946,1.1091307401657104,2.0251951,2.0158246,100,9676,9776,0.07237616,0.061548978090286255,-0.18929155,0.9969190955162048,0.94456667,2.9988337,7.0731807,0,0.9910793,1.5184016227722168,1.912605881690979,1.266251564025879,0.01948746293783188,3.0141337,7.0731807,0,0.97823584
A549,4,AFA,17,1,25.84,3,0.29855623841285706,0.005661145318299532,0.29855623841285706,0.005661145318299532,0.1674225628376007,1.5795289278030396,0.0005229410016909242,0.21318680047988892,0.10136441141366959,0.18527233600616455,0.1955920159816742,1.2004526853561401,2.340032,2.3306975,100,12108,12208,0.20142202,-0.05988948,-0.1886302,0.9975898861885071,0.9540478,3.2886958,6.666713,1.2615328,0.89559114,1.5795289278030396,2.009066343307495,1.3280457258224487,0.014814483001828194,3.3028119,6.666713,1.2615328,0.8785396
A549,4,AFA,17,1,25.84,4,0.09462437778711319,0.002452476881444454,0.1080421507358551,0.0013505535898730159,0.07630866020917892,0.7289770245552063,0.0005219948361627758,0.13474532961845398,0.018570097163319588,0.09463631361722946,0.10633651912212372,0.5793591141700745,0.83792436,0.83411735,200,13384,13584,0.786535,-0.092655182,0.24047269,0.9857609272003174,0.9738027,1.028793,2.6909702,0,0.25625262,0.7289770245552063,1.0869946479797363,0.47243639826774597,0.022365927696228027,1.0332732,2.6909702,0,0.25838432
A549,4,AFA,17,1,25.84,5,0.3496457040309906,0.004574434831738472,0.3510485589504242,0.004100320860743523,0.2730136811733246,2.3404364585876465,0.0015327527653425932,0.3787738084793091,0.16569508612155914,0.3031069040298462,0.32337599992752075,1.6025358438491821,2.0883837,2.0845006,100,12412,12512,0.61955774,-0.07597623,0.17156574,0.9969065189361572,0.98797894,3.2433894,6.149807,0,0.40215683,2.3404364585876465,3.03134822845459,1.8763128519058228,0.0647599920630455,3.2506645,6.149807,0,0.39825338
A549,4,AFA,17,1,25.84,6,0.13694077730178833,0.002015808830037713,0.13697324693202972,0.002011839533224702,0.08891034126281738,1.203391194343567,0.0007835687720216811,0.17658916115760803,0,0.11099554598331451,0.1254643052816391,0.8710973858833313,1.2756076,1.266019,300,12356,12656,0.42553648,0.1874023973941803,-0.08766939,0.995586633682251,0.9809641,1.9489763,5.283439,0.8756009,0.28289846,1.203391194343567,1.5425617694854736,0.8756008744239807,0.018473124131560326,1.967079,5.283439,0.91624224,0.27549392
A549,4,AFA,18,1,25.84,1,0.21472851932048798,0.007423264905810356,0.22412249445915222,0.00564262131229043,0.14425542950630188,2.4295966625213623,0.0018469322239980102,0.273835152387619,0.021818364039063454,0.1788266897201538,0.19958633184432983,1.4776859283447266,2.0345986,2.0221825,300,13156,13456,0.41005212,0.13458551466464996,0.094617724,0.9950195550918579,0.976741,3.7494395,10.016894,0,1.8535595,2.4295966625213623,3.354797601699829,1.7574585676193237,0.08798081427812576,3.7795362,10.016894,0,1.8531917
A549,4,AFA,18,1,25.84,2,0.29712459444999695,0.005270582623779774,0.2971586585044861,0.005261060781776905,0.22482924163341522,2.373581647872925,0.0013663663994520903,0.3190039396286011,0.13493043184280396,0.2530035376548767,0.2733919620513916,1.595948338508606,1.9984257,1.9938103,100,8620,8720,0.43882036,-0.053757459,-0.30173466,0.9965832829475403,0.98379964,3.2137315,6.677553,0,0.4714667,2.373581647872925,2.957146406173706,1.821023941040039,0.057050615549087524,3.223478,6.677553,0,0.46799073
A549,4,AFA,18,1,25.84,3,0.07967717200517654,0.004379415884613991,0.10003411769866943,0.003461936255916953,0.06323577463626862,1.7046990394592285,0.0011477665975689888,0.1921362727880478,0,0.08969586342573166,0.10865065455436707,1.041175365447998,1.5966815,1.5920522,200,23800,24000,0.3266028,0.12120456993579865,-0.070722334,0.9924204349517822,0.9685057,2.976133,9.220184,0,3.3340077,1.7046990394592285,2.7280890941619873,1.1329494714736938,0.09293749183416367,2.9868176,9.220184,0,3.347545
A549,4,AFA,18,1,25.84,4,0.12589643895626068,0.011582947336137295,0.18459779024124146,0.006147552747279406,0.13950194418430328,4.3136749267578125,0.0030230560805648565,0.2719498872756958,0.00829937681555748,0.1846354901790619,0.20715653896331787,2.183612823486328,2.8132174,2.8090136,147,21869,22016,0.72495943,0.5246899724006653,0.21525028,0.9978330135345459,0.9796367,4.6278367,16.135687,0,11.577302,4.3136749267578125,4.993643760681152,3.359576463699341,0.13376973569393158,4.6299486,16.135687,0,11.653556
A549,4,AFA,19,1,25.84,1,0.07935423403978348,0.012310415506362915,0.20706051588058472,0.0056788744404911995,0.06425030529499054,0.6270960569381714,0.004186138976365328,0.211386576294899,0,0.12344793975353241,0.15155351161956787,0.7474778890609741,1.0762203,1.0732461,382,41842,42224,0.33087966,0.5699779391288757,0.030876841,0.9958257079124451,0.9677841,0.89929044,5.305536,0,1.535651,0.6270960569381714,1.5769824981689453,0,0.33013156056404114,0.9017755,5.305536,0,1.5459745
A549,4,AFA,19,1,25.84,2,0.10973235219717026,0.010897019878029823,0.18378885090351105,0.0046404763124883175,0.16984911262989044,3.670135498046875,0.002647693967446685,0.2996891140937805,0.005916791968047619,0.21014189720153809,0.2307913452386856,1.7650103569030762,1.5761317,1.576976,96,21376,21472,0.9389385,0.1618361920118332,0.86062104,0.9962725639343262,0.98434275,2.2816722,7.631243,0,3.766453,3.670135498046875,4.831682205200195,2.6005191802978516,0.28754153847694397,2.2754366,7.631243,0,3.7733805
A549,4,AFA,2,1,25.84,1,0.17458292841911316,0.006890146527439356,0.18628358840942383,0.005172289442270994,0.12894171476364136,1.868125319480896,0.0016755146207287908,0.23906853795051575,0.01725778914988041,0.16126783192157745,0.1800316870212555,1.1470872163772583,1.607518,1.6046546,100,15980,16080,0.23769559,-0.015940119,-0.25789887,0.9973123669624329,0.9693037,3.0253851,8.559438,0,1.7498302,1.868125319480896,2.469964027404785,1.416542887687683,0.046158429235219955,3.0326269,8.559438,0,1.7520584
A549,4,AFA,2,1,25.84,2,0.12850692868232727,0.013632774353027344,0.21391728520393372,0.004422854632139206,0.15205882489681244,1.9259006977081299,0.0028794133104383945,0.30496856570243835,0,0.19284039735794067,0.22360967099666595,1.1107267141342163,1.4194319,1.4174844,150,23626,23776,0.5468017,-0.393971562,-0.06434517,0.9895070195198059,0.9753839,1.8190509,6.6599135,0,2.5771523,1.9259006977081299,3.2672643661499023,0,0.20969386398792267,1.8183725,6.6599135,0,2.5921104
A549,4,AFA,2,1,25.84,3,0.12111197412014008,0.0012523782206699252,0.12113427370786667,0.0012499074218794703,,,,,,,,,1.1167516,1.1167516,0,10864,10864,0.45858455,,-0.21146426,,0.9855649,1.7013878,2.9827466,0.6196547,0.11304016,,,,,1.7013878,2.9827466,0.6196547,0.11304016
A549,4,AFA,2,1,25.84,4,0.16482070088386536,0.0030652298592031,0.16494692862033844,0.003046755213290453,0.1322140246629715,2.1049416065216064,0.0009614513255655766,0.20934449136257172,0.05090898275375366,0.15646077692508698,0.17218264937400818,1.3157057762145996,1.6314461,1.6287613,100,11660,11760,0.50167716,0.14353187382221222,-0.114534765,0.9975582957267761,0.9781581,2.9031987,7.525398,0,0.68495524,2.1049416065216064,2.661123752593994,1.731123447418213,0.04244964197278023,2.910045,7.525398,0,0.6849537
A549,4,AFA,2,1,25.84,5,0.08415631204843521,0.015198918990790844,0.24712155759334564,0.004358774516731501,0.17129917442798615,2.3117880821228027,0.007966638542711735,0.3452516794204712,0,0.2388034611940384,0.27015915513038635,1.2788403034210205,1.6030555,1.6013527,100,18940,19040,0.64152116,0.07753749936819077,0.3951258,0.9960562586784363,0.9871042,1.1953945,6.405712,0,2.913903,2.3117880821228027,3.976081371307373,0,1.1144318580627441,1.1895001,6.405712,0,2.9167883
A549,4,AFA,20,1,25.84,1,0.13959047198295593,0.006926719099283218,0.17158010601997375,0.0030253117438405752,0.09117405116558075,0.7420593500137329,0.0018885834142565727,0.2235446721315384,0,0.12452269345521927,0.14187408983707428,0.6124572157859802,0.9673082,0.9632001,700,59764,60464,0.5405076,0.0051899254322052,0.089920744,0.983816921710968,0.9643098,1.2976508,3.853275,0,0.5801214,0.7420593500137329,1.4160233736038208,0,0.09148220717906952,1.3041581,3.853275,0,0.5821869
A549,4,AFA,20,1,25.84,2,0.0889984667301178,0.007600291632115841,0.1435004621744156,0.00443359324708581,0.07423178106546402,1.0613535642623901,0.0017841558437794447,0.1889769285917282,0,0.10849730670452118,0.12914630770683289,0.7532346844673157,1.063598,1.0587631,574,36274,36848,0.6456105,0.11409855633974075,0.13060914,0.9888148307800293,0.96588284,1.3712608,6.2288594,0,1.5883383,1.0613535642623901,1.9102925062179565,0,0.12447530031204224,1.3761649,6.2288594,0,1.6099586
A549,4,AFA,20,1,25.84,3,0.08158247172832489,0.0076493932865560055,0.14728863537311554,0.004132411442697048,0.07639172673225403,0.9969019293785095,0.001770422444678843,0.19570739567279816,0,0.11013277620077133,0.12807677686214447,0.7287421822547913,1.0507275,1.0466729,300,23524,23824,0.84100235,0.21336597204208374,0.2725628,0.9911305904388428,0.9761094,1.1068118,5.29108,0,1.2435184,0.9969019293785095,1.8134067058563232,0,0.12591911852359772,1.1082134,5.29108,0,1.2576149
A549,4,AFA,21,1,25.84,1,0.09029487520456314,0.007341240998357534,0.15083692967891693,0.0031315104570239782,0.1137906163930893,0.9816023111343384,0.0007106874254532158,0.20128728449344635,0.05191325396299362,0.13518738746643066,0.1487213522195816,0.7406799793243408,0.9108732,0.90905744,500,46364,46864,0.85488397,-0.444303751,0.6523281,0.9890855550765991,0.94576555,0.9407741,4.9694414,0,0.89625776,0.9816023111343384,1.4402679204940796,0.5743467211723328,0.02908255346119404,0.9403338,4.9694414,0,0.9055913
A549,4,AFA,21,1,25.84,2,0.06269913911819458,0.00434574019163847,0.10232549905776978,0.0030374962370842695,0.05733348801732063,0.8843858242034912,0.0017268118681386113,0.14458146691322327,0,0.0926235020160675,0.110846146941185,0.7286102175712585,1.1083394,1.102593,200,13016,13216,0.33327574,0.008030548691749573,-0.2877927,0.9955065250396729,0.95084435,1.4046243,6.9752216,0,1.9096841,0.8843858242034912,1.5977940559387207,0,0.1725478321313858,1.412618,6.9752216,0,1.9321537
A549,4,AFA,21,1,25.84,3,0.2858200669288635,0.008921644650399685,0.3018620014190674,0.004579924512654543,0.21848241984844208,3.018193006515503,0.0018239218043163419,0.2984575927257538,0.08710343390703201,0.25318199396133423,0.2714860439300537,1.7260054349899292,2.1148658,2.1124876,100,16252,16352,0.6828415,0.04165397584438324,0.08159393,0.9979217052459717,0.9932311,3.8281097,7.5956545,0,1.2542567,3.018193006515503,4.059237480163574,2.2917838096618652,0.1013772264122963,3.8330932,7.5956545,0,1.2572896
A549,4,AFA,21,1,25.84,4,0.18178236484527588,0.003527957247570157,0.18186794221401215,0.0035140521358698606,0.11656791716814041,1.5543982982635498,0.001123214839026332,0.1975797712802887,0.029974743723869324,0.1442226767539978,0.1606285274028778,1.022862195968628,1.4809419,1.4723184,200,10424,10624,0.34559456,-0.462352216,-0.47687578,0.9911187887191772,0.98024106,2.5928261,5.8782473,0,0.50796306,1.5543982982635498,2.3057985305786133,0.9349731206893921,0.07837528735399246,2.6127498,5.8782473,0,0.49511898
A549,4,AFA,21,1,25.84,5,0.18264886736869812,0.01057062391191721,0.22021710872650146,0.004471680149435997,0.1384613960981369,1.498725175857544,0.0028618373908102512,0.27835482358932495,0,0.17931678891181946,0.19939780235290527,1.0142197608947754,1.3364017,1.3296233,580,26988,27568,0.6454969,0.09966009855270386,0.36179456,0.9906377792358398,0.9814976,2.0291917,5.8729763,0,1.1579436,1.498725175857544,2.597102165222168,0,0.19254545867443085,2.0405922,5.8729763,0,1.1725136
A549,4,AFA,21,1,25.84,6,0.09978310018777847,0.0032859346829354763,0.10992542654275894,0.0025050307158380747,0.07898931950330734,0.896603524684906,0.001259904238395393,0.16856102645397186,0,0.10733099281787872,0.12344761192798615,0.684518039226532,0.95941716,0.9492145,500,12972,13472,0.39639807,-0.070684835,-0.32483566,0.9933525919914246,0.9716859,1.452107,4.527666,0,0.5946274,0.896603524684906,1.4296109676361084,0,0.05313488095998764,1.4735187,4.527666,0,0.6031462
A549,4,AFA,21,1,25.84,7,0.23717908561229706,0.008837906643748283,0.23741257190704346,0.008791172876954079,0.14549030363559723,2.2035796642303467,0.0009987911907956004,0.23915162682533264,0.0738799199461937,0.17095351219177246,0.18615348637104034,1.4465272426605225,2.377079,2.3591871,391,19945,20336,0.17078893,0.5061993598937988,-0.48330253,0.9947855472564697,0.94483316,3.9949071,10.453089,0,2.5426676,2.2035796642303467,3.2272069454193115,1.580893874168396,0.07319755107164383,4.030024,10.453089,0,2.5269396
A549,4,AFA,21,1,25.84,8,0.1367972493171692,0.008369733579456806,0.1740550994873047,0.004164379555732012,0.11085313558578491,1.7539905309677124,0.0017970764311030507,0.22111062705516815,0,0.14496220648288727,0.16538099944591522,1.0999822616577148,1.3856417,1.3802801,200,10456,10656,0.9968359,-0.153912887,0.68807507,0.9946126341819763,0.98379177,2.2709742,6.723991,0,1.7302799,1.7539905309677124,2.5838332176208496,1.1584006547927856,0.0645129382610321,2.2808628,6.723991,0,1.7569324
A549,4,AFA,21,1,25.84,9,0.15871796011924744,0.003856672439724207,0.15947353839874268,0.003754538018256426,0.11614883691072464,2.6634557247161865,0.0010255841771140695,0.20572815835475922,0.03676053136587143,0.1416296511888504,0.1568419337272644,1.6975345611572266,2.3666527,2.3464172,300,9620,9920,0.54348135,-0.178784236,-0.028127044,0.994735836982727,0.96535605,4.130441,14.093351,0,2.533554,2.6634557247161865,3.857903242111206,2.039686918258667,0.11511797457933426,4.1761894,14.093351,0,2.5397687
A549,4,AFA,22,1,25.84,1,0.11113247275352478,0.004411017522215843,0.12177641689777374,0.003537310054525733,0.08526544272899628,2.491077184677124,0.0020469992887228727,0.21280601620674133,0,0.12230043113231659,0.1437486708164215,1.3278815746307373,1.4794936,1.4765841,366,18706,19072,0.7297472,-0.051999185,0.10351497,0.9963006377220154,0.98910797,2.9440856,7.038286,0,1.1258062,2.491077184677124,3.5057761669158936,1.8137906789779663,0.1081342101097107,2.952949,7.038286,0,1.141624
A549,4,AFA,23,1,25.84,1,0.21399179100990295,0.0028675124049186707,0.21399179100990295,0.0028675124049186707,0.14260807633399963,1.1747983694076538,0.0003710008168127388,0.1899537593126297,0.09592542052268982,0.15840110182762146,0.16822685301303864,0.8959669470787048,1.5618466,1.5566182,100,12636,12736,0.5146089,-0.183438525,-0.28434002,0.9964231848716736,0.9596881,2.1460712,4.3209925,0.88895357,0.40461686,1.1747983694076538,1.4447695016860962,0.9348161816596985,0.011263737455010414,2.1537578,4.3209925,0.88895357,0.400205
A549,4,AFA,23,1,25.84,2,0.1189265251159668,0.005308191291987896,0.13862693309783936,0.0034564966335892677,0.10984410345554352,0.8717628717422485,0.0009470485965721309,0.22186048328876495,0.03791425749659538,0.1337684839963913,0.14964252710342407,0.6484091877937317,0.9854285,0.98057234,400,27360,27760,0.59868604,0.23116691410541534,0.12410742,0.9953824281692505,0.9638331,1.4999595,6.015079,0,0.896707,0.8717628717422485,1.2129017114639282,0.6252768039703369,0.012982284650206566,1.5091437,6.015079,0,0.9037732
A549,4,AFA,23,1,25.84,3,0.16648073494434357,0.002466358710080385,0.16648834943771362,0.0024652050342410803,0.11394061893224716,1.4150782823562622,0.0005124483141116798,0.18754301965236664,0.06136335805058479,0.13215500116348267,0.14318610727787018,1.013559103012085,1.7753304,1.7648894,300,21588,21888,0.16469184,0.28057560324668884,-0.09824302,0.9953910708427429,0.9425256,2.6544232,6.324236,0,0.9513572,1.4150782823562622,1.9994900226593018,0.9781457781791687,0.023310557007789612,2.6716459,6.324236,0,0.9426124
A549,4,AFA,23,1,25.84,4,0.06047699227929115,0.005156621336936951,0.12525574862957,0.0025661245454102755,0.11569657176733017,1.497962474822998,0.001184497494250536,0.20061570405960083,0.026155317202210426,0.14344953000545502,0.1592753529548645,0.969867467880249,0.8496554,0.850232,100,20748,20848,0.44823247,0.31701529026031494,0.59077466,0.9948533773422241,0.9815474,0.77896726,3.3553944,0,0.72021466,1.497962474822998,2.0822322368621826,0.9893801808357239,0.03488730266690254,0.7755019,3.3553944,0,0.72101414
A549,4,AFA,23,1,25.84,5,0.15095503628253937,0.003500503022223711,0.15729370713233948,0.0026504560373723507,0.08977486938238144,0.9820330142974854,0.00040483378688804805,0.1402045637369156,0.0341910719871521,0.1060747504234314,0.1153198704123497,0.7100221514701843,1.0871825,1.0855179,100,22556,22656,0.6927737,-0.126815349,0.67149925,0.9963715076446533,0.9840899,1.7396175,4.1535683,0,0.32346544,0.9820330142974854,1.2703570127487183,0.7721499800682068,0.010367436334490776,1.7429762,4.1535683,0,0.32229775
A549,4,AFA,23,1,25.84,6,0.05418750271201134,0.0013183794217184186,0.06991132348775864,0.0006016662227921188,0.059874385595321655,0.6638513803482056,0.00040374347008764744,0.1130777969956398,0.015771035104990005,0.07607073336839676,0.08625874668359756,0.5045056343078613,0.55603176,0.5552668,200,13272,13472,0.822196,0.155909925699234,0.90039486,0.9966831803321838,0.9937648,0.57700264,1.175543,0,0.103450656,0.6638513803482056,0.853222131729126,0.46981242299079895,0.004059643484652042,0.5756939,1.175543,0,0.10483305
A549,4,AFA,23,1,25.84,7,0.08146744966506958,0.0008199067669920623,0.08467937260866165,0.0005802485975436866,0.07702022790908813,0.7783508896827698,0.00035264610778540373,0.13384459912776947,0.018374795094132423,0.09208282828330994,0.1010720282793045,0.5827053785324097,0.61419576,0.6130663,400,10752,11152,0.8391561,-0.04606029,0.83252835,0.9950520396232605,0.9936021,0.7957172,1.3171014,0,0.03765179,0.7783508896827698,1.0232847929000854,0.5290370583534241,0.00824638083577156,0.7963633,1.3171014,0,0.038734104
A549,4,AFA,23,1,25.84,8,0.04328669235110283,0.003173955949023366,0.09584910422563553,0.0019899848848581314,0.07663444429636002,1.361364483833313,0.0012409015325829387,0.17791573703289032,0,0.10456819832324982,0.12223312258720398,0.872420072555542,0.9469871,0.9466203,200,40472,40672,0.9264869,-0.027513228,0.8798197,0.9942487478256226,0.9868062,0.887278,4.175503,0,0.99597794,1.361364483833313,2.2628014087677,0.9081560969352722,0.039696477353572845,0.8849351,4.175503,0,0.9995874
A549,4,AFA,23,1,25.84,9,0.09389436990022659,0.0024072325322777033,0.09596540778875351,0.0022615811321884394,0.06599435955286026,1.3768466711044312,0.0009158700122497976,0.1587718427181244,0,0.08988877385854721,0.10453523695468903,0.8761411905288696,1.2306945,1.2197244,400,12528,12928,0.3091909,0.051560208201408386,-0.345959,0.9944326281547546,0.97743213,2.2573364,5.7329874,0,0.52406377,1.3768466711044312,2.050954580307007,0.898860514163971,0.03671856224536896,2.285449,5.7329874,0,0.51408064
A549,4,AFA,23,1,25.84,10,0.08650609850883484,0.004159608855843544,0.10794281959533691,0.0028764449525624514,0.07778415828943253,1.7245594263076782,0.001436207559891045,0.17148761451244354,0,0.10773828625679016,0.12721365690231323,0.9944605231285095,1.2302668,1.2289184,100,17388,17488,0.49861488,0.2843182682991028,0.45714587,0.9963068962097168,0.98376334,1.9927512,6.095446,0,1.2980443,1.7245594263076782,2.3965086936950684,1.307925820350647,0.04643365740776062,1.9942938,6.095446,0,1.3048265
A549,4,AFA,24,1,25.84,1,0.14653240144252777,0.015313607640564442,0.22396311163902283,0.006064007990062237,0.08455511182546616,0.6196297407150269,0.0022735917009413242,0.25319910049438477,0,0.12170597910881042,0.1414252668619156,0.5911892652511597,1.3760124,1.3725786,200,45512,45712,0.9336542,0.7465883493423462,0.31236276,0.9771036505699158,0.9481673,1.4754642,5.8048654,0,1.5628595,0.6196297407150269,1.289618730545044,0,0.0673830583691597,1.479225,5.8048654,0,1.5661986
A549,4,AFA,25,1,25.84,1,0.06134503707289696,0.009384683333337307,0.18616285920143127,0.005243119318038225,0.044622864574193954,0.8697792291641235,0.005304379854351282,0.3224305808544159,0,0.0892457365989685,0.1603618711233139,1.3917025327682495,1.8198032,1.8136096,300,20436,20736,0.5518052,0.04265427216887474,0.13574938,0.9927952885627747,0.98891497,1.2427342,6.8905315,0,3.301785,0.8697792291641235,3.723381519317627,0,1.6617143154144287,1.2482091,6.8905315,0,3.3237891
A549,4,AFA,25,1,25.84,2,0.2909589111804962,0.0033315985929220915,0.2909589111804962,0.0033315985929220915,0.18815720081329346,2.803318977355957,0.00031142932130023837,0.22663697600364685,0.14698246121406555,0.20185218751430511,0.21014851331710815,2.220309257507324,4.004563,3.998205,100,27964,28064,0.50238454,0.2293718010187149,-0.08898746,0.9987264275550842,0.96596247,4.9099245,9.037259,2.3923318,1.1933918,2.803318977355957,3.1011962890625,2.392331838607788,0.020187046378850937,4.9174576,9.037259,2.4944813,1.1816608
A549,4,AFA,26,1,25.84,1,0.23720408976078033,0.005807832814753056,0.24140872061252594,0.004895743913948536,0.19036678969860077,2.345947266,0.0006780646508559585,0.2397633045911789,0.13315549492835999,0.21193887293338776,0.2244909256696701,1.6983722448349,2.3682928,2.364541,100,17756,17856,0.5959282,-0.009370586,-0.10473675,0.995920717716217,0.9608804,3.5378802,8.124294,0,1.287621,2.345947266,3.1080615520477295,1.7220903635025024,0.06447392702102661,3.544593,8.124294,0,1.2864634
A549,4,AFA,26,1,25.84,2,0.05756734684109688,0.0065215518698096275,0.16074080765247345,0.0016254326328635216,0.1228552907705307,0.9443172812461853,0.002787493634968996,0.22592408955097198,0,0.16059759259223938,0.17703785002231598,0.8293716907501221,0.99165165,0.9902175,500,56076,56576,0.9355294,-0.330949008,0.8761216,0.9798444509506226,0.9887976,0.4896741,3.2352505,0,0.46406585,0.9443172812461853,1.7768868207931519,0,0.1523616909980774,0.48562032,3.2352505,0,0.46498564
A549,4,AFA,26,1,25.84,3,0.05682932958006859,0.0004934790777042508,0.059449128806591034,0.00036048374022357166,0.050440434366464615,0.46022120118141174,0.0002355371107114479,0.09082167595624924,0.006386338733136654,0.06273850798606873,0.06929536908864975,0.4011284112930298,0.583035,0.581108,100,9340,9440,0.39130494,0.10592655837535858,-0.20448583,0.9976795315742493,0.9741804,0.6961751,1.3377566,0,0.060163982,0.46022120118141174,0.5529016256332397,0.34822937846183777,0.0014699319144710898,0.6987013,1.3377566,0,0.060189936
A549,4,AFA,26,1,25.84,4,0.06933818757534027,0.0004825285286642611,0.06989710032939911,0.00044735122355632484,,,,,,,,,0.6866772,0.6866772,0,10880,10880,0.5552337,,-0.16664527,,0.96209127,0.8736225,1.74238,0,0.08402139,,,,,0.8736225,1.74238,0,0.08402139
A549,4,AFA,26,1,25.84,5,0.04925932735204697,0.005501785781234503,0.1471780687570572,0.002026861533522606,0.07378880679607391,0.8128795623779297,0.0033542844466865063,0.20057976245880127,0,0.12352599948644638,0.1435013711452484,0.8571994304656982,1.004349,1.0026829,300,26196,26496,0.6192071,-0.394218177,0.6344978,0.9862107038497925,0.97509784,0.5632286,3.6355588,0,0.6929421,0.8128795623779297,1.8788173198699951,0,0.35204315185546875,0.56036955,3.6355588,0,0.6961243
A549,4,AFA,26,1,25.84,6,0.1891634464263916,0.017373323440551758,0.2523922324180603,0.007221989333629608,0.1659100353717804,2.3134655952453613,0.0016733251977711916,0.26475319266319275,0,0.19738741219043732,0.2149922251701355,1.483934760093689,2.0520203,2.0452769,298,24806,25104,0.28600228,0.4978259801864624,-0.013702082,0.9951381087303162,0.9554496,2.9974139,9.853625,0,4.319287,2.3134655952453613,3.525585412979126,0,0.12004228681325912,3.00563,9.853625,0,4.364046
A549,4,AFA,27,1,25.84,1,0.1125052273273468,0.002297129714861512,0.11886197328567505,0.0016713460208848119,0.08822589367628098,1.0776960849761963,0.00045028066961094737,0.15157373249530792,0.01609330251812935,0.10506384074687958,0.11497107148170471,0.8269522786140442,1.1979513,1.191708,500,29212,29712,0.822831,-0.005525505,0.34945554,0.9924606680870056,0.96861255,1.6449559,4.4053717,0,0.44894114,1.0776960849761963,1.5136070251464844,0.7373173832893372,0.025027479976415634,1.6546652,4.4053717,0,0.45059493
A549,4,AFA,27,1,25.84,2,0.30584996938705444,0.02001972123980522,0.35540902614593506,0.00564990472048521,0.24633395671844482,2.4190330505371094,0.003674853825941682,0.4680742025375366,0.09686273336410522,0.29542866349220276,0.32393890619277954,1.6821346282958984,2.229473,2.223912,363,35365,35728,0.8052852,-0.389005482,0.2700856,0.9788135290145874,0.9818216,3.0826397,7.376098,0,2.0613399,2.4190330505371094,4.305039882659912,1.1920735836029053,0.31917455792427063,3.089451,7.376098,0,2.0746553
A549,4,AFA,27,1,25.84,3,0.09994281828403473,0.0036947240587323904,0.11849809437990189,0.0021819183602929115,0.06734810769557953,0.8114787936210632,0.00047776394058018923,0.12953521311283112,0.0016229450702667236,0.08479002118110657,0.09549951553344727,0.6462509036064148,1.2247008,1.220801,200,29464,29664,0.88712794,0.12310829758644104,0.3079861,0.9910359382629395,0.95751524,1.6654636,4.5027103,0,0.85480726,0.8114787936210632,1.1620408296585083,0.5555721521377563,0.017401795834302902,1.6712604,4.5027103,0,0.85550743
A549,4,AFA,27,1,25.84,4,0.17462152242660522,0.013830645009875298,0.23271219432353973,0.004913220182061195,0.12022268772125244,1.197911024093628,0.003800404956564307,0.2563403248786926,0,0.1673826277256012,0.18632863461971283,1.0038795471191406,1.5126477,1.5030988,300,15684,15984,0.63604,-0.324930251,0.14218576,0.9878941178321838,0.9851448,1.9314643,5.1966944,0,1.5187063,1.197911024093628,2.121634006500244,0,0.3124992251396179,1.9454956,5.1966944,0,1.5312889
A549,4,AFA,28,1,25.84,1,0.367910236120224,0.003800195874646306,0.3679348826408386,0.003791381837800145,0.27934348583221436,2.463711738586426,0.0011344439117237926,0.3531150817871094,0.1868000477552414,0.306543231010437,0.3216095566749573,1.9219775199890137,2.5746372,2.5620458,288,14640,14928,0.7113412,0.2725178003311157,0.12829305,0.9953713417053223,0.98665804,3.3464594,6.4910502,0,0.36376357,2.463711738586426,3.1305649280548096,1.817713975906372,0.0679120346903801,3.363825,6.4910502,0,0.3539527
A549,4,AFA,28,1,25.84,2,0.11998817324638367,0.005227826535701752,0.15106262266635895,0.0018875380046665668,,,,,,,,,1.1051319,1.1051319,0,10656,10656,0.45574293,,-0.041327633,,0.9879507,1.2589414,3.065881,0,0.4785576,,,,,1.2589414,3.065881,0,0.4785576
A549,4,AFA,28,1,25.84,3,0.12793953716754913,0.0025910481344908476,0.12843167781829834,0.0025378072168678045,0.0831015557050705,1.4542193412780762,0.0008479292155243456,0.20102474093437195,0,0.10669121146202087,0.11934386938810349,1.056931972503662,1.660569,1.64669,600,25496,26096,0.4003222,-0.362865239,0.1562888,0.9879530668258667,0.96312445,2.6038017,7.816718,0,0.8084661,1.4542193412780762,2.3745875358581543,0.8365697860717773,0.06823524832725525,2.6308548,7.816718,0,0.79405415
A549,4,AFA,28,1,25.84,4,0.07383888959884644,0.003829819383099675,0.11483723670244217,0.0012481550220400095,0.043348077684640884,0.43177369236946106,0.0016827082727104425,0.14958161115646362,0,0.0802256166934967,0.09649971127510071,0.578341543674469,0.8715799,0.8667185,200,11864,12064,0.7422008,-0.238260686,0.35641506,0.9921213388442993,0.98508114,0.7413468,2.4833057,0,0.3463829,0.43177369236946106,0.9259175062179565,0,0.13301414251327515,0.74656546,2.4833057,0,0.34833702
A549,4,AFA,28,1,25.84,5,0.33629727363586426,0.003818302182480693,0.33629727363586426,0.003818302182480693,,,,,,,,,4.4889636,4.4889636,0,10656,10656,0.39480814,,-0.26035857,,0.9887366,6.9953666,14.266429,3.5947793,1.3717071,,,,,6.9953666,14.266429,3.5947793,1.3717071
A549,4,AFA,28,1,25.84,6,0.27291539311408997,0.01725592277944088,0.32214227318763733,0.004510384984314442,,,,,,,,,1.9446579,1.9446579,0,10032,10032,0.46212572,,-0.002095997,,0.9906932,2.8034728,6.7337103,0,1.7322075,,,,,2.8034728,6.7337103,0,1.7322075
A549,4,AFA,28,1,25.84,7,0.025113148614764214,0.001726707792840898,0.07498406618833542,0.0014161656145006418,0.010370934382081032,0.23248304426670074,0.00043426654883660376,0.09777827560901642,0,0.020741868764162064,0.041483741253614426,0.6599518656730652,0.93869585,0.93594366,200,20056,20256,0.5491079,0.1355728805065155,0.12022773,0.9959897398948669,0.98522466,0.49993068,2.831501,0,0.5112327,0.23248304426670074,1.1900787353515625,0,0.15583734214305878,0.5025976,2.831501,0,0.5140563
A549,4,AFA,28,1,25.84,8,0.24074429273605347,0.004030455835163593,0.24074429273605347,0.004030455835163593,0.1383531540632248,2.784459114074707,0.0016401043394580483,0.23986682295799255,0.026798300445079803,0.17103785276412964,0.19014550745487213,2.002990961074829,3.5671098,3.5535607,200,22888,23088,0.42751184,-0.867623746,-0.28326195,0.9659720063209534,0.96281743,5.0775404,10.391164,1.7187306,1.7562021,2.784459114074707,4.547152996063232,1.7187305688858032,0.5514419674873352,5.0975776,10.391164,1.8883057,1.7203805
A549,4,AFA,29,1,25.84,1,0.11946765333414078,0.001403611502610147,0.11946765333414078,0.001403611502610147,0.07046306878328323,1.0964831113815308,0.00039312877925112844,0.13332942128181458,0.02517114207148552,0.08617809414863586,0.09680451452732086,0.8516826033592224,1.591006,1.5855634,100,13484,13584,0.37015924,-0.064831771,-0.08670932,0.9966817498207092,0.97145694,2.2872028,4.770822,0.85051924,0.36696684,1.0964831113815308,1.422271490097046,0.8742154836654663,0.011482512578368187,2.2960334,4.770822,0.85051924,0.35901043
A549,4,AFA,29,1,25.84,2,0.14020034670829773,0.001828160835430026,0.1402202844619751,0.001825624844059348,0.09001474827528,1.3445532321929932,0.0005046074511483312,0.1612498164176941,0.033241309225559235,0.10804449766874313,0.11926314979791641,1.0278774499893188,1.8043399,1.7877771,300,13764,14064,0.49186084,-0.022891697,-0.21070887,0.9928401708602905,0.9553235,2.5442715,5.590454,0,0.69757754,1.3445532321929932,1.9490238428115845,0.8922654390335083,0.03329625353217125,2.5704203,5.590454,0,0.68000096
A549,4,AFA,29,1,25.84,3,0.27056005597114563,0.021787168458104134,0.33222413063049316,0.006266449112445116,0.26737862825393677,3.4499881267547607,0.0029758510645478964,0.4137599468231201,0.1482531875371933,0.3120906949043274,0.33813536167144775,2.1808130741119385,2.9052439,2.90068,100,15772,15872,0.30858696,-0.02186328,-0.3766124,0.9961182475090027,0.9785668,3.88512,9.54724,0,4.5091376,3.4499881267547607,4.650758743286133,2.69124698638916,0.19685213267803192,3.887879,9.54724,0,4.535271
A549,4,AFA,29,1,25.84,4,0.28517046570777893,0.004402380436658859,0.28517046570777893,0.004402380436658859,,,,,,,,,5.187964,5.187964,0,11136,11136,0.21408793,,-0.6349282,,0.97113025,6.9385047,13.472512,3.4788713,2.4845982,,,,,6.9385047,13.472512,3.4788713,2.4845982
A549,4,AFA,29,1,25.84,5,0.24653811752796173,0.0038281362503767014,0.24653811752796173,0.0038281362503767014,0.176409512758255,4.380208969116211,0.0007528879214078188,0.24688145518302917,0.1165185496211052,0.19785812497138977,0.21352626383304596,3.166095495223999,4.303738,4.2910886,95,8449,8544,0.6110788,0.04949584975838661,-0.044490084,0.9980260133743286,0.97107774,6.0679193,14.262431,3.1684494,2.6232631,4.380208969116211,4.953399181365967,3.6399307250976562,0.0829431489109993,6.086896,14.262431,3.1684494,2.6194394
A549,4,AFA,3,1,25.84,1,0.10784488171339035,0.006390029098838568,0.1452597677707672,0.0031720579136162996,0.09797212481498718,1.3367215394973755,0.0014072657795622945,0.17182371020317078,0,0.12776128947734833,0.1393643617630005,0.8735015988349915,1.101012,1.0997262,100,17596,17696,0.7454864,-0.015066909,0.2121823,0.9968575835227966,0.9884401,1.5549029,4.4304004,0,1.0183997,1.3367215394973755,1.7193726301193237,1.0154147148132324,0.024593805894255638,1.5561429,4.4304004,0,1.0237756
A549,4,AFA,3,1,25.84,2,0.21255239844322205,0.007960161194205284,0.2268756777048111,0.005246968008577824,0.1557680368423462,2.1429214477539062,0.0015548061346635222,0.2516235411167145,0.009786761365830898,0.18663372099399567,0.20383435487747192,1.2925468683242798,1.6526394,1.6475763,200,14024,14224,0.7269144,-0.071008801,0.14742826,0.9955659508705139,0.97570616,2.9389606,6.515088,0,1.3483648,2.1429214477539062,2.9352476596832275,1.5666172504425049,0.0817723274230957,2.9503129,6.515088,0,1.357262
A549,4,AFA,3,1,25.84,3,0.13428327441215515,0.00190070946700871,0.13569070398807526,0.0017296555452048779,0.09958326071500778,1.3173061609268188,0.0006827714387327433,0.1818346530199051,0.033228930085897446,0.12025859206914902,0.1333642154932022,0.9185156226158142,1.2375149,1.2315929,349,18451,18800,0.6088916,0.3969748616218567,-0.12745947,0.9962732195854187,0.9745859,1.9261636,4.15791,0,0.35147548,1.3173061609268188,1.8661234378814697,0.979848325252533,0.02156602405011654,1.9376804,4.15791,0,0.3505712
A549,4,AFA,3,1,25.84,4,0.16910871863365173,0.004185451194643974,0.17649205029010773,0.003065090160816908,0.12044447660446167,1.1189769506454468,0.0007266150205396116,0.2040296047925949,0.039129991084337234,0.14188015460968018,0.15550898015499115,0.8146702647209167,1.1953633,1.1911223,200,17752,17952,0.64136636,0.18697293102741241,0.12634985,0.9965272545814514,0.9730235,1.845487,4.5084376,0,0.46899402,1.1189769506454468,1.584418535232544,0.8296663761138916,0.015589152462780476,1.8536723,4.5084376,0,0.46808866
A549,4,AFA,3,1,25.84,5,0.1553201526403427,0.02058434672653675,0.2661285698413849,0.005780333187431097,0.16835390031337738,1.9065784215927124,0.002003329573199153,0.29499170184135437,0.03834713250398636,0.204604372382164,0.22370269894599915,1.1897107362747192,1.3713899,1.3689246,368,26752,27120,0.7756258,0.24674317240715027,0.6607021,0.9936120510101318,0.9523894,1.7563393,6.844421,0,2.5692048,1.9065784215927124,2.5944223403930664,1.202062964439392,0.07502911239862442,1.7542726,6.844421,0,2.6032
A549,4,AFA,3,1,25.84,6,0.15116366744041443,0.0036003016866743565,0.15211181342601776,0.0034786604810506105,0.10783663392066956,2.380094051361084,0.0010184455895796418,0.20337599515914917,0.04442910477519035,0.13351377844810486,0.14964483678340912,1.4209136962890625,1.9718587,1.967218,100,11772,11872,0.37170523,0.08527596294879913,0.05379419,0.9978179335594177,0.9847504,3.9451928,9.298478,0,0.8707568,2.380094051361084,2.874504804611206,1.8952245712280273,0.046877313405275345,3.9584877,9.298478,0,0.8567707
A549,4,AFA,3,1,25.84,7,0.0463620200753212,0.0017525788862258196,0.07109060138463974,0.0009293998591601849,0.05594677850604057,0.5079185366630554,0.0006780980038456619,0.13997143507003784,0,0.07611100375652313,0.08880725502967834,0.43336260318756104,0.5666645,0.56513727,200,17256,17456,0.3491458,-0.493641794,0.084357604,0.9868282079696655,0.9756115,0.52235395,2.233271,0,0.18924703,0.5079185366630554,0.862424373626709,0,0.023831330239772797,0.5225213,2.233271,0,0.1911618
A549,4,AFA,3,1,25.84,8,0.21205376088619232,0.005484535824507475,0.21243609488010406,0.005413201171904802,0.14114165306091309,2.880697727203369,0.0010683918371796608,0.22954584658145905,0.0464908592402935,0.16728296875953674,0.18342064321041107,1.9109735488891602,2.8656483,2.8601058,200,34248,34448,0.91931033,0.34542179107666016,0.33108336,0.9864475131034851,0.9457666,5.0327053,14.665005,0,3.2828064,2.880697727203369,4.322179794311523,2.0007429122924805,0.3603622317314148,5.045273,14.665005,0,3.2726703
A549,4,AFA,3,1,25.84,9,0.13947509229183197,0.028140606358647346,0.32082992792129517,0.006546852644532919,,,,,,,,,4.891927,4.891927,0,26736,26736,0.09372242,,-0.047762662,,0.9637174,4.1931095,19.818356,0,24.490326,,,,,4.1931095,19.818356,0,24.490326
A549,4,AFA,30,1,25.84,1,0.31978610157966614,0.006401629187166691,0.32002344727516174,0.006330425385385752,0.17731137573719025,1.7895349264144897,0.0008422774262726307,0.25982463359832764,0.11309391260147095,0.20106247067451477,0.2146582156419754,1.3787181377410889,2.5926175,2.584433,200,29464,29664,0.7865412,0.5064712762832642,0.003426682,0.9946199059486389,0.9615496,3.6449308,7.379296,0,0.9741153,1.7895349264144897,2.5718235969543457,1.3565706014633179,0.052440743893384933,3.657525,7.379296,0,0.9568455
A549,4,AFA,30,1,25.84,2,0.15270772576332092,0.002330559538677335,0.1537962555885315,0.0021797604858875275,0.12271192669868469,1.3929044008255005,0.000997491180896759,0.20091639459133148,0.04616698995232582,0.1476818174123764,0.1610516905784607,1.0411467552185059,1.375686,1.3676598,200,8136,8336,0.27938786,-0.130693808,-0.24537152,0.9948926568031311,0.98427296,2.036219,4.1220202,0,0.29804656,1.3929044008255005,1.845902442932129,0.9424563646316528,0.03133976832032204,2.0520327,4.1220202,0,0.29417932
A549,4,AFA,30,1,25.84,3,0.08737671375274658,0.009151647798717022,0.16587170958518982,0.0043529425747692585,0.06050002947449684,0.9984590411186218,0.0034236398059874773,0.24060474336147308,0,0.11293794959783554,0.13886508345603943,1.0732965469360352,1.5497159,1.5382634,800,32480,33280,0.70191693,-0.083533093,0.3045888,0.9902895092964172,0.9843719,1.545148,6.719336,0,2.4609077,0.9984590411186218,2.4249584674835205,0,0.6983181834220886,1.5586133,6.719336,0,2.4967787
A549,4,AFA,30,1,25.84,4,0.12053804099559784,0.007031555753201246,0.16150908172130585,0.002804393181577325,0.09890104085206985,1.3889590501785278,0.0019728883635252714,0.19862116873264313,0,0.1324647068977356,0.14854393899440765,1.0850419998168945,1.3812879,1.3784217,100,10236,10336,0.5673139,0.009801885113120079,0.19255523,0.9968770742416382,0.99136645,1.7315173,4.418416,0,1.1564238,1.3889590501785278,2.0746161937713623,0,0.24445310235023499,1.7348639,4.418416,0,1.1641756
A549,4,AFA,30,1,25.84,5,0.1902795433998108,0.010013958439230919,0.21819987893104553,0.005391128361225128,0.10169629007577896,1.1855906248092651,0.00345737487077713,0.21722717583179474,0,0.1473206877708435,0.16297107934951782,1.051958441734314,1.7448062,1.7414193,200,40712,40912,0.12023512,-0.177144721,0.3546935,0.9945380091667175,0.93513274,2.5669,7.6590214,0,1.7840424,1.1855906248092651,1.9097139835357666,0,0.38885727524757385,2.5736856,7.6590214,0,1.7814772
A549,4,AFA,30,1,25.84,6,0.2116985321044922,0.022634778171777725,0.30400097370147705,0.0044437069445848465,0.24655184149742126,3.3725953102111816,0.0006849533529020846,0.3216942250728607,0.19109314680099487,0.26726046204566956,0.2792569398880005,2.614055871963501,2.4391577,2.4402623,200,31464,31664,0.99004793,0.04909658804535866,0.898981,0.9976915717124939,0.96101433,2.7931173,7.2321053,0,3.893077,3.3725953102111816,4.368974685668945,2.53505539894104,0.06263624131679535,2.789434,7.2321053,0,3.9152768
A549,4,AFA,30,1,25.84,7,0.08066827058792114,0.007268964778631926,0.1542200744152069,0.002553504891693592,0.10988111793994904,1.5554757118225098,0.002204615157097578,0.2263869345188141,0.01481078565120697,0.14990635216236115,0.17334729433059692,1.1193088293075562,1.2820935,1.2807556,197,23771,23968,0.68412787,-0.704393446,0.60163236,0.9613490104675293,0.97010684,1.1717161,4.8269043,0,1.4454994,1.5554757118225098,2.4959232807159424,0.814652144908905,0.2675994038581848,1.1685357,4.8269043,0,1.4540304
A549,4,AFA,30,1,25.84,8,0.1469719409942627,0.001982934307307005,0.1469719409942627,0.001982934307307005,0.08719000220298767,1.018562912940979,0.0003726161958184093,0.15073952078819275,0.03770434856414795,0.10220488905906677,0.11129923164844513,0.7969055771827698,1.3779293,1.3691686,200,13064,13264,0.21492353,0.3346477150917053,-0.49773532,0.9967301487922668,0.96378356,1.8871762,4.167198,0.67725104,0.32287556,1.018562912940979,1.321452021598816,0.8094911575317383,0.009578390046954155,1.9004737,4.167198,0.67725104,0.31594443
A549,4,AFA,31,1,25.84,1,0.5160214304924011,0.006755932699888945,0.5160214304924011,0.006755932699888945,0.40073829889297485,3.835055351257324,0.0007891592103987932,0.4648134708404541,0.32957717776298523,0.4239670932292938,0.4370773434638977,3.6054928302764893,5.259441,5.2448196,100,11212,11312,0.24453872,0.15947194397449493,0.25287664,0.9982517957687378,0.95663345,5.053126,8.531335,3.1333358,0.9456718,3.835055351257324,4.719817161560059,3.4106221199035645,0.05123821273446083,5.06399,8.531335,3.1333358,0.94029814
A549,4,AFA,31,1,25.84,2,0.2552121877670288,0.00575055880472064,0.2552121877670288,0.00575055880472064,0.17260175943374634,1.7459421157836914,0.0010027780663222075,0.25873568654060364,0.093015655875206,0.19811928272247314,0.21383734047412872,1.3027288913726807,1.8029639,1.7919551,200,8888,9088,0.07354031,0.6245377063751221,-0.36796725,0.9967522621154785,0.9708716,2.5262945,6.333453,1.3131143,0.5932511,1.7459421157836914,2.237082004547119,1.3131142854690552,0.03224099427461624,2.5438542,6.333453,1.3758242,0.591864
A549,4,AFA,31,1,25.84,3,0.35144779086112976,0.02175922878086567,0.400971919298172,0.004967652261257172,,,,,,,,,2.622584,2.622584,0,13424,13424,0.91914916,,0.8946981,,0.9739577,3.5235796,7.0255523,0,2.0843768,,,,,3.5235796,7.0255523,0,2.0843768
A549,4,AFA,31,1,25.84,4,0.14553262293338776,0.02841407060623169,0.3281209468841553,0.004151913337409496,0.31631916761398315,1.8411550521850586,0.0034712713677436113,0.3891197741031647,0,0.35544368624687195,0.37513017654418945,1.4546234607696533,1.6739596,1.6729585,59,12869,12928,0.5262208,-0.078579322,0.33522707,0.997475266456604,0.9916445,1.2237097,4.8289123,0,2.0141082,1.8411550521850586,2.274181365966797,0,0.0907256156206131,1.2208788,4.8289123,0,2.0211704
A549,4,AFA,31,1,25.84,5,0.11924323439598083,0.0011887906584888697,0.11924323439598083,0.0011887906584888697,0.08586975187063217,1.9773657321929932,0.00048668013187125325,0.14764076471328735,0.03401012718677521,0.1036262959241867,0.11434180289506912,1.4000324010849,1.9620496,1.9510036,200,9976,10176,0.49388802,-0.237321556,-0.18427786,0.995079755783081,0.9821401,2.9155686,6.692786,1.5141159,0.51667994,1.9773657321929932,2.6038877964019775,1.5141159296035767,0.05116697773337364,2.934378,6.692786,1.6169547,0.508012
A549,4,AFA,31,1,25.84,6,0.1609210968017578,0.02232206240296364,0.2724977433681488,0.0073949540965259075,0.12323900312185287,1.374586820602417,0.0056473384611308575,0.2584420144557953,0,0.18218976259231567,0.20606344938278198,1.2140088081359863,1.7238244,1.7212276,200,39064,39264,0.15213515,0.3770866096019745,-0.21356921,0.9967076778411865,0.9629592,1.9937865,7.4381104,0,3.2895043,1.374586820602417,2.6546790599823,0,0.5631807446479797,1.9969567,7.4381104,0,3.3014889
A549,4,AFA,31,1,25.84,7,0.34566307067871094,0.009571447968482971,0.34566307067871094,0.009571447968482971,0.2139396220445633,1.8984193801879883,0.000689917360432446,0.28239163756370544,0.14065635204315186,0.23504620790481567,0.24964258074760437,1.5319384336471558,2.8014827,2.7850547,200,15256,15456,0.24012242,-0.087788686,-0.4364872,0.9957157969474792,0.9413974,3.302933,7.5600657,1.4001338,1.1093372,1.8984193801879883,2.400080442428589,1.4943768978118896,0.03496928513050079,3.3213458,7.5600657,1.4001338,1.097222
A549,4,AFA,31,1,25.84,8,0.05733329430222511,0.0011875472264364362,0.07053110748529434,0.0005300578777678311,0.02188979461789131,0.1455134004354477,0.0005877347430214286,0.08919934928417206,0,0.043779581785202026,0.055188652127981186,0.2665959298610687,0.5479165,0.54435724,200,15608,15808,0.49000072,0.109829381108284,-0.19155306,0.9895859956741333,0.95519626,0.5463753,1.4716809,0,0.09925096,0.1455134004354477,0.4627256393432617,0,0.022386115044355392,0.55151194,1.4716809,0,0.09815045
A549,4,AFA,31,1,25.84,9,0.08112139999866486,0.003056393703445792,0.09817523509263992,0.0020246629137545824,0.07845902442932129,1.8346065282821655,0.0012146373046562076,0.1709737777709961,0,0.10617730766534805,0.1211930364370346,1.243166208267212,1.4938538,1.4909362,200,16984,17184,0.6718476,0.2302119880914688,0.5560542,0.9963432550430298,0.9824855,2.1351433,6.413902,0,1.2522713,1.8346065282821655,2.2993717193603516,1.4068597555160522,0.044494446367025375,2.1386821,6.413902,0,1.2654176
A549,4,AFA,31,1,25.84,10,0.1775055080652237,0.008876153267920017,0.20881792902946472,0.0039033342618495226,0.12687069177627563,1.28276789188385,0.002196274232119322,0.23523494601249695,0,0.1606348156929016,0.17833289504051208,1.0338473320007324,1.4264665,1.4179492,353,15919,16272,0.38906646,0.34251028299331665,0.004716493,0.9966147541999817,0.9831606,1.8367091,5.1305795,0,0.88102454,1.28276789188385,1.861410140991211,0,0.13090890645980835,1.8489926,5.1305795,0,0.89070296
A549,4,AFA,32,1,25.84,1,0.029077529907226562,0.002231457270681858,0.09213089942932129,0.0012611123966053128,0.023325832560658455,0.08996524661779404,0.00094215216813609,0.09065006673336029,0,0.04665166884660721,0.06831973046064377,0.21260100603103638,0.458275,0.4548527,300,21236,21536,0.25854415,-0.178460389,-0.002533481,0.9917647838592529,0.92424726,0.20161417,1.5472046,0,0.11816862,0.08996524661779404,0.3627874553203583,0,0.01339667197316885,0.20319144,1.5472046,0,0.11947014
A549,4,AFA,32,1,25.84,2,0.06409288942813873,0.005343986209481955,0.1379905492067337,0.0013083027442917228,0.015046418644487858,0.11425012350082397,0.0010729498462751508,0.13125720620155334,0,0.030092837288975716,0.06044287979602814,0.43409112095832825,0.73128194,0.72331655,470,17066,17536,0.25325716,-0.315068871,-0.24400198,0.9870282411575317,0.9571031,0.51870155,1.9993109,0,0.3395453,0.11425012350082397,0.7727184295654297,0,0.05598561465740204,0.5298402,1.9993109,0,0.3427255
A549,4,AFA,32,1,25.84,3,0.0816962718963623,0.008360746316611767,0.1747526377439499,0.0016222335398197174,0.13521862030029297,0.9410885572433472,0.00067566754296422,0.21129609644412994,0.05653500184416771,0.1557905673980713,0.16834567487239838,0.7943373918533325,0.9355449,0.93436503,200,23736,23936,0.92034596,0.26303136348724365,0.7810736,0.9965953230857849,0.98946285,0.5942647,2.4749715,0,0.42551497,0.9410885572433472,1.3015494346618652,0.726624071598053,0.011015359312295914,0.59134233,2.4749715,0,0.42798543
A549,4,AFA,32,1,25.84,4,0.07592958956956863,0.0004916407633572817,0.0768129825592041,0.0004295047838240862,0.054577916860580444,0.25701403617858887,0.00010565460979705676,0.08326441049575806,0.01731247827410698,0.06268458813428879,0.06788443773984909,0.23111897706985474,0.4103512,0.40667036,300,14308,14608,0.4942886,0.39008599519729614,-0.11210235,0.9963909387588501,0.9531768,0.46661237,1.0110083,0,0.027191324,0.25701403617858887,0.34931206703186035,0.20087255537509918,0.0006573988357558846,0.47100708,1.0110083,0,0.026807236
A549,4,AFA,32,1,25.84,5,0.05114241689443588,0.002353844465687871,0.08844830095767975,0.0007712162332609296,0.06278009712696075,0.48799192905426025,0.0004876315942965448,0.11381940543651581,0,0.07871384918689728,0.08698102831840515,0.4597536027431488,0.66141814,0.65891236,200,15896,16096,0.8308251,-0.092688039,0.4827169,0.9955083727836609,0.9675909,0.4970602,1.7009665,0,0.2172057,0.48799192905426025,0.6919042468070984,0,0.017014436423778534,0.49717432,1.7009665,0,0.21972343
A549,4,AFA,32,1,25.84,6,0.07636169344186783,0.007870751433074474,0.1502918004989624,0.0043797860853374004,0.014324111863970757,0.3631300628185272,0.0017945028375834227,0.21985125541687012,0,0.028648223727941513,0.057296447455883026,1.3900524377822876,1.6348734,1.6321605,100,8924,9024,0.43329117,0.04256954416632652,-0.14676677,0.9966640472412109,0.99224055,1.7957629,6.350401,0,3.2422163,0.3631300628185272,3.153756856918335,0,0.8915289044380188,1.8118165,6.350401,0,3.245301
A549,4,AFA,32,1,25.84,7,0.10374273359775543,0.0015603286447003484,0.10575023293495178,0.001378229120746255,0.06739369034767151,0.9401915073394775,0.0005694195860996842,0.1234857589006424,0.00577221205458045,0.08672871440649033,0.09803681075572968,0.7357959747314453,1.1615173,1.1561475,200,15656,15856,0.7191094,-0.296732485,0.08543669,0.9919152855873108,0.9745559,1.6081935,3.8969216,0,0.2599006,0.9401915073394775,1.3492553234100342,0.6174037456512451,0.022541437298059464,1.6167269,3.8969216,0,0.25715956
A549,4,AFA,32,1,25.84,8,0.06558702141046524,0.0017512228805571795,0.07929535955190659,0.001030237996019423,0.044904209673404694,0.5862056612968445,0.0007193187484517694,0.09857935458421707,0,0.06687148660421371,0.07706571370363235,0.551734447479248,0.93747896,0.93330055,100,9132,9232,0.6314474,-0.091424838,0.003062256,0.9948240518569946,0.97784805,1.0953213,2.881097,0,0.33987415,0.5862056612968445,0.8699372410774231,0,0.04886846989393234,1.1008964,2.881097,0,0.34019136
A549,4,AFA,33,1,25.84,1,0.12348522245883942,0.0018503951141610742,0.12708812952041626,0.0014464986743405461,0.07608581334352493,0.6023367047309875,0.0007808994851075113,0.14549162983894348,0,0.09710066765546799,0.10777919739484787,0.534684419631958,0.84086263,0.8322684,600,20776,21376,0.55768806,0.17481572926044464,-0.096166104,0.9935951232910156,0.97575146,1.0440872,2.93477,0,0.117165044,0.6023367047309875,0.9121435284614563,0,0.026971925050020218,1.0568446,2.93477,0,0.11397138
A549,4,AFA,33,1,25.84,2,0.14462724328041077,0.009767018258571625,0.19554908573627472,0.0032481681555509567,,,,,,,,,1.285159,1.285159,0,27200,27200,0.66982985,,0.2358008,,0.9907641,1.5682458,4.1636977,0,1.0032748,,,,,1.5682458,4.1636977,0,1.0032748
A549,4,AFA,33,1,25.84,3,0.07291632890701294,0.005695333704352379,0.13868001103401184,0.0017118818359449506,0.09785418212413788,0.8541049361228943,0.00115739565808326,0.2115193009376526,0,0.1222030445933342,0.13517150282859802,0.7208892703056335,0.9536623,0.95156515,400,44000,44400,0.9780593,0.5109865069389343,0.79105604,0.9955292344093323,0.98096484,0.7268741,3.7699223,0,0.5559847,0.8541049361228943,1.2218633890151978,0,0.051150351762771606,0.7257175,3.7699223,0,0.56042546
A549,4,AFA,34,1,25.84,1,0.06783555448055267,0.011693219654262066,0.2096603512763977,0.006405369378626347,0.18777137994766235,3.1062145233154297,0.005522542167454958,0.3678801655769348,0,0.24645817279815674,0.27605393528938293,1.5150216817855835,1.1978079,1.2032846,200,11384,11584,0.6061691,0.5381245613098145,0.76904196,0.9807995557785034,0.94793874,1.1489605,7.466423,0,2.9853542,3.1062145233154297,4.7044501304626465,0,0.5024675130844116,1.1145744,7.466423,0,2.96049
A549,4,AFA,34,1,25.84,2,0.18384434282779694,0.0024544084444642067,0.18386170268058777,0.002451448468491435,0.12867827713489532,1.5718611478805542,0.0007632234483025968,0.17509886622428894,0.041063182055950165,0.15064188838005066,0.16087621450424194,1.0212152004241943,1.4186167,1.4148648,100,10492,10592,0.46766782,0.07953353971242905,-0.14453161,0.997442364692688,0.9853713,2.472245,5.918806,0,0.3906385,1.5718611478805542,2.042762041091919,1.274621605873108,0.02602487988770008,2.4808266,5.918806,0,0.38631326
A549,4,AFA,34,1,25.84,3,0.10871013253927231,0.0025694631040096283,0.11297411471605301,0.0021885267924517393,0.07265643775463104,0.9509574174880981,0.0006859060376882553,0.16273944079875946,0.00548635283485055,0.09382816404104233,0.1054256409406662,0.6448522806167603,0.9439621,0.93714774,300,12868,13168,0.2735803,-0.201824933,-0.2640119,0.9943892359733582,0.96495956,1.6309328,5.0175896,0,0.5190481,0.9509574174880981,1.3511261940002441,0.606132984161377,0.019692808389663696,1.6467855,5.0175896,0,0.5196591
A549,4,AFA,35,1,25.84,1,0.07329957187175751,0.0006124061183072627,0.07405610382556915,0.0005627014325000346,0.057839877903461456,0.3847541809082031,0.00018834172806236893,0.1076418086886406,0.0167128574103117,0.06835509836673737,0.07560522854328156,0.34580934047698975,0.54615694,0.5413223,300,12132,12432,0.24891561,0.1533481329679489,-0.31967336,0.9948739409446716,0.9552938,0.62887865,2.4178224,0,0.08341856,0.3847541809082031,0.5378466844558716,0.28396326303482056,0.002350326394662261,0.63491535,2.4178224,0,0.08391306
A549,4,AFA,35,1,25.84,2,0.19261369109153748,0.015192445367574692,0.2518443763256073,0.0049473620019853115,0.19914138317108154,4.014564514160156,0.0023151380009949207,0.3010959327220917,0.07077480107545853,0.23726902902126312,0.26346316933631897,2.3629138469696045,2.184361,2.1850662,96,24208,24304,0.82007396,0.26753512024879456,0.52561,0.9967359900474548,0.99132854,3.2536786,9.177501,0,3.6574647,4.014564514160156,4.9474873542785645,2.824427366256714,0.1946178674697876,3.2506614,9.177501,0,3.6688924
A549,4,AFA,35,1,25.84,3,0.21840044856071472,0.0029171083588153124,0.21840044856071472,0.0029171083588153124,0.166815385222435,1.8049594163894653,0.001678671222180128,0.2904733717441559,0.0779617577791214,0.20106300711631775,0.2201065868139267,1.3773685693740845,2.285796,2.270899,265,15895,16160,0.3105073,-0.446644485,-0.38881606,0.984210729598999,0.95689195,3.269669,9.890251,1.075804,1.3007641,1.8049594163894653,2.8261969089508057,1.0758039951324463,0.19879861176013947,3.2940886,9.890251,1.097574,1.2827721
A549,4,AFA,35,1,25.84,4,0.2974472641944885,0.029037559404969215,0.38160473108291626,0.005138331092894077,,,,,,,,,3.4682388,3.4682388,0,12320,12320,0.9477267,,0.39907247,,0.9774618,4.740212,11.296144,0,7.7610264,,,,,4.740212,11.296144,0,7.7610264
A549,4,AFA,35,1,25.84,5,0.09599397331476212,0.019659142941236496,0.28231117129325867,0.005216663703322411,,,,,,,,,1.7848195,1.7848195,0,15184,15184,0.9829878,,0.734756,,0.9637224,1.2392826,8.973724,0,3.370255,,,,,1.2392826,8.973724,0,3.370255
A549,4,AFA,36,1,25.84,1,0.5160214304924011,0.006755932699888945,0.5160214304924011,0.006755932699888945,0.40073829889297485,3.835055351257324,0.0007891592103987932,0.4648134708404541,0.32957717776298523,0.4239670932292938,0.4370773434638977,3.6054928302764893,5.259441,5.2448196,100,11212,11312,0.24453872,0.15947194397449493,0.25287664,0.9982517957687378,0.95663345,5.053126,8.531335,3.1333358,0.9456718,3.835055351257324,4.719817161560059,3.4106221199035645,0.05123821273446083,5.06399,8.531335,3.1333358,0.94029814
A549,4,AFA,36,1,25.84,2,0.2552121877670288,0.00575055880472064,0.2552121877670288,0.00575055880472064,0.17260175943374634,1.7459421157836914,0.0010027780663222075,0.25873568654060364,0.093015655875206,0.19811928272247314,0.21383734047412872,1.3027288913726807,1.8029639,1.7919551,200,8888,9088,0.07354031,0.6245377063751221,-0.36796725,0.9967522621154785,0.9708716,2.5262945,6.333453,1.3131143,0.5932511,1.7459421157836914,2.237082004547119,1.3131142854690552,0.03224099427461624,2.5438542,6.333453,1.3758242,0.591864
A549,4,AFA,36,1,25.84,3,0.35144779086112976,0.02175922878086567,0.400971919298172,0.004967652261257172,,,,,,,,,2.622584,2.622584,0,13424,13424,0.91914916,,0.8946981,,0.9739577,3.5235796,7.0255523,0,2.0843768,,,,,3.5235796,7.0255523,0,2.0843768
A549,4,AFA,36,1,25.84,4,0.14553262293338776,0.02841407060623169,0.3281209468841553,0.004151913337409496,0.31631916761398315,1.8411550521850586,0.0034712713677436113,0.3891197741031647,0,0.35544368624687195,0.37513017654418945,1.4546234607696533,1.6739596,1.6729585,59,12869,12928,0.5262208,-0.078579322,0.33522707,0.997475266456604,0.9916445,1.2237097,4.8289123,0,2.0141082,1.8411550521850586,2.274181365966797,0,0.0907256156206131,1.2208788,4.8289123,0,2.0211704
A549,4,AFA,36,1,25.84,5,0.11924323439598083,0.0011887906584888697,0.11924323439598083,0.0011887906584888697,0.08586975187063217,1.9773657321929932,0.00048668013187125325,0.14764076471328735,0.03401012718677521,0.1036262959241867,0.11434180289506912,1.4000324010849,1.9620496,1.9510036,200,9976,10176,0.49388802,-0.237321556,-0.18427786,0.995079755783081,0.9821401,2.9155686,6.692786,1.5141159,0.51667994,1.9773657321929932,2.6038877964019775,1.5141159296035767,0.05116697773337364,2.934378,6.692786,1.6169547,0.508012
A549,4,AFA,36,1,25.84,6,0.1609210968017578,0.02232206240296364,0.2724977433681488,0.0073949540965259075,0.12323900312185287,1.374586820602417,0.0056473384611308575,0.2584420144557953,0,0.18218976259231567,0.20606344938278198,1.2140088081359863,1.7238244,1.7212276,200,39064,39264,0.15213515,0.3770866096019745,-0.21356921,0.9967076778411865,0.9629592,1.9937865,7.4381104,0,3.2895043,1.374586820602417,2.6546790599823,0,0.5631807446479797,1.9969567,7.4381104,0,3.3014889
A549,4,AFA,36,1,25.84,7,0.34566307067871094,0.009571447968482971,0.34566307067871094,0.009571447968482971,0.2139396220445633,1.8984193801879883,0.000689917360432446,0.28239163756370544,0.14065635204315186,0.23504620790481567,0.24964258074760437,1.5319384336471558,2.8014827,2.7850547,200,15256,15456,0.24012242,-0.087788686,-0.4364872,0.9957157969474792,0.9413974,3.302933,7.5600657,1.4001338,1.1093372,1.8984193801879883,2.400080442428589,1.4943768978118896,0.03496928513050079,3.3213458,7.5600657,1.4001338,1.097222
A549,4,AFA,36,1,25.84,8,0.05733329430222511,0.0011875472264364362,0.07053110748529434,0.0005300578777678311,0.02188979461789131,0.1455134004354477,0.0005877347430214286,0.08919934928417206,0,0.043779581785202026,0.055188652127981186,0.2665959298610687,0.5479165,0.54435724,200,15608,15808,0.49000072,0.109829381108284,-0.19155306,0.9895859956741333,0.95519626,0.5463753,1.4716809,0,0.09925096,0.1455134004354477,0.4627256393432617,0,0.022386115044355392,0.55151194,1.4716809,0,0.09815045
A549,4,AFA,36,1,25.84,9,0.08112139999866486,0.003056393703445792,0.09817523509263992,0.0020246629137545824,0.07845902442932129,1.8346065282821655,0.0012146373046562076,0.1709737777709961,0,0.10617730766534805,0.1211930364370346,1.243166208267212,1.4938538,1.4909362,200,16984,17184,0.6718476,0.2302119880914688,0.5560542,0.9963432550430298,0.9824855,2.1351433,6.413902,0,1.2522713,1.8346065282821655,2.2993717193603516,1.4068597555160522,0.044494446367025375,2.1386821,6.413902,0,1.2654176
A549,4,AFA,36,1,25.84,10,0.1775055080652237,0.008876153267920017,0.20881792902946472,0.0039033342618495226,0.12687069177627563,1.28276789188385,0.002196274232119322,0.23523494601249695,0,0.1606348156929016,0.17833289504051208,1.0338473320007324,1.4264665,1.4179492,353,15919,16272,0.38906646,0.34251028299331665,0.004716493,0.9966147541999817,0.9831606,1.8367091,5.1305795,0,0.88102454,1.28276789188385,1.861410140991211,0,0.13090890645980835,1.8489926,5.1305795,0,0.89070296
A549,4,AFA,37,1,25.84,1,0.029077529907226562,0.002231457270681858,0.09213089942932129,0.0012611123966053128,0.023325832560658455,0.08996524661779404,0.00094215216813609,0.09065006673336029,0,0.04665166884660721,0.06831973046064377,0.21260100603103638,0.458275,0.4548527,300,21236,21536,0.25854415,-0.178460389,-0.002533481,0.9917647838592529,0.92424726,0.20161417,1.5472046,0,0.11816862,0.08996524661779404,0.3627874553203583,0,0.01339667197316885,0.20319144,1.5472046,0,0.11947014
A549,4,AFA,37,1,25.84,2,0.06409288942813873,0.005343986209481955,0.1379905492067337,0.0013083027442917228,0.015046418644487858,0.11425012350082397,0.0010729498462751508,0.13125720620155334,0,0.030092837288975716,0.06044287979602814,0.43409112095832825,0.73128194,0.72331655,470,17066,17536,0.25325716,-0.315068871,-0.24400198,0.9870282411575317,0.9571031,0.51870155,1.9993109,0,0.3395453,0.11425012350082397,0.7727184295654297,0,0.05598561465740204,0.5298402,1.9993109,0,0.3427255
A549,4,AFA,37,1,25.84,3,0.0816962718963623,0.008360746316611767,0.1747526377439499,0.0016222335398197174,0.13521862030029297,0.9410885572433472,0.00067566754296422,0.21129609644412994,0.05653500184416771,0.1557905673980713,0.16834567487239838,0.7943373918533325,0.9355449,0.93436503,200,23736,23936,0.92034596,0.26303136348724365,0.7810736,0.9965953230857849,0.98946285,0.5942647,2.4749715,0,0.42551497,0.9410885572433472,1.3015494346618652,0.726624071598053,0.011015359312295914,0.59134233,2.4749715,0,0.42798543
A549,4,AFA,37,1,25.84,4,0.07592958956956863,0.0004916407633572817,0.0768129825592041,0.0004295047838240862,0.054577916860580444,0.25701403617858887,0.00010565460979705676,0.08326441049575806,0.01731247827410698,0.06268458813428879,0.06788443773984909,0.23111897706985474,0.4103512,0.40667036,300,14308,14608,0.4942886,0.39008599519729614,-0.11210235,0.9963909387588501,0.9531768,0.46661237,1.0110083,0,0.027191324,0.25701403617858887,0.34931206703186035,0.20087255537509918,0.0006573988357558846,0.47100708,1.0110083,0,0.026807236
A549,4,AFA,37,1,25.84,5,0.05114241689443588,0.002353844465687871,0.08844830095767975,0.0007712162332609296,0.06278009712696075,0.48799192905426025,0.0004876315942965448,0.11381940543651581,0,0.07871384918689728,0.08698102831840515,0.4597536027431488,0.66141814,0.65891236,200,15896,16096,0.8308251,-0.092688039,0.4827169,0.9955083727836609,0.9675909,0.4970602,1.7009665,0,0.2172057,0.48799192905426025,0.6919042468070984,0,0.017014436423778534,0.49717432,1.7009665,0,0.21972343
A549,4,AFA,37,1,25.84,6,0.07636169344186783,0.007870751433074474,0.1502918004989624,0.0043797860853374004,0.014324111863970757,0.3631300628185272,0.0017945028375834227,0.21985125541687012,0,0.028648223727941513,0.057296447455883026,1.3900524377822876,1.6348734,1.6321605,100,8924,9024,0.43329117,0.04256954416632652,-0.14676677,0.9966640472412109,0.99224055,1.7957629,6.350401,0,3.2422163,0.3631300628185272,3.153756856918335,0,0.8915289044380188,1.8118165,6.350401,0,3.245301
A549,4,AFA,37,1,25.84,7,0.10374273359775543,0.0015603286447003484,0.10575023293495178,0.001378229120746255,0.06739369034767151,0.9401915073394775,0.0005694195860996842,0.1234857589006424,0.00577221205458045,0.08672871440649033,0.09803681075572968,0.7357959747314453,1.1615173,1.1561475,200,15656,15856,0.7191094,-0.296732485,0.08543669,0.9919152855873108,0.9745559,1.6081935,3.8969216,0,0.2599006,0.9401915073394775,1.3492553234100342,0.6174037456512451,0.022541437298059464,1.6167269,3.8969216,0,0.25715956
A549,4,AFA,37,1,25.84,8,0.06558702141046524,0.0017512228805571795,0.07929535955190659,0.001030237996019423,0.044904209673404694,0.5862056612968445,0.0007193187484517694,0.09857935458421707,0,0.06687148660421371,0.07706571370363235,0.551734447479248,0.93747896,0.93330055,100,9132,9232,0.6314474,-0.091424838,0.003062256,0.9948240518569946,0.97784805,1.0953213,2.881097,0,0.33987415,0.5862056612968445,0.8699372410774231,0,0.04886846989393234,1.1008964,2.881097,0,0.34019136
A549,4,AFA,38,1,25.84,1,0.12348522245883942,0.0018503951141610742,0.12708812952041626,0.0014464986743405461,0.07608581334352493,0.6023367047309875,0.0007808994851075113,0.14549162983894348,0,0.09710066765546799,0.10777919739484787,0.534684419631958,0.84086263,0.8322684,600,20776,21376,0.55768806,0.17481572926044464,-0.096166104,0.9935951232910156,0.97575146,1.0440872,2.93477,0,0.117165044,0.6023367047309875,0.9121435284614563,0,0.026971925050020218,1.0568446,2.93477,0,0.11397138
A549,4,AFA,38,1,25.84,2,0.14462724328041077,0.009767018258571625,0.19554908573627472,0.0032481681555509567,,,,,,,,,1.285159,1.285159,0,27200,27200,0.66982985,,0.2358008,,0.9907641,1.5682458,4.1636977,0,1.0032748,,,,,1.5682458,4.1636977,0,1.0032748
A549,4,AFA,38,1,25.84,3,0.07291632890701294,0.005695333704352379,0.13868001103401184,0.0017118818359449506,0.09785418212413788,0.8541049361228943,0.00115739565808326,0.2115193009376526,0,0.1222030445933342,0.13517150282859802,0.7208892703056335,0.9536623,0.95156515,400,44000,44400,0.9780593,0.5109865069389343,0.79105604,0.9955292344093323,0.98096484,0.7268741,3.7699223,0,0.5559847,0.8541049361228943,1.2218633890151978,0,0.051150351762771606,0.7257175,3.7699223,0,0.56042546
A549,4,AFA,39,1,25.84,1,0.06783555448055267,0.011693219654262066,0.2096603512763977,0.006405369378626347,0.18777137994766235,3.1062145233154297,0.005522542167454958,0.3678801655769348,0,0.24645817279815674,0.27605393528938293,1.5150216817855835,1.1978079,1.2032846,200,11384,11584,0.6061691,0.5381245613098145,0.76904196,0.9807995557785034,0.94793874,1.1489605,7.466423,0,2.9853542,3.1062145233154297,4.7044501304626465,0,0.5024675130844116,1.1145744,7.466423,0,2.96049
A549,4,AFA,39,1,25.84,2,0.18384434282779694,0.0024544084444642067,0.18386170268058777,0.002451448468491435,0.12867827713489532,1.5718611478805542,0.0007632234483025968,0.17509886622428894,0.041063182055950165,0.15064188838005066,0.16087621450424194,1.0212152004241943,1.4186167,1.4148648,100,10492,10592,0.46766782,0.07953353971242905,-0.14453161,0.997442364692688,0.9853713,2.472245,5.918806,0,0.3906385,1.5718611478805542,2.042762041091919,1.274621605873108,0.02602487988770008,2.4808266,5.918806,0,0.38631326
A549,4,AFA,39,1,25.84,3,0.10871013253927231,0.0025694631040096283,0.11297411471605301,0.0021885267924517393,0.07265643775463104,0.9509574174880981,0.0006859060376882553,0.16273944079875946,0.00548635283485055,0.09382816404104233,0.1054256409406662,0.6448522806167603,0.9439621,0.93714774,300,12868,13168,0.2735803,-0.201824933,-0.2640119,0.9943892359733582,0.96495956,1.6309328,5.0175896,0,0.5190481,0.9509574174880981,1.3511261940002441,0.606132984161377,0.019692808389663696,1.6467855,5.0175896,0,0.5196591
A549,4,AFA,4,1,25.84,1,0.14905795454978943,0.012287487275898457,0.21582116186618805,0.0033821493852883577,0.18025237321853638,1.9716391563415527,0.0017727744998410344,0.36330533027648926,0.07757773995399475,0.21314598619937897,0.23641857504844666,1.1241416931152344,1.3502289,1.3477693,200,18184,18384,0.4588847,0.538029670715332,0.42864653,0.9927189946174622,0.97720546,1.7977198,7.0020924,0,1.8024403,1.9716391563415527,2.9914615154266357,1.3557586669921875,0.08114852756261826,1.7958069,7.0020924,0,1.821036
A549,4,AFA,4,1,25.84,2,0.20857121050357819,0.00371244503185153,0.21112968027591705,0.0032178147230297327,0.1368803083896637,1.0863661766052246,0.0007381924078799784,0.2378888726234436,0.050087980926036835,0.1581408977508545,0.17171679437160492,0.7460181713104248,1.0442837,1.0383906,300,14884,15184,0.6419456,0.24800968170166016,0.18307982,0.9967313408851624,0.9796063,1.7289175,3.8741112,0,0.24796368,1.0863661766052246,1.445288896560669,0.8183581233024597,0.012526541016995907,1.7418687,3.8741112,0,0.24421959
A549,4,AFA,40,1,25.84,1,0.07329957187175751,0.0006124061183072627,0.07405610382556915,0.0005627014325000346,0.057839877903461456,0.3847541809082031,0.00018834172806236893,0.1076418086886406,0.0167128574103117,0.06835509836673737,0.07560522854328156,0.34580934047698975,0.54615694,0.5413223,300,12132,12432,0.24891561,0.1533481329679489,-0.31967336,0.9948739409446716,0.9552938,0.62887865,2.4178224,0,0.08341856,0.3847541809082031,0.5378466844558716,0.28396326303482056,0.002350326394662261,0.63491535,2.4178224,0,0.08391306
A549,4,AFA,40,1,25.84,2,0.19261369109153748,0.015192445367574692,0.2518443763256073,0.0049473620019853115,0.19914138317108154,4.014564514160156,0.0023151380009949207,0.3010959327220917,0.07077480107545853,0.23726902902126312,0.26346316933631897,2.3629138469696045,2.184361,2.1850662,96,24208,24304,0.82007396,0.26753512024879456,0.52561,0.9967359900474548,0.99132854,3.2536786,9.177501,0,3.6574647,4.014564514160156,4.9474873542785645,2.824427366256714,0.1946178674697876,3.2506614,9.177501,0,3.6688924
A549,4,AFA,40,1,25.84,3,0.21840044856071472,0.0029171083588153124,0.21840044856071472,0.0029171083588153124,0.166815385222435,1.8049594163894653,0.001678671222180128,0.2904733717441559,0.0779617577791214,0.20106300711631775,0.2201065868139267,1.3773685693740845,2.285796,2.270899,265,15895,16160,0.3105073,-0.446644485,-0.38881606,0.984210729598999,0.95689195,3.269669,9.890251,1.075804,1.3007641,1.8049594163894653,2.8261969089508057,1.0758039951324463,0.19879861176013947,3.2940886,9.890251,1.097574,1.2827721
A549,4,AFA,40,1,25.84,4,0.2974472641944885,0.029037559404969215,0.38160473108291626,0.005138331092894077,,,,,,,,,3.4682388,3.4682388,0,12320,12320,0.9477267,,0.39907247,,0.9774618,4.740212,11.296144,0,7.7610264,,,,,4.740212,11.296144,0,7.7610264
A549,4,AFA,40,1,25.84,5,0.09599397331476212,0.019659142941236496,0.28231117129325867,0.005216663703322411,,,,,,,,,1.7848195,1.7848195,0,15184,15184,0.9829878,,0.734756,,0.9637224,1.2392826,8.973724,0,3.370255,,,,,1.2392826,8.973724,0,3.370255
A549,4,AFA,41,1,25.84,1,0.30067282915115356,0.003937494941055775,0.30067282915115356,0.003937494941055775,0.2379060685634613,2.770899772644043,0.0009724366827867925,0.31594571471214294,0.1655503511428833,0.26394185423851013,0.2793678939342499,2.1483476161956787,2.9049416,2.887793,400,17248,17648,0.11506566,0.010752130299806595,-0.3002329,0.9937732815742493,0.963481,3.7077134,6.4866924,1.7619711,0.7919178,2.770899772644043,3.6653833389282227,2.136948823928833,0.08529788255691528,3.7294393,6.4866924,1.7619711,0.78748006
A549,4,AFA,41,1,25.84,2,0.07635313272476196,0.007575282361358404,0.1647629737854004,0.0017800894565880299,0.1598386913537979,2.5848388671875,0.0010644590947777033,0.25608617067337036,0.09001608192920685,0.18550214171409607,0.20432257652282715,1.6498162746429443,1.2853941,1.2883792,300,36324,36624,0.62525195,0.8136929869651794,0.7245038,0.9970689415931702,0.97588694,1.2023584,4.7501893,0,1.7618434,2.5848388671875,3.293370246887207,1.9845346212387085,0.04787759110331535,1.1909406,4.7501893,0,1.7600837
A549,4,AFA,41,1,25.84,3,0.26403218507766724,0.0017906427383422852,0.26403218507766724,0.0017906427383422852,0.2506875693798065,2.7989885807037354,0.0005291911074891686,0.2967880666255951,0.1847188025712967,0.26934191584587097,0.27860376238822937,2.027996778488159,2.0051184,2.0053463,100,9932,10032,0.833059,0.009810741990804672,0.737653,0.9982770085334778,0.9920063,2.89462,4.2464247,1.6996498,0.10957069,2.7989885807037354,3.538262128829956,2.3056533336639404,0.040561627596616745,2.8955827,4.2464247,1.6996498,0.1101725
A549,4,AFA,41,1,25.84,4,0.2962751090526581,0.006175711750984192,0.2962751090526581,0.006175711750984192,0.17953865230083466,2.0035600662231445,0.0004170210158918053,0.22732412815093994,0.12376878410577774,0.19613933563232422,0.20499193668365479,1.5212349891662598,2.7485762,2.7414536,200,34264,34464,0.15194128,0.17152836918830872,0.04169566,0.9975748062133789,0.9518998,3.842812,7.1352572,1.6285133,1.1880051,2.0035600662231445,2.4340431690216064,1.6285133361816406,0.02330765686929226,3.8535476,7.1352572,1.6905386,1.1749425
A549,4,AFA,41,1,25.84,5,0.21711702644824982,0.0009359032264910638,0.21711702644824982,0.0009359032264910638,,,,,,,,,2.0914733,2.0914733,0,12032,12032,0.7209576,,0.40865183,,0.9921877,2.9637368,4.799151,2.0213325,0.14816248,,,,,2.9637368,4.799151,2.0213325,0.14816248
A549,4,AFA,41,1,25.84,6,0.20936760306358337,0.0012182856444269419,0.20936760306358337,0.0012182856444269419,0.17835088074207306,3.193988084793091,0.00039055809611454606,0.2265402227640152,0.12739531695842743,0.19424280524253845,0.20349246263504028,2.2947187423706055,2.7287245,2.7198405,300,14356,14656,0.9104405,0.07237006723880768,0.41623667,0.9959841370582581,0.98537505,3.8756127,6.290746,1.9698234,0.4663161,3.193988084793091,4.107901096343994,2.535391092300415,0.10451788455247879,3.889857,6.290746,1.9698234,0.46396467
A549,4,AFA,41,1,25.84,7,0.04061100631952286,0.004401073791086674,0.13408079743385315,0.0019980266224592924,0.1463981568813324,2.2595553398132324,0.0005993585800752044,0.2015451341867447,0.06980603188276291,0.1664135754108429,0.17645949125289917,1.5638293027877808,1.067938,1.0698302,100,26108,26208,0.48764813,0.0322541669011116,0.7678459,0.9963322877883911,0.9590857,0.6999089,4.6314683,0,1.2618992,2.2595553398132324,2.8342480659484863,1.8726797103881836,0.04849568381905556,0.6939351,4.6314683,0,1.2571943
A549,4,AFA,41,1,25.84,8,0.23320993781089783,0.0011054817587137222,0.23320993781089783,0.0011054817587137222,0.200218066573143,3.1823489665985107,0.0002979483106173575,0.25240758061408997,0.1501326709985733,0.21373072266578674,0.22191491723060608,2.4509146213531494,2.8723598,2.86525,200,11656,11856,0.5325619,0.7300872802734375,-0.0601352,0.9989442825317383,0.9858329,3.692507,5.7077327,2.1806393,0.35096207,3.1823489665985107,3.5940163135528564,2.7779219150543213,0.020195873454213142,3.7012606,5.7077327,2.1806393,0.3520952
A549,4,AFA,41,1,25.84,9,0.03549989312887192,0.0018549017840996385,0.07891571521759033,0.0006972269620746374,0.028204867616295815,0.460640549659729,0.0012755159987136722,0.12113113701343536,0,0.05640973523259163,0.08055832237005234,0.7185947299003601,0.8261591,0.8238956,300,13956,14256,0.40823612,0.21144674718379974,0.15373069,0.9937781691551208,0.990716,0.5796016,1.9816511,0,0.42254713,0.460640549659729,1.2837978601455688,0,0.2817287743091583,0.5821587,1.9816511,0,0.42526343
A549,4,AFA,41,1,25.84,10,0.1403120905160904,0.007836302742362022,0.18775315582752228,0.0015786336734890938,0.22198887169361115,3.2961204051971436,0.0005468268063850701,0.2872787415981293,0.17111629247665405,0.24041195213794708,0.2531467080116272,2.406858444213867,1.5601962,1.564474,100,19692,19792,0.8467634,0.7141541838645935,0.95551807,0.9989085793495178,0.9663483,1.9250131,4.10011,0,1.4344,3.2961204051971436,3.750706911087036,2.9649996757507324,0.029389135539531708,1.9180505,4.10011,0,1.4319395
A549,4,AFA,41,1,25.84,11,0.1585453748703003,0.004204704891890287,0.175981804728508,0.0015986335929483175,0.14724190533161163,1.848142147064209,0.0015879191923886538,0.23167724907398224,0,0.1770731508731842,0.19178064167499542,1.2621583938598633,1.3770368,1.3745309,356,15964,16320,0.5218339,0.33451616764068604,0.56216156,0.9882478713989258,0.9855995,1.9661447,3.9330754,0,0.58137196,1.848142147064209,2.564197063446045,0,0.1757240891456604,1.9687761,3.9330754,0,0.59010047
A549,4,AFA,41,1,25.84,12,0.2813302278518677,0.0032627142500132322,0.2813302278518677,0.0032627142500132322,0.23465263843536377,3.2881481647491455,0.0005997336120344698,0.2924228608608246,0.183223158121109,0.2548735737800598,0.26714617013931274,2.634596824645996,3.2374556,3.230333,200,16728,16928,0.65168667,0.491019606590271,-0.028091881,0.9968223571777344,0.97018194,3.8942935,6.4428387,2.1074896,0.67588395,3.2881481647491455,3.8363447189331055,2.7413880825042725,0.042029038071632385,3.9015408,6.4428387,2.1074896,0.679017
A549,4,AFA,42,1,25.84,1,0.04454609006643295,0.0035167448222637177,0.11225182563066483,0.0012617643224075437,0.012520329095423222,0.1975245624780655,0.0008820401271805167,0.11452952772378922,0,0.025040660053491592,0.050081320106983185,0.7861858606338501,0.98132145,0.97864103,200,14360,14560,0.6282305,-0.137482524,0.35200766,0.9964447617530823,0.99123347,0.6336468,3.0027108,0,0.63675857,0.1975245624780655,1.454944133758545,0,0.19932113587856293,0.639721,3.0027108,0,0.64016503
A549,4,AFA,42,1,25.84,2,0.1337592750787735,0.0007411460974253714,0.1337592750787735,0.0007411460974253714,0.10379286855459213,1.2853549718856812,0.0004337204445619136,0.1595066338777542,0.043619304895401,0.12025661766529083,0.13059526681900024,0.9595209360122681,1.2595148,1.2557532,257,20239,20496,0.7703979,-0.216471598,0.25229436,0.9950557351112366,0.9857957,1.730585,2.8739643,0.8014998,0.10127915,1.2853549718856812,1.6978121995925903,0.9969204068183899,0.019987929612398148,1.7362387,2.8739643,0.8014998,0.099762276
A549,4,AFA,42,1,25.84,3,0.10085342079401016,0.0002965496969409287,0.10085342079401016,0.0002965496969409287,0.0759659931063652,0.6614448428153992,0.0002825387637130916,0.11714823544025421,0.04349598288536072,0.0903068259358406,0.09773911535739899,0.521371603012085,0.71119267,0.708135,200,12216,12416,0.43536577,-0.460926235,-0.034368217,0.9879049062728882,0.986091,0.9034458,1.3460951,0.4895642,0.022065468,0.6614448428153992,0.9091095924377441,0.48961779475212097,0.011711413972079754,0.9074079,1.3460951,0.4895642,0.021260472
A549,4,AFA,42,1,25.84,4,0.08348890393972397,0.0004979428485967219,0.08356685936450958,0.0004918933846056461,0.058545395731925964,0.6746605634689331,0.00025076058227568865,0.10345861315727234,0.017502112314105034,0.07111947238445282,0.07927897572517395,0.5462557077407837,0.7752198,0.77003545,267,11525,11792,0.4811107,-0.275992036,0.07726006,0.9939603805541992,0.98559684,1.0095696,1.7849342,0,0.04058578,0.6746605634689331,0.9413507580757141,0.45050063729286194,0.007744353264570236,1.0173285,1.7849342,0,0.03868791
A549,4,AFA,42,1,25.84,5,0.15156503021717072,0.0009314094204455614,0.15156503021717072,0.0009314094204455614,0.11664771288633347,1.5962306261062622,0.00033471398637630045,0.16393114626407623,0.06970132887363434,0.13136589527130127,0.14045199751853943,1.2003495693206787,1.7692223,1.7579082,400,19712,20112,0.49612376,0.19556200504302979,0.15671402,0.9943217039108276,0.97414637,2.414326,4.3176165,1.1478406,0.36417353,1.5962306261062622,2.0514209270477295,1.1478406190872192,0.029215775430202484,2.4309268,4.3176165,1.3254462,0.35711384
A549,4,AFA,42,1,25.84,6,0.2744024693965912,0.0014959067339077592,0.2744024693965912,0.0014959067339077592,0.22221863269805908,2.3015308380126953,0.0006297818617895246,0.28313231468200684,0.1675480753183365,0.2425297498703003,0.25327786803245544,1.6799452304840088,2.0500195,2.0451908,200,15128,15328,0.94297814,0.5677655935287476,0.60344505,0.9970775842666626,0.9931896,2.9195921,4.466972,1.6431085,0.14447734,2.3015308380126953,2.800485610961914,1.839484453201294,0.03424082696437836,2.9277627,4.466972,1.6431085,0.14081772
A549,4,AFA,42,1,25.84,7,0.23021627962589264,0.001274853479117155,0.23021627962589264,0.001274853479117155,0.18046416342258453,3.4430477619171143,0.00029971188632771373,0.22720035910606384,0.13879087567329407,0.1942901611328125,0.20248615741729736,2.453644275665283,2.9942245,2.9894245,77,8595,8672,0.98580676,-0.104939125,0.69435114,0.998896062374115,0.9950478,4.3484936,6.7395334,3.00703,0.2737301,3.4430477619171143,3.8580455780029297,3.029512643814087,0.03739798441529274,4.3566055,6.7395334,3.00703,0.2684369
A549,4,AFA,42,1,25.84,8,0.15533854067325592,0.0009168485412374139,0.15533854067325592,0.0009168485412374139,0.10776177048683167,2.1152303218841553,0.00018833638750948012,0.13997626304626465,0.068728007376194,0.11828038841485977,0.12426639348268509,1.5207432508468628,2.190899,2.1859303,100,13388,13488,0.082997605,0.06181588023900986,-0.004815541,0.9992275238037109,0.9804905,3.1167035,6.069809,1.7329441,0.5030006,2.1152303218841553,2.3208093643188477,1.8661165237426758,0.007981520146131516,3.124184,6.069809,1.7329441,0.49915072
A549,4,AFA,42,1,25.84,9,0.19256111979484558,0.003256975905969739,0.19365864992141724,0.003062994685024023,0.12891477346420288,1.269132375717163,0.0007559980731457472,0.21463337540626526,0.0461113266646862,0.1506703644990921,0.16303300857543945,0.9394247531890869,1.3495063,1.3429596,200,12328,12528,0.557012,0.46792182326316833,0.20597818,0.9964122772216797,0.9818727,2.155315,4.699852,0,0.40353638,1.269132375717163,1.6667622327804565,0.9156665205955505,0.01958656869828701,2.1696918,4.699852,0,0.39681822
A549,4,AFA,43,1,25.84,1,0.10783996433019638,0.0010697112884372473,0.11028216779232025,0.0008246049401350319,0.08492732793092728,0.6820347905158997,0.0001945951662492007,0.12028902024030685,0.04535764828324318,0.09660772979259491,0.10322797298431396,0.5596317648887634,0.7917727,0.7890859,300,25620,25920,0.20799097,0.6236662864685059,-0.20080447,0.9980189204216003,0.9631715,1.0001036,2.2953181,0,0.1389234,0.6820347905158997,0.8434467315673828,0.5601350665092468,0.002373252296820283,1.0038279,2.2953181,0,0.13932386
A549,4,AFA,43,1,25.84,2,0.0675618052482605,0.008765009231865406,0.18756341934204102,0.0018252867739647627,0.17438723146915436,2.210247278213501,0.0010299732675775886,0.2597438395023346,0.08912862837314606,0.2008179873228073,0.21561136841773987,1.4073245525360107,1.1220285,1.1240224,300,42628,42928,0.7199205,-0.54563427,0.75349015,0.9936168193817139,0.96731067,0.88621455,4.973707,0,1.4690393,2.210247278213501,2.995422124862671,1.5926955938339233,0.11597327142953873,0.8768965,4.973707,0,1.4661375
A549,4,AFA,43,1,25.84,3,0.11760050058364868,0.0012017660774290562,0.11760050058364868,0.0012017660774290562,0.08301661908626556,1.587234377861023,0.00022221343533601612,0.13445094227790833,0.055234503000974655,0.09408093243837357,0.10279321670532227,1.1217503547668457,1.6393738,1.6355652,87,11737,11824,0.6858724,0.0988599881529808,0.2527843,0.99819415807724,0.97643155,2.633603,5.7178464,1.3680583,0.49749038,1.587234377861023,1.8391575813293457,1.382973551750183,0.013256230391561985,2.641359,5.7178464,1.3680583,0.49290377
A549,4,AFA,43,1,25.84,4,0.04471924901008606,0.003990390338003635,0.1214752048254013,0.0015155371511355042,,,,,,,,,1.263328,1.263328,0,11216,11216,0.89553905,,0.8900306,,0.9812913,1.0136167,4.529168,0,1.8413943,,,,,1.0136167,4.529168,0,1.8413943
A549,4,AFA,43,1,25.84,5,0.33172711730003357,0.014548572711646557,0.3662772476673126,0.003408922581002116,0.3088568449020386,2.8775293827056885,0.0009758778614923358,0.4010436236858368,0.2358730286359787,0.33298856019973755,0.34890374541282654,1.96430242061615,2.2579863,2.2549012,100,9420,9520,0.85326964,0.05719408392906189,0.5317441,0.9981063008308411,0.99099547,3.335344,5.906522,0,1.4857169,2.8775293827056885,3.356539487838745,2.3261635303497314,0.04955463856458664,3.3402045,5.906522,0,1.4987143
A549,4,AFA,43,1,25.84,6,0.159509539604187,0.0011482343543320894,0.159509539604187,0.0011482343543320894,0.10086096078157425,1.1141047477722168,0.00023461617820430547,0.1404082328081131,0.06189333647489548,0.1129906177520752,0.1193089410662651,0.8514530658721924,1.2902473,1.2831701,200,12200,12400,0.76214695,0.4593437910079956,0.3689229,0.9960572123527527,0.9810788,1.7310982,2.9094694,0.8297384,0.12178821,1.1141047477722168,1.3661447763442993,0.8297383785247803,0.011626205407083035,1.7412128,2.9094694,0.8621457,0.11725116
A549,4,AFA,43,1,25.84,7,0.1786978840827942,0.0010822623735293746,0.1786978840827942,0.0010822623735293746,0.14567247033119202,1.7236446142196655,0.0003655900072772056,0.20695658028125763,0.10810381174087524,0.16122028231620789,0.1709543615579605,1.3051326274871826,1.6081166,1.6040044,200,14536,14736,0.8991725,-0.519622445,0.11425584,0.9943316578865051,0.97885466,2.1528647,3.9200652,1.0776721,0.25381526,1.7236446142196655,2.198107957839966,1.3206883668899536,0.03562093898653984,2.1587703,3.9200652,1.0776721,0.25424773
A549,4,AFA,43,1,25.84,8,0.15705721080303192,0.0008664133492857218,0.15705721080303192,0.0008664133492857218,0.12121891230344772,1.3366633653640747,0.00027515614056028426,0.16981028020381927,0.08371971547603607,0.13450439274311066,0.1422664225101471,1.0077612400054932,1.2835546,1.2762507,300,11028,11328,0.8316281,-0.300273955,0.33551466,0.9971730709075928,0.9887398,1.735499,2.6934583,0.9554838,0.07358875,1.3366633653640747,1.687961220741272,1.0621131658554077,0.01276362780481577,1.7463487,2.6934583,0.9554838,0.07079843
A549,4,AFA,43,1,25.84,9,0.07046688348054886,0.0002899394021369517,0.07048086076974869,0.0002890113100875169,0.06589124351739883,1.1393661499023438,0.0001740064035402611,0.1070360392332077,0.02907591685652733,0.07661059498786926,0.08321744948625565,0.8415254950523376,0.9481285,0.94654214,300,19860,20160,0.8542059,-0.322531044,0.70007443,0.9948105812072754,0.99195194,1.2958894,1.941039,0.83949256,0.03362842,1.1393661499023438,1.5061736106872559,0.9084690809249878,0.01676183007657528,1.2982537,1.941039,0.83949256,0.033507526
A549,4,AFA,43,1,25.84,10,0.17611241340637207,0.0014269687235355377,0.17611241340637207,0.0014269687235355377,0.1331384778022766,1.1979336738586426,0.00043773293145932257,0.18927228450775146,0.07603942602872849,0.1497095376253128,0.15943703055381775,0.9255589246749878,1.2279398,1.2226682,200,11272,11472,0.2432725,-0.670902967,-0.21843822,0.9897940754890442,0.97821116,1.6389477,2.9141347,0.84909487,0.14988008,1.1979336738586426,1.6513797044754028,0.8490948677062988,0.040547214448451996,1.6467725,2.9141347,0.8762545,0.14830783
A549,4,AFA,43,1,25.84,11,0.1047644093632698,0.0013504361268132925,0.10842450708150864,0.001000771764665842,0.08883998543024063,1.5127410888671875,0.0007443418144248426,0.14644727110862732,0.03818514570593834,0.11082961410284042,0.12677034735679626,1.0320347547531128,1.2939299,1.2920803,100,14060,14160,0.4054015,0.037595853209495544,0.7838019,0.9964001178741455,0.988662,2.0040786,3.5631902,0,0.26148003,1.5127410888671875,2.0154285430908203,1.1095836162567139,0.02967703528702259,2.0075731,3.5631902,0,0.26139948
A549,4,AFA,43,1,25.84,12,0.1562223881483078,0.0010142833925783634,0.1562223881483078,0.0010142833925783634,0.14322581887245178,3.261671543121338,0.00033928590710274875,0.18255409598350525,0.09796160459518433,0.15808828175067902,0.1673305183649063,2.213090419769287,2.1452978,2.1457798,100,13964,14064,0.7635006,0.050976723432540894,0.61570823,0.9990377426147461,0.9892279,3.26064,4.8123393,1.8393394,0.21626706,3.261671543121338,3.768629550933838,2.915869951248169,0.02639113925397396,3.2606328,4.8123393,1.8393394,0.21762681
A549,4,AFA,44,1,25.84,1,0.20283512771129608,0.0032577337697148323,0.2048923224210739,0.00286926981061697,0.16476385295391083,1.8721870183944702,0.0006567229866050184,0.23988677561283112,0.09026677906513214,0.18491733074188232,0.19763822853565216,1.3522542715072632,1.7058127,1.6953101,500,16332,16832,0.17586674,0.23489432036876678,0.1939216,0.9953358769416809,0.9727704,2.534696,6.268558,0,0.6397311,1.8721870183944702,2.350295066833496,1.3268779516220093,0.04252263531088829,2.5549784,6.268558,0,0.6441658
A549,4,AFA,44,1,25.84,2,0.10318715125322342,0.0020593851804733276,0.11805485188961029,0.0006009081262163818,0.1120215579867363,0.93564772605896,0.0003401953727006912,0.1670752912759781,0.07205714285373688,0.12667246162891388,0.1360773891210556,0.7579895257949829,0.8049523,0.8043225,200,14712,14912,0.85631484,-0.28289026,0.70711505,0.9969390034675598,0.9911684,0.8913925,1.6229271,0,0.13409655,0.93564772605896,1.1475170850753784,0.7330753803253174,0.007013981230556965,0.8907909,1.6229271,0,0.13579717
A549,4,AFA,44,1,25.84,3,0.10515320301055908,0.0016912692226469517,0.11502769589424133,0.0007142503745853901,0.09249596297740936,0.7150538563728333,0.0002251272671855986,0.13936352729797363,0.053540438413619995,0.10455890744924545,0.1117415502667427,0.5971031785011292,0.75527704,0.7539677,200,23960,24160,0.620872,0.6069414615631104,0.26197758,0.9974878430366516,0.97679865,0.869589,1.723794,0,0.12047277,0.7150538563728333,0.9029280543327332,0.5827646851539612,0.0038517233915627003,0.87087893,1.723794,0,0.12124523
A549,4,AFA,44,1,25.84,4,0.12461839616298676,0.002980173099786043,0.1406823843717575,0.0011044131824746728,0.10991325974464417,1.0546603202819824,0.0004848761891480535,0.17162251472473145,0.060412660241127014,0.12807098031044006,0.13799771666526794,0.8333644270896912,1.1396682,1.1359255,200,16168,16368,0.7319168,-0.582209706,0.3839679,0.991942822933197,0.9811324,1.4412951,2.949923,0,0.41062054,1.0546603202819824,1.5538859367370605,0.7000337839126587,0.02938194014132023,1.446078,2.949923,0,0.41346443
A549,4,AFA,44,1,25.84,5,0.049460962414741516,0.006380370352417231,0.1584538370370865,0.0031699081882834435,,,,,,,,,1.6354399,1.6354399,0,19856,19856,0.69181055,,0.76124096,,0.9927878,1.1138803,6.2580347,0,2.8362834,,,,,1.1138803,6.2580347,0,2.8362834
A549,4,AFA,44,1,25.84,6,0.670682966709137,0.006636262871325016,0.6721400022506714,0.005671285092830658,,,,,,,,,9.739634,9.739634,0,21680,21680,0.1144586,,-0.112431094,,0.9671925,7.8786397,11.048701,0,0.99146825,,,,,7.8786397,11.048701,0,0.99146825
A549,4,AFA,45,1,25.84,1,0.10933733731508255,0.011308159679174423,0.20247915387153625,0.0020820298232138157,0.1968250721693039,2.489133358001709,0.001592125277966261,0.2986830770969391,0.07146506011486053,0.2297813892364502,0.2449796497821808,1.921109676361084,1.4170474,1.4222836,300,28580,28880,0.7997506,-0.208527371,0.9139095,0.9671204686164856,0.9366817,1.35764,4.3298984,0,1.817467,2.489133358001709,3.7117772102355957,1.2520813941955566,0.3783714175224304,1.3457628,4.3298984,0,1.8189929
A549,4,AFA,45,1,25.84,2,0.152217298746109,0.00434181559830904,0.1737726926803589,0.0012109193485230207,0.13668203353881836,1.3260624408721924,0.000740183750167489,0.19645854830741882,0.04917251318693161,0.15871083736419678,0.17066413164138794,1.0289256572723389,1.3444843,1.3414663,200,20712,20912,0.47966853,-0.305006713,0.76316226,0.994983971118927,0.99124724,1.693495,3.2044337,0,0.4813932,1.3260624408721924,1.78096604347229,0.969046413898468,0.025618042796850204,1.6970431,3.2044337,0,0.48447803
A549,4,AFA,45,1,25.84,3,0.25218528509140015,0.04110302776098251,0.40747493505477905,0.003136635525152087,0.3127944767475128,2.968148708343506,0.0010191338369622827,0.3850822150707245,0.225853830575943,0.3385808765888214,0.35147011280059814,2.007563352584839,2.2728345,2.2704847,90,10070,10160,0.9505582,0.00798795185983181,0.5105225,0.9986296892166138,0.9904247,2.2823045,5.829797,0,3.3664255,2.968148708343506,3.5632145404815674,2.386794328689575,0.053292449563741684,2.2761748,5.829797,0,3.391795
A549,4,AFA,45,1,25.84,4,0.07393839955329895,0.009746979922056198,0.1946122646331787,0.0021702791564166546,0.13818039000034332,1.1821105480194092,0.00048072991194203496,0.18348857760429382,0.08050141483545303,0.1562262773513794,0.16512776911258698,0.9479446411132812,1.2106811,1.2096112,100,24460,24560,0.9921022,-0.100284405,0.8709847,0.9979440569877625,0.98919004,0.6535634,4.088076,0,0.7638934,1.1821105480194092,1.43557870388031,0.9815254807472229,0.00950664933770895,0.6514025,4.088076,0,0.7658309
A549,4,AFA,45,1,25.84,5,0.11469008028507233,0.0009381886920891702,0.11507328599691391,0.0008972264477051795,0.08156325668096542,0.9564304351806641,0.0002832949976436794,0.1256428062915802,0.03184380382299423,0.09491469711065292,0.10404538363218307,0.7646948099136353,1.0706118,1.0637169,467,20253,20720,0.47005937,-0.150263071,-0.09426603,0.9935200214385986,0.9818368,1.4230101,3.1616418,0,0.13832489,0.9564304351806641,1.27921724319458,0.6601488590240479,0.018837682902812958,1.4337686,3.1616418,0,0.1359446
A549,4,AFA,45,1,25.84,6,0.16371427476406097,0.0009461623849347234,0.16371427476406097,0.0009461623849347234,,,,,,,,,1.4959003,1.4959003,0,14624,14624,0.4861993,,0.78421193,,0.99075216,2.1020613,3.2859602,1.1808592,0.092623256,,,,,2.1020613,3.2859602,1.1808592,0.092623256
A549,4,AFA,45,1,25.84,7,0.17996276915073395,0.00095065200002864,0.17996276915073395,0.00095065200002864,0.16425934433937073,2.2753682136535645,0.0004884959198534489,0.2412320077419281,0.10118716210126877,0.18131683766841888,0.19220875203609467,1.6344959735870361,1.6029612,1.6031803,100,14284,14384,0.6595288,0.19198064506053925,0.87904346,0.9986077547073364,0.9932724,2.305638,3.55482,1.4831218,0.07355534,2.2753682136535645,2.5498430728912354,1.857101559638977,0.02155728079378605,2.30585,3.55482,1.4831218,0.07391291
A549,4,AFA,45,1,25.84,8,0.1696399748325348,0.0007823642808943987,0.1696399748325348,0.0007823642808943987,0.1507834643125534,2.274266242980957,0.00042134843533858657,0.20496110618114471,0.0956636369228363,0.16738800704479218,0.17700551450252533,1.6418731212615967,1.7651929,1.7633835,200,13432,13632,0.77694947,0.06275305896997452,0.5294471,0.9976188540458679,0.9937686,2.471549,3.6377451,1.5624304,0.08619118,2.274266242980957,2.644209146499634,1.8005127906799316,0.02894243411719799,2.4744866,3.6377451,1.5624304,0.086455464
A549,4,AFA,45,1,25.84,9,0.18612684309482574,0.0015682573430240154,0.18612684309482574,0.0015682573430240154,0.12224109470844269,1.5395278930664062,0.00012555747525766492,0.14982306957244873,0.09464675933122635,0.1313363015651703,0.1363976001739502,1.2015724182128906,2.0640392,2.0573804,200,25704,25904,0.2788609,-0.125784636,-0.12467245,0.9977911710739136,0.9652094,2.5459247,4.2647743,1.3107493,0.39105862,1.5395278930664062,1.8086634874343872,1.3424798250198364,0.010346271097660065,2.5537553,4.2647743,1.3107493,0.3860788
A549,4,AFA,45,1,25.84,10,0.08623243123292923,0.007417778950184584,0.1614968478679657,0.0017371134599670768,0.11205332726240158,1.537404179573059,0.0005027299048379064,0.16093677282333374,0.045312345027923584,0.1302758753299713,0.13922224938869476,1.1094365119934082,1.3745286,1.3724779,100,12828,12928,0.7006575,-0.116997585,0.55448204,0.9978184103965759,0.99249655,1.1435806,3.8318715,0,1.2367202,1.537404179573059,1.9622266292572021,1.2182831764221191,0.020079558715224266,1.1405106,3.8318715,0,1.2449859
A549,4,AFA,45,1,25.84,11,0.25250646471977234,0.0017431670567020774,0.25250646471977234,0.0017431670567020774,,,,,,,,,3.073257,3.073257,0,11056,11056,0.37379768,,0.046143234,,0.96821886,3.579842,5.570709,1.6162086,0.47523955,,,,,3.579842,5.570709,1.6162086,0.47523955
A549,4,AFA,45,1,25.84,12,0.10386625677347183,0.006694629788398743,0.159343883395195,0.0014303820207715034,0.14928515255451202,1.9737614393234253,0.0009433949016965926,0.23904098570346832,0.06374471634626389,0.17380833625793457,0.18918576836585999,1.3702492713928223,1.3759427,1.3758401,600,32712,33312,0.73775756,-0.351778507,0.7633239,0.9900246262550354,0.990003,1.4395376,4.0821586,0,1.2044365,1.9737614393234253,2.9902427196502686,1.1685572862625122,0.12419743835926056,1.4297389,4.0821586,0,1.2189194
A549,4,AFA,45,1,25.84,13,0.07670934498310089,0.007271936628967524,0.16094928979873657,0.0016994026955217123,0.06745635718107224,0.8977059125900269,0.003193932818248868,0.1812504678964615,0,0.11744125187397003,0.13600201904773712,0.9537408351898193,1.2813145,1.2764746,300,20004,20304,0.7263867,-0.053003132,0.504202,0.9855323433876038,0.9860183,1.0178491,3.8994505,0,1.215752,0.8977059125900269,1.7382019758224487,0,0.482024222612381,1.0196508,3.8994505,0,1.226536
A549,4,AFA,45,1,25.84,14,0.06339763104915619,0.004309595096856356,0.10434702783823013,0.0028202731627970934,0.10194084793329239,4.303853511810303,0.0018415899248793721,0.21534788608551025,0.011020723730325699,0.13741180300712585,0.16224752366542816,2.6879141330718994,2.453298,2.4550452,287,38257,38544,0.91595995,-0.17182754,0.83189505,0.9974204301834106,0.9578329,4.16798,13.634696,0,7.5551786,4.303853511810303,4.991573333740234,3.4514529705047607,0.11325973272323608,4.1669607,13.634696,0,7.610868
A549,4,AFA,46,1,25.84,1,0.20991554856300354,0.0036695010494440794,0.21216799318790436,0.0032309775706380606,0.13571807742118835,2.1348366737365723,0.0004083262465428561,0.2109958678483963,0.0897383913397789,0.15164050459861755,0.1618860363960266,1.5296179056167603,2.5681305,2.562343,200,35688,35888,0.65420717,-0.113682181,0.41061816,0.9944209456443787,0.9580865,4.109075,10.116477,0,1.9917414,2.1348366737365723,3.1900429725646973,1.6743192672729492,0.07183164358139038,4.1201386,10.116477,0,1.9805355
A549,4,AFA,46,1,25.84,2,0.08005242794752121,0.003085282864049077,0.10967500507831573,0.000978102907538414,0.06453695148229599,0.7421872019767761,0.001567154424265027,0.13001340627670288,0,0.09600182622671127,0.10728560388088226,0.7246816754341125,0.97728,0.9737795,200,14232,14432,0.3999624,0.08737444877624512,-0.07765516,0.9977667927742004,0.98498505,1.0932086,2.930268,0,0.53045124,0.7421872019767761,1.1674014329910278,0,0.15934056043624878,1.0981414,2.930268,0,0.5339105
A549,4,AFA,46,1,25.84,3,0.20150940120220184,0.001541069126687944,0.20150940120220184,0.001541069126687944,0.15718474984169006,1.7336504459381104,0.0004660999111365527,0.21767552196979523,0.09817420691251755,0.1748993992805481,0.18485315144062042,1.3333390951156616,1.7506994,1.7397022,500,18476,18976,0.5374406,-0.079271406,-0.09595646,0.9932375550270081,0.97995293,2.2663686,3.59313,1.0896184,0.18719776,1.7336504459381104,2.2067482471466064,1.304835319519043,0.03807183355093002,2.2807853,3.59313,1.0896184,0.18334566
A549,4,AFA,46,1,25.84,4,0.29777705669403076,0.004163356032222509,0.29777705669403076,0.004163356032222509,0.20709635317325592,2.2796430587768555,0.0007708638440817595,0.27559688687324524,0.16520316898822784,0.2312035709619522,0.2458449900150299,1.9090685844421387,3.169873,3.1547916,200,16520,16720,0.0885714,-0.872074127,-0.6969434,0.9854479432106018,0.9555301,3.4194057,5.462471,1.533081,0.5858568,2.2796430587768555,3.0985467433929443,1.7974469661712646,0.12025199830532074,3.4332044,5.462471,1.533081,0.5755761
A549,4,AFA,46,1,25.84,5,0.09912341833114624,0.01301227230578661,0.2182881385087967,0.0026431891601532698,0.12122030556201935,1.2685670852661133,0.006642681546509266,0.2749454379081726,0,0.1891193389892578,0.22166301310062408,1.0909574031829834,1.2614199,1.2604332,400,68720,69120,0.73581976,0.6560309529304504,0.73874074,0.9311761856079102,0.9685557,1.0778997,4.2915797,0,1.5103554,1.2685670852661133,2.7864768505096436,0,0.7245535850524902,1.0767901,4.2915797,0,1.5147163
A549,4,AFA,46,1,25.84,6,0.22171102464199066,0.0020427231211215258,0.22171102464199066,0.0020427231211215258,0.16738134622573853,2.128530502319336,0.0004976409836672246,0.22076603770256042,0.10069326311349869,0.18612153828144073,0.19573117792606354,1.5465178489685059,2.0626864,2.0564284,200,16296,16496,0.7082872,0.6666609644889832,0.19666487,0.9977588653564453,0.98317885,2.9384015,5.537385,1.4412587,0.34428206,2.128530502319336,2.582364082336426,1.7289342880249023,0.028646321967244148,2.9483411,5.537385,1.4412587,0.3400073
A549,4,AFA,47,1,25.84,1,0.16917651891708374,0.000829723896458745,0.16917651891708374,0.000829723896458745,0.12521761655807495,1.888156771659851,0.000456642999779433,0.18621864914894104,0.08220543712377548,0.14321434497833252,0.1529744267463684,1.4045289754867554,1.9244145,1.9133248,200,9176,9376,0.5917739,-0.69047296,-0.057584055,0.9921684265136719,0.9875347,2.6118605,4.1068735,1.3736389,0.16829754,1.888156771659851,2.420715808868408,1.3736388683319092,0.0570400133728981,2.6276345,4.1068735,1.5181906,0.15905811
A549,4,AFA,47,1,25.84,2,0.2541311979293823,0.0013685508165508509,0.2541311979293823,0.0013685508165508509,0.1761641651391983,2.62125301361084,0.0003384230949450284,0.22258882224559784,0.11182790249586105,0.19057390093803406,0.19802817702293396,1.909684419631958,2.7546465,2.7450988,128,11200,11328,0.52681434,-0.291846484,0.09059434,0.9982172250747681,0.9892427,3.776843,5.9129586,2.2359629,0.28991595,2.62125301361084,3.141939401626587,2.247178316116333,0.03298050910234451,3.7900498,5.9129586,2.2359629,0.27741635
A549,4,AFA,47,1,25.84,3,0.10734204947948456,0.006072090473026037,0.14930149912834167,0.0021810317412018776,0.0825616866350174,0.6759089827537537,0.0012430512579157948,0.1602754145860672,0,0.10703719407320023,0.11706412583589554,0.653097927570343,1.0486509,1.0426679,1000,65112,66112,0.8020363,0.5653364062309265,0.2763338,0.9967088103294373,0.97002095,1.0508782,3.6155026,0,0.62380326,0.6759089827537537,1.1030876636505127,0,0.06557171046733856,1.0566368,3.6155026,0,0.6301842
A549,4,AFA,47,1,25.84,4,0.13031092286109924,0.0013656346127390862,0.13194216787815094,0.0011674999259412289,0.1121106818318367,1.1913868188858032,0.0003005625039804727,0.15872976183891296,0.055193375796079636,0.12608584761619568,0.13430483639240265,0.9289788603782654,1.16191,1.1575687,300,15796,16096,0.83653563,-0.042412303,-0.14346337,0.9978320598602295,0.98156595,1.5503187,3.638583,0,0.19054277,1.1913868188858032,1.5653825998306274,0.9801942706108093,0.009430432692170143,1.5571357,3.638583,0,0.19148923
A549,4,AFA,47,1,25.84,5,0.1508600264787674,0.0013004726497456431,0.1508600264787674,0.0013004726497456431,0.12573498487472534,1.5088101625442505,0.0003278419317211956,0.17192624509334564,0.058007244020700455,0.1398027241230011,0.1477682888507843,1.1424766778945923,1.3564565,1.3527051,200,11208,11408,0.4230138,-0.206969559,-0.396129,0.9968937635421753,0.9809375,1.8235979,3.4582736,1.0079721,0.17395355,1.5088101625442505,1.8735833168029785,1.1689062118530273,0.017950279638171196,1.8292152,3.4582736,1.0079721,0.17493755
A549,4,AFA,47,1,25.84,6,0.22907578945159912,0.0019615497440099716,0.22907578945159912,0.0019615497440099716,0.17336925864219666,2.996260404586792,0.0005186110502108932,0.2397279143333435,0.10874173790216446,0.19153262674808502,0.2027028501033783,2.1469483375549316,2.8678632,2.857274,400,26832,27232,0.8769633,-0.328273296,0.25396556,0.9971598982810974,0.9828522,4.1544976,8.164804,2.3248856,0.8105176,2.996260404586792,3.806427478790283,2.324885606765747,0.05950479581952095,4.171764,8.164804,2.3738759,0.8014165
A549,4,AFA,47,1,25.84,7,0.06547272205352783,0.008018753491342068,0.1769087314605713,0.001952841179445386,0.205978661775589,2.6225473880767822,0.00037779350532218814,0.254229873418808,0.16599872708320618,0.22112493216991425,0.23206958174705505,1.9907920360565186,1.3661388,1.3680545,100,32508,32608,0.2310012,0.3395748734474182,0.8847708,0.9976814985275269,0.9720967,0.8736099,4.6457486,0,1.3790823,2.6225473880767822,3.097087860107422,2.2009217739105225,0.038423702120780945,0.8682299,4.6457486,0,1.3737681
A549,4,AFA,47,1,25.84,8,0.24610497057437897,0.0023594882804900408,0.24610497057437897,0.0023594882804900408,0.18623463809490204,2.4020144939422607,0.0003701109380926937,0.241163432598114,0.13187293708324432,0.20192492008209229,0.21088480949401855,1.8501750230789185,2.5657926,2.5460603,600,21160,21760,0.097209364,0.3296453356742859,-0.3758775,0.9977343082427979,0.96951526,3.253195,5.829977,1.7593327,0.5913767,2.4020144939422607,2.9236226081848145,1.9686602354049683,0.028166834264993668,3.2773304,5.829977,1.7593327,0.5862206
A549,4,AFA,47,1,25.84,9,0.23097111284732819,0.002805727533996105,0.23097111284732819,0.002805727533996105,0.20137526094913483,2.268775463104248,0.0006475240807048976,0.2879818379878998,0.14599362015724182,0.22088386118412018,0.23556293547153473,1.7706451416015625,2.014956,2.0128536,400,46080,46480,0.555807,-0.151613325,0.6140949,0.985088586807251,0.9632683,2.6127837,5.056217,1.2987802,0.38960764,2.268775463104248,3.4530649185180664,1.6778318881988525,0.17882698774337769,2.6157699,5.056217,1.2987802,0.39040112
A549,4,AFA,47,1,25.84,10,0.09357931464910507,0.001093675964511931,0.09366794675588608,0.0010864103678613901,0.05109209939837456,1.7588778734207153,0.0002427161525702104,0.09761735796928406,0.013046206906437874,0.06375855207443237,0.07153220474720001,1.2380306720733643,2.0863214,2.0774035,200,18824,19024,0.7070177,0.702742874622345,0.20670308,0.99725341796875,0.97183675,3.1350572,6.6891756,1.2503612,0.66892624,1.7588778734207153,2.364598512649536,1.4345535039901733,0.025080258026719093,3.149679,6.6891756,1.2503612,0.6554313
A549,4,AFA,48,1,25.84,1,0.33555278182029724,0.004214017651975155,0.33555278182029724,0.004214017651975155,0.3319130539894104,4.5511980056762695,0.0003665069816634059,0.3765285909175873,0.29227712750434875,0.34752053022384644,0.35731449723243713,4.003589153289795,3.9004178,3.9014816,94,9026,9120,0.76725286,0.01355031318962574,0.3099316,0.9988330006599426,0.9631522,4.4937277,7.0520263,2.0381482,1.1613533,4.5511980056762695,4.991725921630859,4.013701438903809,0.04311298951506615,4.4931293,7.0520263,2.0381482,1.1729645
A549,4,AFA,48,1,25.84,2,0.1650572270154953,0.00243884464725852,0.16973474621772766,0.0017140201525762677,0.12043111771345139,1.1612534523010254,0.0003706105926539749,0.1793767362833023,0.06665483117103577,0.13586068153381348,0.14434316754341125,0.8891705870628357,1.2011532,1.1987782,100,13036,13136,0.38532344,-0.08092472,0.6511811,0.9966503977775574,0.9799825,1.6904565,3.5866442,0,0.26224038,1.1612534523010254,1.7636300325393677,0.9560383558273315,0.01520519983023405,1.6945161,3.5866442,0,0.26197064
A549,4,AFA,48,1,25.84,3,0.21453365683555603,0.001535837072879076,0.2145540416240692,0.0015316104982048273,0.1886155754327774,2.171501874923706,0.0006451981025747955,0.24529306590557098,0.1377623826265335,0.20880557596683502,0.22294758260250092,1.5715887546539307,1.5820769,1.5819771,100,10428,10528,0.85354733,0.2798317074775696,0.9169249,0.9974637627601624,0.9940074,2.4278138,4.4211307,0,0.111046985,2.171501874923706,2.5898075103759766,1.8188323974609375,0.030375691130757332,2.4302719,4.4211307,0,0.11118455
A549,4,AFA,48,1,25.84,4,0.08469318598508835,0.002959319856017828,0.11253108084201813,0.0007993932813405991,0.06685516238212585,0.5574648380279541,0.00015594024443998933,0.10009045153856277,0.034624285995960236,0.0770082026720047,0.0822262093424797,0.47788405418395996,0.7715271,0.76867735,100,10204,10304,0.55690104,-0.006067832,0.36029196,0.9971536993980408,0.97447485,0.7556919,1.9565881,0,0.2449364,0.5574648380279541,0.6891459822654724,0.4255755543708801,0.0030970689840614796,0.7576345,1.9565881,0,0.24691758
A549,4,AFA,48,1,25.84,5,0.08541683107614517,0.0004218727408442646,0.08645879477262497,0.0003369320183992386,0.07695211470127106,0.4885702133178711,0.00019036793673876673,0.11714673787355423,0.04362625628709793,0.08765854686498642,0.09461747854948044,0.42627254128456116,0.55922556,0.558294,100,14172,14272,0.66344076,0.13598598539829254,0.30116728,0.9984167814254761,0.9895538,0.65455484,1.222881,0,0.018504636,0.4885702133178711,0.5665625333786011,0.4145956337451935,0.0011871367460116744,0.6557261,1.222881,0,0.018431058
A549,4,AFA,48,1,25.84,6,0.13792192935943604,0.004121658392250538,0.14710384607315063,0.0030453542713075876,0.1682407408952713,2.2426748275756836,0.0006105956272222102,0.22948960959911346,0.11179366707801819,0.18792451918125153,0.2029726207256317,1.742067813873291,1.3613327,1.3634148,200,36376,36576,0.9557562,-0.615181386,0.87349087,0.985745906829834,0.93169624,1.7242794,4.3489575,0,0.76572174,2.2426748275756836,3.0475971698760986,1.671543002128601,0.13464713096618652,1.7214292,4.3489575,0,0.7677058
A549,4,AFA,48,1,25.84,7,0.17657892405986786,0.000863396970089525,0.17657892405986786,0.000863396970089525,0.14913728833198547,1.5213543176651,0.00026179070118814707,0.18945464491844177,0.10033049434423447,0.16200101375579834,0.17002053558826447,1.1662795543670654,1.3722235,1.3662274,300,10004,10304,0.95779145,0.22550000250339508,0.5893415,0.998145580291748,0.98912966,1.8055625,3.1573644,1.135418,0.09218839,1.5213543176651,1.8338478803634644,1.1372464895248413,0.010324736125767231,1.8140852,3.1573644,1.135418,0.09214841
A549,4,AFA,48,1,25.84,8,0.12302686274051666,0.002377626020461321,0.13528403639793396,0.0009563078638166189,,,,,,,,,0.9505735,0.9505735,0,9216,9216,0.61077374,,0.5039593,,0.9927882,1.1696,2.1801517,0,0.18019815,,,,,1.1696,2.1801517,0,0.18019815
A549,4,AFA,48,1,25.84,9,0.031639810651540756,0.0015851811040192842,0.06670182943344116,0.0010031168349087238,,,,,,,,,1.009854,1.009854,0,27872,27872,0.3520233,,0.76578546,,0.9774102,0.8288889,3.4843621,0,0.82752734,,,,,0.8288889,3.4843621,0,0.82752734
A549,4,AFA,48,1,25.84,10,0.1709204912185669,0.0009881254518404603,0.1709204912185669,0.0009881254518404603,0.14577822387218475,1.2994457483291626,0.0002602969470899552,0.19435596466064453,0.085055410861969,0.1583607792854309,0.1666305661201477,1.0086230039596558,1.19906,1.1943923,300,11940,12240,0.7852883,-0.040919345,-0.12425167,0.9981542229652405,0.98819125,1.5604367,2.9800785,0.85365313,0.07532716,1.2994457483291626,1.5960693359375,1.062386155128479,0.008811847306787968,1.5669944,2.9800785,0.85365313,0.075243935
A549,4,AFA,48,1,25.84,11,0.17878365516662598,0.0009549208334647119,0.17882393300533295,0.0009479338186793029,0.16127543151378632,1.7073880434036255,0.0005254343268461525,0.21483339369297028,0.10511766374111176,0.18003332614898682,0.19081437587738037,1.2626582384109497,1.4119424,1.4102612,100,8780,8880,0.9275116,0.12024378031492233,0.7950487,0.998156726360321,0.99452853,2.0026019,2.945048,0,0.06600675,1.7073880434036255,2.023087501525879,1.4341230392456055,0.014182966202497482,2.005964,2.945048,0,0.06559309
A549,4,AFA,48,1,25.84,12,0.04555913805961609,0.001128090196289122,0.06411563605070114,0.00039780643419362605,0.04709561541676521,0.6046069860458374,0.0003431884979363531,0.1065235510468483,0,0.06141773238778114,0.07052081823348999,0.5149891376495361,0.6214878,0.61984557,300,19156,19456,0.8909424,0.4720854163169861,0.59572315,0.9965835213661194,0.99297667,0.5635487,1.2249407,0,0.13738261,0.6046069860458374,0.7767863273620605,0,0.012824597768485546,0.56290567,1.2249407,0,0.13930649
A549,4,AFA,48,1,25.84,13,0.09366532415151596,0.0012948381481692195,0.09612772613763809,0.001092174556106329,0.08652325719594955,2.001744270324707,0.00022143375826999545,0.13510897755622864,0.05222471430897713,0.09854716062545776,0.10528618097305298,1.4249480962753296,1.6837963,1.6804045,200,15064,15264,0.8636807,0.21404153108596802,0.6274639,0.9976328611373901,0.9641317,2.4014053,4.846473,0,0.7126299,2.001744270324707,2.384016752243042,1.6785849332809448,0.0213084127753973,2.4067118,4.846473,0,0.7196595
A549,4,AFA,48,1,25.84,14,0.04791818931698799,0.002615459728986025,0.09172305464744568,0.000988490879535675,0.00028718632529489696,0.041352998465299606,2.826287300194963e-06,0.014845975674688816,0,0.0005743726505897939,0.0011487453011795878,0.5814159512519836,1.0139412,1.0107192,100,13324,13424,0.54443824,-0.033343893,0.7591816,0.9960798025131226,0.9898062,0.813092,3.0343726,0,0.6439117,0.041352998465299606,0.9530978798866272,0,0.03300654888153076,0.81888413,3.0343726,0,0.6439932
A549,4,AFA,49,1,25.84,1,0.19026324152946472,0.00221477379091084,0.19575189054012299,0.0012042494490742683,0.1548462212085724,1.6382384300231934,0.00047619978431612253,0.21230289340019226,0.09191857278347015,0.17200475931167603,0.18235692381858826,1.2648218870162964,1.5322225,1.5285366,264,18888,19152,0.7506924,0.025546805933117867,0.3495253,0.9974970817565918,0.9926905,2.0138152,3.4974592,0,0.21071997,1.6382384300231934,2.1643128395080566,1.1939738988876343,0.023691456764936447,2.0190647,3.4974592,0,0.21133496
A549,4,AFA,49,1,25.84,2,0.15541476011276245,0.004606272559612989,0.1774466633796692,0.0013497770996764302,0.12760475277900696,1.3152179718017578,0.000453346932772547,0.18069404363632202,0.07284903526306152,0.14447768032550812,0.1546144336462021,1.0520700216293335,1.3622372,1.3586888,259,22381,22640,0.88827974,0.14059659838676453,0.49440557,0.994842529296875,0.9872084,1.5886253,3.3690858,0,0.46255103,1.3152179718017578,1.8744094371795654,0.9099243879318237,0.030264241620898247,1.5917895,3.3690858,0,0.46667853
A549,4,AFA,49,1,25.84,3,0.18839435279369354,0.0040673608891665936,0.18839435279369354,0.0040673608891665936,0.0804896131157875,0.9850144982337952,0.00021523928444366902,0.11200354248285294,0.04822494462132454,0.09257560968399048,0.10055207461118698,0.7631876468658447,2.6583135,2.6496618,100,21804,21904,0.040005706,0.23305337131023407,-0.36729398,0.9975588321685791,0.91056484,3.25624,7.082546,0.84155923,1.4233836,0.9850144982337952,1.1811485290527344,0.8415592312812805,0.004132098983973265,3.2666566,7.082546,0.9449458,1.4061259
A549,4,AFA,49,1,25.84,4,0.08263495564460754,0.007477142382413149,0.16326573491096497,0.001608693622983992,0.18014326691627502,2.6831624507904053,0.00021663079678546637,0.21637478470802307,0.1480930596590042,0.19173173606395721,0.2004079818725586,2.1386518478393555,1.5510616,1.5523543,100,45356,45456,0.89816296,0.6947368383407593,0.95553327,0.9985341429710388,0.9727371,1.2478715,4.8125095,0,1.608204,2.6831624507904053,3.005866527557373,2.3404221534729004,0.018396051600575447,1.2447069,4.8125095,0,1.6071573
A549,4,AFA,49,1,25.84,5,0.14462460577487946,0.015798872336745262,0.22433944046497345,0.006623783148825169,0.22246362268924713,3.692584276199341,0.0023982671555131674,0.34980782866477966,0.10056803375482559,0.2638933062553406,0.2853306531906128,2.764587640762329,2.058828,2.0629563,298,50646,50944,0.4913455,0.8266549110412598,0.75998765,0.9836238026618958,0.8979155,2.2086608,7.3911424,0,3.7502947,3.692584276199341,4.993057727813721,2.363041877746582,0.31645503640174866,2.1999292,7.3911424,0,3.757466
A549,4,AFA,49,1,25.84,6,0.17856459319591522,0.0007423844072036445,0.17856459319591522,0.0007423844072036445,0.13931483030319214,2.8943870067596436,0.0006229397258721292,0.20101876556873322,0.07070733606815338,0.1594524383544922,0.1701449602842331,2.1365106105804443,2.6964817,2.6824386,384,14928,15312,0.399191,-0.604075968,0.08708606,0.9888013601303101,0.99051607,3.6378667,5.6593738,2.1125994,0.25031552,2.8943870067596436,4.122361660003662,2.1125993728637695,0.18931789696216583,3.656992,5.6593738,2.2126591,0.23729986
A549,4,AFA,49,1,25.84,7,0.2506672441959381,0.0010485133389011025,0.2506672441959381,0.0010485133389011025,0.20579007267951965,3.231039047241211,0.00038313338882289827,0.25680190324783325,0.1480020135641098,0.22185145318508148,0.23058278858661652,2.497145414352417,3.0579576,3.046947,300,14980,15280,0.5661424,0.2464641034603119,0.07113477,0.9983066320419312,0.99128985,3.9099061,6.171707,2.465563,0.260491,3.231039047241211,3.7861719131469727,2.6653990745544434,0.039700012654066086,3.923502,6.171707,2.465563,0.25549835
A549,4,AFA,49,1,25.84,8,0.24059447646141052,0.0242548119276762,0.3259872496128082,0.005026466213166714,0.23714016377925873,2.43269419670105,0.0011962309945374727,0.34549033641815186,0.1334010362625122,0.2646697163581848,0.28170454502105713,1.7736262083053589,2.5058715,2.4988847,400,41520,41920,0.66629726,-0.038943589,0.52295977,0.9931989908218384,0.97427726,2.8511043,8.550698,0,3.665193,2.43269419670105,3.4295129776000977,1.5884032249450684,0.1333589404821396,2.8551354,8.550698,0,3.6975148
A549,4,AFA,49,1,25.84,9,0.17085476219654083,0.000686788116581738,0.17085476219654083,0.000686788116581738,0.14922474324703217,2.833251953,0.0004464712110348046,0.21141661703586578,0.0973934456706047,0.16657495498657227,0.17661431431770325,2.1667580604553223,2.4748306,2.469003,464,24064,24528,0.7390135,-0.216616333,0.46727443,0.9916349053382874,0.9904744,3.236732,5.184048,1.9764788,0.19118664,2.833251953,3.521127939224243,1.9846947193145752,0.12159089744091034,3.2445116,5.184048,1.9764788,0.18932904
A549,4,AFA,5,1,25.84,1,0.25052621960639954,0.007601363118737936,0.25057080388069153,0.007591544184833765,0.15669289231300354,2.1403980255126953,0.0012101057218387723,0.2508039176464081,0.05804334580898285,0.18461951613426208,0.2009398490190506,1.4666000604629517,2.4060912,2.389374,400,22080,22480,0.2329995,-0.314238578,-0.24346782,0.9858253002166748,0.9459526,3.8724751,11.357302,0,2.076235,2.1403980255126953,3.0481820106506348,1.3565953969955444,0.14088928699493408,3.9038534,11.357302,0,2.0559616
A549,4,AFA,5,1,25.84,2,0.11502231657505035,0.0016981231747195125,0.11507309228181839,0.0016930305864661932,0.08077146112918854,0.6030174493789673,0.00048767984844744205,0.1553730070590973,0.030544927343726158,0.09776657074689865,0.11023584753274918,0.4753307104110718,0.8458492,0.84176254,300,26900,27200,0.27120674,0.19373925030231476,-0.20575938,0.9947893023490906,0.93308073,1.1989008,3.4413247,0,0.33572772,0.6030174493789673,0.8089343309402466,0.44097238779067993,0.004994719754904509,1.2055465,3.4413247,0,0.33541206
A549,4,AFA,50,1,25.84,1,0.06283105909824371,0.00528728449717164,0.1235852763056755,0.0028914748691022396,0.11693938821554184,2.7228124141693115,0.001439630170352757,0.23118458688259125,0,0.1471043974161148,0.1658017784357071,1.4608505964279175,1.8416597,1.835578,555,34197,34752,0.8879985,-0.409577638,0.63102305,0.9878978133201599,0.9867008,2.0533242,8.863871,0,4.566359,2.7228124141693115,4.742950916290283,1.4964416027069092,0.4898136854171753,2.0424588,8.863871,0,4.625127
A549,4,AFA,50,1,25.84,2,0.09494119137525558,0.0016949354903772473,0.1054508239030838,0.0007743095047771931,0.06433960795402527,0.5495957732200623,0.0014317092718556523,0.14369946718215942,0,0.09338293224573135,0.10357406735420227,0.567579448223114,0.78073394,0.77561504,400,16256,16656,0.14705583,-0.253316224,-0.33647218,0.9950923919677734,0.97971904,0.9489846,2.1203842,0,0.17061037,0.5495957732200623,1.0166473388671875,0,0.08774302154779434,0.9588121,2.1203842,0,0.16862786
A549,4,AFA,50,1,25.84,3,0.0917217880487442,0.007311277091503143,0.14246727526187897,0.00412670336663723,0.07386697828769684,1.711759328842163,0.0007385542849078774,0.1413452923297882,0.013541332446038723,0.09588150680065155,0.10900985449552536,1.0888128280639648,1.886779,1.8820292,100,16700,16800,0.500749,-0.130466074,-0.017755065,0.9969638586044312,0.9683096,2.3990169,7.8234506,0,4.3319883,1.711759328842163,2.2247297763824463,1.2933454513549805,0.03743280842900276,2.403132,7.8234506,0,4.3548594
A549,4,AFA,50,1,25.84,4,0.12137915194034576,0.008298096247017384,0.15848061442375183,0.004954680800437927,0.11025313287973404,2.0522408485412598,0.0021699971985071898,0.2483317106962204,0.003978502005338669,0.147321879863739,0.17515689134597778,1.2450031042099,1.8845277,1.8731076,200,11000,11200,0.06326358,-0.500558496,-0.5178786,0.9877640008926392,0.9630896,2.789666,7.8876853,0,3.8600035,2.0522408485412598,3.9779038429260254,1.3671685457229614,0.25691932439804077,2.803074,7.8876853,0,3.915447
A549,4,AFA,50,1,25.84,5,0.13648036122322083,0.006902765482664108,0.16845549643039703,0.003133585676550865,0.1384880691766739,1.9954713582992554,0.0010020585032179952,0.21790167689323425,0.06618452072143555,0.16442038118839264,0.17982864379882812,1.2626917362213135,1.549701,1.5486795,100,27996,28096,0.39790958,-0.005364044,0.67323184,0.9967634081840515,0.9769853,2.4286077,5.7816606,0,1.7252517,1.9954713582992554,2.508296489715576,1.4442020654678345,0.04657922685146332,2.430155,5.7816606,0,1.7305757
A549,4,AFA,50,1,25.84,6,0.47290295362472534,0.003364627482369542,0.47290295362472534,0.003364627482369542,,,,,,,,,7.770108,7.770108,0,23664,23664,0.58865815,,0.17975268,,0.9890126,8.729545,12.823942,5.930875,1.2729034,,,,,8.729545,12.823942,5.930875,1.2729034
A549,4,AFA,50,1,25.84,7,0.3134472072124481,0.0033163875341415405,0.3134472072124481,0.0033163875341415405,0.25170454382896423,3.309117317199707,0.000985114835202694,0.3510257303714752,0.1635216623544693,0.2763480842113495,0.29411086440086365,2.726527452468872,3.574908,3.5508287,683,23381,24064,0.77641374,-0.080503002,0.09670744,0.9912042617797852,0.97762084,4.163129,6.912535,2.223683,0.5357825,3.309117317199707,4.6067214012146,2.4478087425231934,0.14286014437675476,4.188076,6.912535,2.223683,0.5253329
A549,4,AFA,50,1,25.84,8,0.18564626574516296,0.0011744186049327254,0.18564626574516296,0.0011744186049327254,0.14038240909576416,2.1657540798187256,0.00047316160635091364,0.20102927088737488,0.07416284829378128,0.1579008549451828,0.16860464215278625,1.5665926933288574,2.1442916,2.132953,700,34964,35664,0.7805081,0.0564747117459774,0.12465637,0.9942851066589355,0.98324406,3.049288,6.555694,1.6342732,0.3738567,2.1657540798187256,2.952367067337036,1.6596958637237549,0.05937895178794861,3.0669768,6.555694,1.6342732,0.3642111
A549,4,AFA,50,1,25.84,9,0.14505411684513092,0.0015022802399471402,0.14505411684513092,0.0015022802399471402,0.13662773370742798,1.8243521451950073,0.0006172321736812592,0.19593843817710876,0.07686208188533783,0.1570356786251068,0.16899457573890686,1.2446424961090088,1.4881186,1.486293,200,26472,26672,0.43616214,-0.294782162,0.55844,0.9943429827690125,0.9918815,2.416338,4.4166327,1.3090413,0.17507976,1.8243521451950073,2.369924545288086,1.3090412616729736,0.060188017785549164,2.4208105,4.4166327,1.3549145,0.1732801
A549,4,AFA,50,1,25.84,10,0.22410400211811066,0.001706019276753068,0.22410400211811066,0.001706019276753068,0.19208316504955292,3.0736823081970215,0.0008546617464162409,0.26467812061309814,0.10076089948415756,0.21577201783657074,0.23022304475307465,2.19942569732666,2.591941,2.5878148,200,18824,19024,0.5605812,-0.57511878,0.13652687,0.9924982190132141,0.9834752,3.8089108,5.8120537,1.8578207,0.4575629,3.0736823081970215,3.892179250717163,2.350151538848877,0.14346319437026978,3.8167224,5.8120537,1.8578207,0.45509583
A549,4,AFA,50,1,25.84,11,0.0734768733382225,0.005118840374052525,0.1165035218000412,0.003103578696027398,0.05187831446528435,0.7979377508163452,0.0007804914494045079,0.1641348898410797,0,0.07278010994195938,0.08693928271532059,0.6671696901321411,1.1318979,1.1290373,300,48436,48736,0.5495105,0.28426864743232727,0.20737246,0.9941085577011108,0.96383876,1.2460434,4.9049497,0,1.2430646,0.7979377508163452,1.2993525266647339,0,0.07628347724676132,1.2488191,4.9049497,0,1.24904
A549,4,AFA,50,1,25.84,12,0.07042066007852554,0.002465063938871026,0.0780283510684967,0.002137754112482071,0.035584378987550735,1.2017717361450195,0.000273342797299847,0.07287435233592987,0,0.048821114003658295,0.05748452618718147,0.848285973072052,1.3300648,1.3290297,100,46444,46544,0.71308744,0.7416702508926392,0.6159475,0.9974847435951233,0.9766913,2.3087132,6.425058,0,0.8924629,1.2017717361450195,1.4351707696914673,0.97794508934021,0.0075589497573673725,2.3110967,6.425058,0,0.8917243
A549,4,AFA,50,1,25.84,13,0.07327082008123398,0.0002936329983640462,0.07327082008123398,0.0002936329983640462,0.05225832387804985,1.2242861986160278,0.0002407151332590729,0.09470022469758987,0.004641358274966478,0.0648321658372879,0.07224065810441971,0.8802974224090576,1.1849296,1.1778301,286,11986,12272,0.6033003,0.5860710740089417,0.06360912,0.9952216148376465,0.9899913,1.6708632,3.1172223,0.99167114,0.062851876,1.2242861986160278,1.5757535696029663,0.9916711449623108,0.01686880551278591,1.681519,3.1172223,1.0128899,0.059076887
A549,4,AFA,50,1,25.84,14,0.1306898146867752,0.0005298318574205041,0.1306898146867752,0.0005298318574205041,0.10399116575717926,1.684751272201538,0.00021200865739956498,0.14851395785808563,0.060885123908519745,0.11533264070749283,0.12207674235105515,1.2385153770446777,1.5816655,1.5713172,400,12864,13264,0.90597934,0.11397126317024231,0.22326079,0.9965432286262512,0.98844445,2.1548667,3.7310832,1.2559611,0.12725712,1.684751272201538,2.0773022174835205,1.3209208250045776,0.02142113633453846,2.1694846,3.7310832,1.2559611,0.12346222
A549,4,AFA,50,1,25.84,15,0.16711968183517456,0.0007150291930884123,0.16711968183517456,0.0007150291930884123,0.1382555365562439,2.6585428714752197,0.00027366544236429036,0.1786121279001236,0.09226163476705551,0.1516757756471634,0.15965640544891357,1.8459968566894531,2.146503,2.1448495,100,18076,18176,0.848908,-0.036320943,0.6263384,0.9990703463554382,0.9957663,3.1387348,5.1817555,2.2505314,0.11065123,2.6585428714752197,2.9711649417877197,2.262633800506592,0.01829466037452221,3.1413913,5.1817555,2.2505314,0.10987947
A549,4,AFA,50,1,25.84,16,0.020908862352371216,0.0013107050908729434,0.06803348660469055,0.0010587334400042892,0.03725866973400116,0.8760882616043091,0.0006268333527259529,0.10741082578897476,0,0.057756610214710236,0.07015115022659302,0.7271707653999329,0.91670203,0.91578656,100,20604,20704,0.6051533,-0.172561765,0.69347835,0.9961010217666626,0.9851452,0.49374017,2.9687738,0,0.5844512,0.8760882616043091,1.3736684322357178,0,0.12604930996894836,0.4918845,2.9687738,0,0.58596313
A549,4,AFA,50,1,25.84,17,0.023080643266439438,0.0013674480142071843,0.07079241424798965,0.0008165730978362262,0.0014006878482177854,0.04161005839705467,5.324653830030002e-05,0.05067206546664238,0,0.0028180505614727736,0.005636101122945547,0.586622953414917,0.8251999,0.8216102,169,11063,11232,0.56631017,0.040518052875995636,0.33628753,0.9968518018722534,0.98949116,0.3954824,2.3868637,0,0.3329671,0.04161005839705467,0.9876430034637451,0,0.03508363664150238,0.4008882,2.3868637,0,0.3355754
A549,4,AFA,51,1,25.84,1,0.2911102771759033,0.00201381160877645,0.2911102771759033,0.00201381160877645,0.2403855323791504,4.467189788818359,0.0005003869882784784,0.3024458885192871,0.1764747053384781,0.25810983777046204,0.26814156770706177,3.116039276123047,3.8316638,3.8209767,362,23878,24240,0.69692475,0.23086006939411163,0.16031808,0.9979633688926697,0.9856445,5.669044,10.28189,2.9031363,0.952109,4.467189788818359,4.99558687210083,3.5964934825897217,0.09452942758798599,5.687265,10.28189,2.9031363,0.94287974
A549,4,AFA,51,1,25.84,2,0.25547313690185547,0.003961049485951662,0.2644402086734772,0.0017288320232182741,0.22526870667934418,2.3507981300354004,0.0009693136089481413,0.3080991506576538,0.1478630155324936,0.2508498430252075,0.26483336091041565,1.7072659730911255,2.0470972,2.0395653,400,17648,18048,0.6898296,-0.133413211,0.5995284,0.9907715320587158,0.9880727,2.9052083,5.457134,0,0.53177714,2.3507981300354004,3.163450002670288,1.537592887878418,0.11472075432538986,2.9177742,5.457134,0,0.53410536
A549,4,AFA,51,1,25.84,3,0.2541920840740204,0.008497023954987526,0.26839694380760193,0.005159314256161451,0.163716658949852,1.2176258563995361,0.0005262873601168394,0.2209475040435791,0.10555513948202133,0.1824454665184021,0.19402951002120972,0.986380934715271,1.660414,1.6579831,200,55256,55456,0.34434092,0.8053893446922302,0.31173515,0.9956622123718262,0.9572908,2.182774,4.936855,0,0.67376286,1.2176258563995361,1.6058615446090698,0.9723049998283386,0.019008241593837738,2.1862676,4.936855,0,0.67274886
A549,4,AFA,51,1,25.84,4,0.26649779081344604,0.0014837024500593543,0.26649779081344604,0.0014837024500593543,0.21721670031547546,3.049379348754883,0.0004872553108725697,0.2814207375049591,0.1629529595375061,0.2345719337463379,0.24637003242969513,2.2326576709747314,2.7735045,2.7650642,200,12616,12816,0.976798,-0.383960724,0.37921894,0.9975464940071106,0.99051446,3.9329026,7.0418835,2.5602138,0.35845193,3.049379348754883,3.8439643383026123,2.560213804244995,0.053107451647520065,3.946909,7.0418835,2.5718317,0.35072136
A549,4,AFA,51,1,25.84,5,0.1460469365119934,0.0009958482114598155,0.1460469365119934,0.0009958482114598155,0.11113971471786499,2.0970370769500732,0.00036374994670040905,0.1677190214395523,0.06515690684318542,0.12648849189281464,0.13626116514205933,1.4935379028320312,1.9760935,1.9661645,400,19040,19440,0.9390945,-0.179674566,0.4456362,0.9920504689216614,0.9836578,2.9127142,5.259228,1.4652973,0.37154484,2.0970370769500732,2.706434726715088,1.4652973413467407,0.07767520844936371,2.9298503,5.259228,1.5730333,0.3634474
A549,4,AFA,51,1,25.84,6,0.345074325799942,0.0023418888449668884,0.345074325799942,0.0023418888449668884,0.281008243560791,3.717022657394409,0.0007692612707614899,0.36565619707107544,0.19932648539543152,0.3030065894126892,0.31560370326042175,3.0003323554992676,3.773578,3.7486668,400,12016,12416,0.9820138,-0.313151121,0.44388828,0.9945183396339417,0.98466855,4.6201825,7.581405,2.7200437,0.46812582,3.717022657394409,4.563138961791992,2.8858091831207275,0.12303386628627777,4.650248,7.581405,2.7200437,0.45155588
A549,4,AFA,51,1,25.84,7,0.22648751735687256,0.0022265026345849037,0.22654670476913452,0.0022136771585792303,0.15205466747283936,1.7536396980285645,0.0008436529315076768,0.2347661405801773,0.08776916563510895,0.17489281296730042,0.1898004412651062,1.2388273477554321,1.7126606,1.709566,100,15212,15312,0.2932335,0.10882176458835602,0.45374292,0.9981880784034729,0.98594105,2.7395353,5.044004,0,0.3023878,1.7536396980285645,2.1518971920013428,1.421391487121582,0.023968031629920006,2.7460163,5.044004,0,0.29778647
A549,4,AFA,51,1,25.84,8,0.24482791125774384,0.004581847228109837,0.24512077867984772,0.004515544977039099,0.14586645364761353,1.4118173122406006,0.0005522051942534745,0.20215444266796112,0.09364350885152817,0.1654479056596756,0.17765165865421295,1.106691837310791,1.9461141,1.9421811,200,42488,42688,0.20064515,0.000589398667216301,0.23806113,0.9891881346702576,0.94466054,2.6534894,5.3956556,0,0.6944376,1.4118173122406006,1.9167333841323853,1.0353903770446777,0.04958421364426613,2.659334,5.3956556,0,0.6901816
A549,4,AFA,51,1,25.84,9,0.1690434068441391,0.0019182383548468351,0.16939710080623627,0.0018623365322127938,0.14400196075439453,3.439699649810791,0.0008956140954978764,0.23389294743537903,0.06429208070039749,0.16802188754081726,0.18291297554969788,2.129992961883545,2.3259406,2.3237586,400,35520,35920,0.83444405,-0.262203902,0.61784977,0.9955881237983704,0.98508716,4.1340594,7.584672,0,0.69381267,3.439699649810791,4.773207664489746,2.559931755065918,0.15479028224945068,4.141879,7.584672,0,0.6943921
A549,4,AFA,51,1,25.84,10,0.10973840206861496,0.0005889823660254478,0.10974875837564468,0.0005879008676856756,0.08158703148365021,1.4299860000610352,0.00030249441624619067,0.13894005119800568,0.03951051086187363,0.09551902860403061,0.10402465611696243,1.0491968393325806,1.3265419,1.3247963,200,31576,31776,0.7614755,0.5160423517227173,0.68119997,0.9922125935554504,0.9930844,1.8951327,2.8985574,0,0.06513579,1.4299860000610352,1.8948969841003418,1.0436677932739258,0.050812359899282455,1.8980789,2.8985574,0,0.06384742
A549,4,AFA,51,1,25.84,11,0.08420227468013763,0.00035261703305877745,0.08420227468013763,0.00035261703305877745,0.0603407584130764,1.0538315773010254,0.00019985652761533856,0.10018876940011978,0.023218568414449692,0.07144004851579666,0.07772522419691086,0.7911684513092041,1.2492795,1.2437317,261,21291,21552,0.21447822,0.5446258783340454,-0.31064898,0.9978429675102234,0.97432595,1.7104642,2.8794153,0.8650504,0.17015755,1.0538315773010254,1.2854297161102295,0.8650503754615784,0.0057246689684689045,1.7185137,2.8794153,0.9534552,0.16682296
A549,4,AFA,51,1,25.84,12,0.042709097266197205,0.002267948118969798,0.08843153715133667,0.0006526060751639307,0.09809670597314835,1.447627305984497,0.0003411987563595176,0.15817312896251678,0.05073269456624985,0.11301272362470627,0.12205503135919571,1.0851805210113525,0.91744256,0.91886795,200,23336,23536,0.36549562,0.5836883187294006,0.8437151,0.9948077201843262,0.9661702,0.5824231,2.4913924,0,0.43435207,1.447627305984497,1.9799410104751587,1.1503950357437134,0.027437184005975723,0.5750079,2.4913924,0,0.43136892
A549,4,AFA,51,1,25.84,13,0.199515238404274,0.00555010698735714,0.21083031594753265,0.003479309380054474,0.16846789419651031,4.311061382293701,0.000921526167076081,0.257427453994751,0.08791236579418182,0.19261986017227173,0.20659883320331573,2.6427159309387207,3.0938432,3.0915174,181,34923,35104,0.8184422,0.02837008610367775,0.5286988,0.9965004324913025,0.9821105,5.5321736,14.063666,0,3.9099505,4.311061382293701,4.994415760040283,3.4713191986083984,0.14493046700954437,5.5385027,14.063666,0,3.9216955
A549,4,AFA,51,1,25.84,14,0.09929554164409637,0.0003574304864741862,0.09929554164409637,0.0003574304864741862,0.07432665675878525,1.0350052118301392,0.0001348761870758608,0.09956009685993195,0.04209425672888756,0.08369182795286179,0.0888114646077156,0.7886142134666443,1.0552475,1.0498893,200,9752,9952,0.2160564,-0.494106412,-0.1721543,0.9945723414421082,0.98367554,1.3875022,2.388052,0.8124783,0.07625396,1.0350052118301392,1.326979398727417,0.8356597423553467,0.013573064468801022,1.3947315,2.388052,0.8124783,0.074938916
A549,4,AFA,51,1,25.84,15,0.11558426171541214,0.0003374901134520769,0.11558426171541214,0.0003374901134520769,0.09804970771074295,1.4523193836212158,0.00011890320456586778,0.13362087309360504,0.07228883355855942,0.10640955716371536,0.11269703507423401,1.0978097915649414,1.2343127,1.2316129,200,9912,10112,0.63364834,-0.120630011,0.18609461,0.9987847805023193,0.9867903,1.6199372,2.4950078,1.0019209,0.076415725,1.4523193836212158,1.6967124938964844,1.3088759183883667,0.005291796755045652,1.6233194,2.4950078,1.0019209,0.07727249
A549,4,AFA,6,1,25.84,1,0.04767020419239998,0.004461938515305519,0.1269291788339615,0.001820313511416316,0.07979875802993774,0.5677099823951721,0.00107286695856601,0.15634727478027344,0,0.10451653599739075,0.11793750524520874,0.49293527007102966,0.70144844,0.70057523,200,47560,47760,0.9360551,0.07680022716522217,0.85142374,0.9933581948280334,0.979679,0.4179237,2.426297,0,0.32659823,0.5677099823951721,0.9378893971443176,0,0.032068658620119095,0.41729382,2.426297,0,0.3277421
A549,4,AFA,6,1,25.84,2,0.30992990732192993,0.0097951116040349,0.3186380863189697,0.007295552641153336,0.1969565898180008,1.97420072555542,0.0014747377717867494,0.2807442545890808,0.08450963348150253,0.22799207270145416,0.24366849660873413,1.3209744691848755,2.160688,2.151146,200,17400,17600,0.14617404,-0.164176106,-0.14949307,0.9953407645225525,0.96844864,3.5330462,8.209717,0,1.3753821,1.97420072555542,2.7055182456970215,1.3610438108444214,0.051101911813020706,3.5509639,8.209717,0,1.3623517
A549,4,AFA,6,1,25.84,3,0.17771129310131073,0.007907279767096043,0.19807423651218414,0.004779955837875605,,,,,,,,,1.9440525,1.9440525,0,10768,10768,0.5395558,,0.08433092,,0.98629427,3.8581152,9.645472,0,2.453104,,,,,3.8581152,9.645472,0,2.453104
A549,4,AFA,6,1,25.84,4,0.11070642620325089,0.005878900643438101,0.13723669946193695,0.003646823577582836,0.09661179780960083,1.1341254711151123,0.001503574661910534,0.19739274680614471,0,0.12758859992027283,0.1462092250585556,0.7883588671684265,1.0699538,1.062439,500,18236,18736,0.23525015,0.1456451416015625,-0.16155025,0.992043137550354,0.95827144,1.5332717,7.2924957,0,1.2754387,1.1341254711151123,1.719813585281372,0,0.05265476927161217,1.5442156,7.2924957,0,1.3044773
A549,4,AFA,6,1,25.84,5,0.2301045060157776,0.0033652507700026035,0.23030120134353638,0.0033228304237127304,0.16955631971359253,1.7085539102554321,0.0012307811994105577,0.2737734019756317,0.0781901553273201,0.19775523245334625,0.21581047773361206,1.115766167640686,1.4399977,1.4357182,170,12710,12880,0.3378338,0.06066225469112396,-0.31210652,0.99724942445755,0.9890064,2.3979924,6.0201883,0,0.27401513,1.7085539102554321,2.1607959270477295,1.129530429840088,0.03283027932047844,2.407214,6.0201883,0,0.2707984
A549,4,AFA,6,1,25.84,6,0.13491910696029663,0.014550401829183102,0.21162976324558258,0.006589035503566265,0.05570336803793907,0.4740373194217682,0.004044376313686371,0.23721767961978912,0,0.11140673607587814,0.14442238211631775,0.6707965135574341,1.0558513,1.0488281,300,16148,16448,0.17684183,-0.036219273,-0.23279817,0.9919871687889099,0.95667064,1.298778,5.0520754,0,1.3194946,0.4740373194217682,1.4833030700683594,0,0.2585095167160034,1.3141001,5.0520754,0,1.3263342
A549,4,AFA,7,1,25.84,1,0.1295625865459442,0.02402881160378456,0.29620540142059326,0.005574063863605261,0.25181734561920166,2.141641855239868,0.002283493522554636,0.3580322265625,0.10432092845439911,0.2904282510280609,0.31112614274024963,1.4125617742538452,1.2551279,1.2560945,200,32376,32576,0.52573377,0.036485977470874786,0.48605058,0.9955670833587646,0.95527923,1.1653605,5.6070876,0,1.8774891,2.141641855239868,2.944626569747925,1.4567798376083374,0.0699617937207222,1.1593295,5.6070876,0,1.8827307
A549,4,AFA,7,1,25.84,2,0.05190272629261017,0.005099619273096323,0.1356952041387558,0.0019622782710939646,0.03835241496562958,0.2840034067630768,0.002444338519126177,0.1773771047592163,0,0.07670482993125916,0.11124155670404434,0.5160411596298218,0.71729964,0.7142317,600,38760,39360,0.34548843,-0.213947028,-0.13236795,0.9885910153388977,0.97175926,0.449272,2.4435582,0,0.365757,0.2840034067630768,0.9552749991416931,0,0.1204599142074585,0.45183027,2.4435582,0,0.36912483
A549,4,AFA,7,1,25.84,3,0.06403697282075882,0.0034616347402334213,0.09469736367464066,0.002215580316260457,0.06220386177301407,0.9746080040931702,0.0009373472421430051,0.135562926530838,0,0.08673278987407684,0.10152606666088104,0.725944995880127,1.0507436,1.0481375,200,24728,24928,0.2022434,-0.160103336,-0.22368601,0.9928009510040283,0.96711093,1.3580264,5.1517224,0,1.1341643,0.9746080040931702,1.3789892196655273,0,0.049930933862924576,1.3611275,5.1517224,0,1.1417348
A549,4,AFA,7,1,25.84,4,0.23171310126781464,0.00862251315265894,0.2480214387178421,0.005184565205127001,0.18058905005455017,1.5854747295379639,0.0015317376237362623,0.2945530116558075,0.07349865883588791,0.2118557095527649,0.23043254017829895,1.098280429840088,1.4343059,1.4246455,592,20000,20592,0.3429085,0.23583123087882996,0.07973506,0.9963229894638062,0.977871,2.2022536,6.0351133,0,0.8343028,1.5854747295379639,2.416670799255371,1.1037060022354126,0.03547411784529686,2.22051,6.0351133,0,0.8463545
A549,4,AFA,7,1,25.84,5,0.11218266934156418,0.010757604613900185,0.18000303208827972,0.00505327433347702,0.047132302075624466,0.7744391560554504,0.004207953345030546,0.22227676212787628,0,0.09426459670066833,0.14639048278331757,1.0579560995101929,1.5292566,1.5263743,100,16252,16352,0.3418014,-0.070414074,0.13602346,0.996266782283783,0.9742906,1.992819,7.7246366,0,2.9920745,0.7744391560554504,2.620082139968872,0,0.9236207604408264,2.000316,7.7246366,0,2.9956117
A549,4,AFA,8,1,25.84,1,0.12737710773944855,0.02103213407099247,0.26704129576683044,0.006796966772526503,0.192342609167099,4.438573360443115,0.0030748809222131968,0.3221929669380188,0.0728909969329834,0.23893241584300995,0.2646074593067169,2.2949557304382324,3.444359,3.4397974,123,30869,30992,0.6183019,0.6418299078941345,0.1352922,0.9975206851959229,0.9723314,3.5887103,18.838379,0,15.531958,4.438573360443115,4.99945068359375,3.306044101715088,0.14025971293449402,3.585324,18.838379,0,15.590397
A549,4,AFA,9,1,25.84,1,0.11505080759525299,0.023339083418250084,0.3018082082271576,0.004859569948166609,,,,,,,,,2.4181037,2.4181037,0,11120,11120,0.32758442,,-0.31281036,,0.98605245,1.6212069,7.839727,0,4.513391,,,,,1.6212069,7.839727,0,4.513391
A549,4,AFA,9,1,25.84,2,0.10303317755460739,0.012443264946341515,0.20329713821411133,0.004168715327978134,0.1726256012916565,3.008044719696045,0.002314652781933546,0.2948278486728668,0.011251409538090229,0.2113943099975586,0.23356804251670837,1.626464844,1.4899405,1.4908286,319,48721,49040,0.902335,0.056860554963350296,0.8291591,0.9972474575042725,0.9851908,1.699892,6.684272,0,2.984058,3.008044719696045,4.341582775115967,2.1152682304382324,0.1296718418598175,1.6913267,6.684272,0,2.9914694
A549,4,AFA,9,1,25.84,3,0.23344337940216064,0.004154302645474672,0.24154244363307953,0.002342165680602193,0.21701915562152863,2.1065845489501953,0.0013230618787929416,0.3101305067539215,0.13129165768623352,0.24674716591835022,0.2649877667427063,1.4719880819320679,1.464228,1.4643236,200,16024,16224,0.94207317,-0.079271466,0.77407247,0.9960046410560608,0.9948769,2.1462615,4.2571034,0,0.24172227,2.1065845489501953,2.653024911880493,1.5988593101501465,0.04604380577802658,2.146757,4.2571034,0,0.24414471
A549,4,AFA,9,1,25.84,4,0.07527049630880356,0.00309095811098814,0.09403770416975021,0.0020968017634004354,0.05634831637144089,0.6205191016197205,0.0009030307410284877,0.15341709554195404,0,0.08011750876903534,0.09495473653078079,0.5279618501663208,0.9672088,0.96333843,300,33748,34048,0.40016827,0.5135866403579712,-0.062385038,0.9934062957763672,0.94101596,1.2937971,5.0045166,0,0.8812845,0.6205191016197205,0.9561579823493958,0,0.026335038244724274,1.2997822,5.0045166,0,0.8848191
A549,4,AFA,9,1,25.84,5,0.07450082153081894,0.0034022817853838205,0.09768230468034744,0.0021965058986097574,0.03801584616303444,0.42742303013801575,0.0014560595154762268,0.14204105734825134,0,0.07157336920499802,0.09048487991094589,0.5122048258781433,0.876174,0.86802065,800,34912,35712,0.19861165,-0.001780633,-0.3818595,0.9888620376586914,0.94675255,1.100216,4.4022985,0,0.67908293,0.42742303013801575,0.9865008592605591,0,0.11024945974349976,1.1156329,4.4022985,0,0.6815075
A549,4,AFA,9,1,25.84,6,0.08221463114023209,0.001543540391139686,0.08793237060308456,0.001148114912211895,0.051679085940122604,0.7412967085838318,0.0006459488067775965,0.11017264425754547,0,0.072645403444767,0.08367535471916199,0.5933083891868591,0.8504731,0.8485354,200,26344,26544,0.6236498,0.5442202687263489,0.020716146,0.9962647557258606,0.98586446,1.141555,2.5240695,0,0.14822921,0.7412967085838318,0.9555577635765076,0,0.020715318620204926,1.1445937,2.5240695,0,0.14797176
A549,4,DAC,0,2,20.55,1,0.0928196981549263,0.008417345583438873,0.15933996438980103,0.003850393695756793,0.05501951649785042,0.4992133677005768,0.0031688527669757605,0.19493819773197174,0,0.1060650497674942,0.1307884156703949,0.6313490271568298,0.9803021,0.97390765,280,15000,15280,0.49324036,-0.257037371,0.105551004,0.9915303587913513,0.98011225,0.94354624,3.9308345,0,0.7715365,0.4992133677005768,1.2401551008224487,0,0.2063947468996048,0.95184034,3.9308345,0,0.7783317
A549,4,DAC,0,2,20.55,2,0.09431055188179016,0.0020401878282427788,0.09548988193273544,0.0019530857680365443,0.04910670965909958,1.151208758354187,0.0009006683249026537,0.15104158222675323,0,0.07279887795448303,0.09067173302173615,0.8012115359306335,1.4223386,1.4107157,300,15732,16032,0.9046641,-0.203582913,0.23611186,0.991839587688446,0.9644305,2.4703813,7.2784944,0,0.69615674,1.151208758354187,1.6797393560409546,0.766270637512207,0.033082108944654465,2.495537,7.2784944,0,0.67498344
A549,4,DAC,1,2,20.55,1,0.152492493391037,0.0021858506370335817,0.152492493391037,0.0021858506370335817,0.09750637412071228,1.1647075414657593,0.00031869192025624216,0.15169326961040497,0.04440020024776459,0.11190437525510788,0.12049415707588196,0.8899333477020264,1.6829164,1.6724161,400,29808,30208,0.11911467,0.20453613996505737,-0.19646463,0.9870836734771729,0.9270817,2.2781966,5.4386063,0.70629865,0.8876114,1.1647075414657593,1.7761708498001099,0.8022862076759338,0.045780397951602936,2.2931387,5.4386063,0.70629865,0.88204694
A549,4,DAC,1,2,20.55,2,0.13440565764904022,0.0035352855920791626,0.1359511762857437,0.0033658246975392103,0.08167886734008789,1.3755316734313965,0.0007946750265546143,0.17750774323940277,0.017460444942116737,0.10451988130807877,0.11824104934930801,0.9848365187644958,1.5771677,1.571388,200,20296,20496,0.27941594,0.4825967848300934,-0.12098444,0.9935218691825867,0.9631933,2.682337,9.135849,0,1.349592,1.3755316734313965,2.1388211250305176,0.9488263726234436,0.04367511346936226,2.6952143,9.135849,0,1.3454664
A549,4,DAC,1,2,20.55,3,0.16601775586605072,0.009703123942017555,0.200484037399292,0.004807609133422375,0.14381755888462067,3.495483875274658,0.002745973179116845,0.25920355319976807,0.03995267301797867,0.18499663472175598,0.20830634236335754,1.8751477003097534,2.1228395,2.1217194,56,12328,12384,0.83239955,0.03644055128097534,0.37839654,0.9976111054420471,0.97817945,3.917624,9.135429,0,4.140937,3.495483875274658,4.278903961181641,2.567760944366455,0.13078507781028748,3.9195416,9.135429,0,4.15834
A549,4,DAC,10,2,20.55,1,0.08292238414287567,0.004605572670698166,0.12105095386505127,0.002107762498781085,0.10768358409404755,2.059195041656494,0.001117389532737434,0.20232805609703064,0.016041001304984093,0.134678453207016,0.14964669942855835,1.3260246515274048,1.3607051,1.3601993,200,13512,13712,0.9022555,0.16587848961353302,0.8375179,0.9959811568260193,0.99277586,1.6641271,4.5050054,0,1.3450121,2.059195041656494,2.668283700942993,1.3920807838439941,0.06600150465965271,1.6582795,4.5050054,0,1.361599
A549,4,DAC,10,2,20.55,2,0.0825851783156395,0.005951374769210815,0.13986629247665405,0.00206755381077528,0.08512704074382782,1.079345464706421,0.002862801542505622,0.1871410757303238,0,0.12806080281734467,0.14523562788963318,0.9344649314880371,1.0955973,1.0911148,600,20968,21568,0.55565786,-0.038984135,0.20295568,0.97519451379776,0.96103185,1.1169093,4.0347686,0,1.0192903,1.079345464706421,2.2573039531707764,0,0.4050227999687195,1.117984,4.0347686,0,1.036826
A549,4,DAC,10,2,20.55,3,0.08458919823169708,0.0012229776475578547,0.09045830368995667,0.0007769218645989895,0.07122277468442917,0.5821035504341125,0.0002940963313449174,0.1159181222319603,0.03144295513629913,0.08543501794338226,0.0925455391407013,0.49661800265312195,0.70056325,0.69940656,100,17532,17632,0.22867574,-0.088908635,-0.42642775,0.996768057346344,0.9658072,0.83481336,2.262198,0,0.13224308,0.5821035504341125,0.7375044822692871,0.4662245213985443,0.003423831192776561,0.8362548,2.262198,0,0.1326115
A549,4,DAC,10,2,20.55,4,0.11826163530349731,0.0012293158797547221,0.11869186908006668,0.001182722975499928,0.09479343146085739,1.2265301942825317,0.000701364129781723,0.16776299476623535,0.013319551013410091,0.11620848625898361,0.1298721730709076,0.9118234515190125,1.0680408,1.0646089,200,8904,9104,0.6281194,-0.125151277,0.34784365,0.9973776340484619,0.9943904,1.5002781,2.6818864,0,0.057681844,1.2265301942825317,1.5237973928451538,0.9107635021209717,0.014950319193303585,1.506427,2.6818864,0,0.056920618
A549,4,DAC,10,2,20.55,5,0.12393645197153091,0.0030734629835933447,0.1325693428516388,0.0021430915221571922,0.10061055421829224,1.2586208581924438,0.0008142399019561708,0.1764713078737259,0.012971651740372181,0.12321912497282028,0.13687340915203094,0.9337801337242126,1.2644721,1.2582841,300,15732,16032,0.4808909,0.12404854595661163,-0.10752182,0.9954271912574768,0.9719445,1.84543,4.878388,0,0.6774912,1.2586208581924438,1.7528471946716309,0.8732067346572876,0.025541385635733604,1.8566201,4.878388,0,0.68323183
A549,4,DAC,10,2,20.55,6,0.11719203740358353,0.009475743398070335,0.17198489606380463,0.00448256079107523,0.07818563282489777,1.556149959564209,0.0032635321840643883,0.24011243879795074,0,0.12633758783340454,0.14775621891021729,1.1919264793395996,1.5672851,1.5620364,264,18616,18880,0.851723,-0.057733461,0.18643002,0.9962090849876404,0.9866855,2.2142391,6.244825,0,2.613118,1.556149959564209,2.905109405517578,0,0.7101597785949707,2.2235718,6.244825,0,2.6338756
A549,4,DAC,12,2,20.55,1,0.15875759720802307,0.004177579190582037,0.16527009010314941,0.0032726279459893703,0.12480775266885757,1.879923701286316,0.0009388198959641159,0.24677583575248718,0.039043866097927094,0.14930835366249084,0.16529962420463562,1.3312430381774902,1.7920321,1.7839334,500,27948,28448,0.45242068,-0.49720946,0.27450264,0.9786252379417419,0.9574233,2.889493,9.291263,0,1.5137023,1.879923701286316,3.3684678077697754,0.9158492088317871,0.19773061573505402,2.9075544,9.291263,0,1.518685
A549,4,DAC,12,2,20.55,2,0.285488486289978,0.0694117397069931,0.5205488204956055,0.004202354233711958,0.4211939573287964,4.46262264251709,0.0012263082899153233,0.5016342997550964,0.3395957946777344,0.45025399327278137,0.46561238169670105,3.2853500843048096,4.452023,4.4424796,89,10791,10880,0.498419,0.14700554311275482,0.20355889,0.9980146884918213,0.9814928,3.2904086,9.499315,0,9.33232,4.46262264251709,4.989633083343506,3.750398874282837,0.10478364676237106,3.2807407,9.499315,0,9.396998
A549,4,DAC,12,2,20.55,3,0.06690347194671631,0.004906521178781986,0.10856974124908447,0.0034385169856250286,0.05298339203000069,1.2309561967849731,0.0017129576299339533,0.18564455211162567,0,0.08725201338529587,0.1063748300075531,1.0322757959365845,1.6148119,1.6022227,500,22636,23136,0.24075054,0.4124489724636078,-0.011736264,0.9926074147224426,0.9592584,1.9261895,11.293033,0,3.3116548,1.2309561967849731,2.2947542667388916,0,0.4528653919696808,1.9415463,11.293033,0,3.3638895
A549,4,DAC,13,2,20.55,1,0.16705437004566193,0.0035077303182333708,0.16829808056354523,0.003324529156088829,0.10150854289531708,1.2776708602905273,0.0007355909328907728,0.1670762300491333,0.046502575278282166,0.1230478584766388,0.1372862458229065,0.9042690992355347,1.368616,1.3659557,100,17356,17456,0.32279807,-0.043262318,-0.07770066,0.9958696961402893,0.9732159,2.345375,6.260505,0,0.7201265,1.2776708602905273,1.7839772701263428,0.9498816132545471,0.02593197673559189,2.3515267,6.260505,0,0.7175201
A549,4,DAC,13,2,20.55,2,0.14080710709095,0.004354619421064854,0.15477804839611053,0.0026242926251143217,0.10216828435659409,0.8646554350852966,0.0007669301121495664,0.17907750606536865,0,0.1241242066025734,0.1361604928970337,0.6827295422554016,0.9562094,0.9516667,274,16222,16496,0.6298382,-0.243921041,0.07253137,0.9921373724937439,0.9801475,1.2639596,4.019511,0,0.34833398,0.8646554350852966,1.2449191808700562,0,0.02967929095029831,1.2707042,4.019511,0,0.35097763
A549,4,DAC,14,2,20.55,1,0.1373598426580429,0.0053128404542803764,0.15839883685112,0.002794040599837899,0.12269995361566544,1.7202658653259277,0.0016175842611119151,0.22450441122055054,0,0.1538812220096588,0.172304168343544,1.107401728630066,1.3057787,1.302477,200,11816,12016,0.65808356,-0.437610149,0.34237725,0.9931696653366089,0.9922127,2.0604084,4.607264,0,0.8407318,1.7202658653259277,2.6390466690063477,0,0.11096269637346268,2.0661657,4.607264,0,0.8510926
A549,4,DAC,14,2,20.55,2,0.06331281363964081,0.004144278820604086,0.11263509839773178,0.0018173556309193373,0.09796350449323654,1.9836801290512085,0.0007365967612713575,0.1645001769065857,0.015448080375790596,0.11881139129400253,0.13173043727874756,1.2622692584991455,1.0594726,1.0603615,100,22716,22816,0.7333879,0.022141864523291588,0.46493292,0.9973160028457642,0.9455806,1.2407514,4.661184,0,1.3425753,1.9836801290512085,2.6315758228302,1.6032110452651978,0.03830699622631073,1.237481,4.661184,0,1.3458765
A549,4,DAC,14,2,20.55,3,0.09106550365686417,0.011345955543220043,0.19473423063755035,0.004074309021234512,0.096165731549263,0.9753680229187012,0.0025394735857844353,0.19963496923446655,0,0.13402748107910156,0.1493186205625534,0.8407164216041565,1.2434852,1.2380657,200,14664,14864,0.8315824,0.41598325967788696,0.25838482,0.995914101600647,0.9836644,1.0228854,5.1220493,0,1.3520314,0.9753680229187012,1.5974823236465454,0,0.20284926891326904,1.0235336,5.1220493,0,1.3676738
A549,4,DAC,14,2,20.55,4,0.03975416719913483,0.0033841647673398256,0.09711718559265137,0.0026963879354298115,0.04405710846185684,1.0033619403839111,0.0014323923969641328,0.14815573394298553,0,0.07600750774145126,0.09432203322649002,0.8694726824760437,1.227479,1.2222693,200,13544,13744,0.66744304,0.5241926908493042,0.37048334,0.9959961175918579,0.98417044,0.9669823,6.024247,0,1.5008252,1.0033619403839111,1.9891161918640137,0,0.3277876675128937,0.96644515,6.024247,0,1.5181272
A549,4,DAC,14,2,20.55,5,0.2779659032821655,0.0058316378854215145,0.2850422263145447,0.003963041119277477,0.21478088200092316,2.193028450012207,0.001695309649221599,0.3357260823249817,0.1043405756354332,0.2473653107881546,0.2687816917896271,1.4441704750061035,1.7492592,1.743938,300,16900,17200,0.76883745,0.05790567025542259,0.111486964,0.994504451751709,0.9880957,2.8367958,5.94654,0,0.55843586,2.193028450012207,3.2222745418548584,1.4982506036758423,0.09943893551826477,2.8482232,5.94654,0,0.5590962
A549,4,DAC,14,2,20.55,6,0.11390269547700882,0.015841444954276085,0.22922562062740326,0.0054454440250992775,0.17925415933132172,4.021154403686523,0.00206548860296607,0.27449098229408264,0.05813010036945343,0.21587979793548584,0.23600280284881592,2.1707212924957275,2.1829448,2.1828797,98,18302,18400,0.9455619,0.09328368306159973,0.6730482,0.9975622296333313,0.9589191,2.7535884,11.063511,0,8.369459,4.021154403686523,4.951941967010498,3.1124606132507324,0.17288778722286224,2.746801,11.063511,0,8.404698
A549,4,DAC,14,2,20.55,7,0.1626414805650711,0.019177960231900215,0.2647997736930847,0.0041725230403244495,0.22571276128292084,3.211552381515503,0.002848510630428791,0.336498498916626,0.09302155673503876,0.26892486214637756,0.2934251129627228,1.694894552230835,1.9180434,1.9156346,100,9164,9264,0.58536,0.29133865237236023,0.18016352,0.9982343912124634,0.989024,2.324979,6.84759,0,3.645475,3.211552381515503,4.194076061248779,2.1615970134735107,0.13663208484649658,2.3153043,6.84759,0,3.6750932
A549,4,DAC,14,2,20.55,8,0.2483619749546051,0.0059105767868459225,0.2521415054798126,0.0050475397147238255,0.1862068921327591,1.7173386812210083,0.0011960003757849336,0.28253504633903503,0.12405464053153992,0.21392160654067993,0.2327934056520462,1.1881015300750732,1.4901876,1.4863499,100,7772,7872,0.39398238,-0.009316557,0.0347004,0.9965953230857849,0.9806396,2.3989964,5.8991623,0,0.5207565,1.7173386812210083,2.3956611156463623,1.3106249570846558,0.03390062227845192,2.4077668,5.8991623,0,0.52096516
A549,4,DAC,15,2,20.55,1,0.12262485921382904,0.0015022451989352703,0.1228281557559967,0.001479765516705811,0.08118614554405212,1.0108505487442017,0.0004482315562199801,0.1558166742324829,0.03246813267469406,0.09782145172357559,0.10807450860738754,0.7705777883529663,1.3018217,1.2892607,300,12388,12688,0.75057244,-0.241236225,0.30373994,0.9903208017349243,0.9677975,2.001691,4.546236,0,0.38595557,1.0108505487442017,1.544861912727356,0.6487066745758057,0.03146904706954956,2.0256865,4.546236,0,0.370189
A549,4,DAC,15,2,20.55,2,0.266098290681839,0.009686619974672794,0.28688859939575195,0.004478937480598688,0.1814911812543869,2.1559109687805176,0.0008960195700637996,0.24998484551906586,0.09912025928497314,0.20564475655555725,0.21831105649471283,1.4289888143539429,2.0979407,2.0938494,100,16252,16352,0.40251192,0.058255717158317566,0.22953722,0.998149037361145,0.98308104,3.4504066,7.29055,0,1.5422523,2.1559109687805176,2.7276721000671387,1.7605043649673462,0.0358581468462944,3.4583719,7.29055,0,1.5411469
A549,4,DAC,15,2,20.55,3,0.1509241908788681,0.012441468425095081,0.21296274662017822,0.004343728069216013,0.10711853206157684,1.143775224685669,0.005224170628935099,0.2401416003704071,0,0.16542351245880127,0.18253092467784882,1.0567865371704102,1.37173,1.3669407,300,19428,19728,0.3852547,0.5044712424278259,0.07240559,0.9930798411369324,0.97351193,1.652708,5.8297534,0,1.4807038,1.143775224685669,2.207791805267334,0,0.5351668000221252,1.6605668,5.8297534,0,1.4912431
A549,4,DAC,15,2,20.55,4,0.29339608550071716,0.001915988395921886,0.29339608550071716,0.001915988395921886,0.22189578413963318,2.775926113128662,0.001271116198040545,0.29920557141304016,0.13833841681480408,0.2510145604610443,0.2678164541721344,2.0646395683288574,2.8231544,2.7992516,300,9220,9520,0.8392317,0.3984696865081787,0.5782325,0.9900729656219482,0.9896334,3.850645,6.2514524,1.9417623,0.29930088,2.775926113128662,3.626361846923828,1.9417623281478882,0.1163146048784256,3.885614,6.2514524,2.2089195,0.26645002
A549,4,DAC,15,2,20.55,5,0.272472083568573,0.0032616504468023777,0.27253225445747375,0.003245978383347392,0.15744715929031372,1.6024868488311768,0.0005923876306042075,0.22646990418434143,0.08660241961479187,0.17612837255001068,0.18928398191928864,1.1984241008758545,2.029094,2.0254273,100,22556,22656,0.37748206,-0.004941082,0.55742687,0.9967860579490662,0.98304605,3.0744388,5.9999037,0,0.4227416,1.6024868488311768,2.0470011234283447,1.2890112400054932,0.02511591464281082,3.0809646,5.9999037,0,0.41485623
A549,4,DAC,15,2,20.55,6,0.3924429714679718,0.00194792659021914,0.3924429714679718,0.00194792659021914,0.32090020179748535,3.967463970184326,0.0005482141859829426,0.38235050439834595,0.2494901418685913,0.3396976888179779,0.34931087493896484,3.337932825088501,4.4132714,4.40059,200,16760,16960,0.61873966,0.3656419515609741,0.45830488,0.997373104095459,0.98646843,5.035285,7.26851,3.3025508,0.36373973,3.967463970184326,4.707449913024902,3.302550792694092,0.07285429537296295,5.048028,7.26851,3.3514636,0.3534418
A549,4,DAC,15,2,20.55,7,0.16682496666908264,0.027323994785547256,0.3163048326969147,0.004525866359472275,,,,,,,,,2.1343296,2.1343296,0,25968,25968,0.4554523,,0.8648725,,0.95111173,2.021227,6.835474,0,3.943845,,,,,2.021227,6.835474,0,3.943845
A549,4,DAC,15,2,20.55,8,0.13033266365528107,0.030110226944088936,0.34961333870887756,0.004106299486011267,0.4190395772457123,3.966953754425049,0.0015365728177130222,0.5301427245140076,0.33391574025154114,0.4504842758178711,0.46830397844314575,3.0722568035125732,2.0478706,2.0533898,100,18460,18560,0.8381899,0.8360668420791626,0.9192557,0.9963204860687256,0.9746061,1.4608823,6.538004,0,3.6887097,3.966953754425049,4.756350994110107,3.29133939743042,0.1087522804737091,1.4473066,6.538004,0,3.6738968
A549,4,DAC,15,2,20.55,9,0.1984836459159851,0.011821259744465351,0.23992498219013214,0.0043466053903102875,0.17511846125125885,1.121293306350708,0.0007834007847122848,0.24373887479305267,0.08686898648738861,0.19707058370113373,0.21242262423038483,0.9047421813011169,2.2283864,2.2207475,100,17228,17328,0.31747925,-0.089356825,-0.4213298,0.996249258518219,0.94214976,3.3578486,8.975759,0,4.5331492,1.121293306350708,1.4749938249588013,0.8053441047668457,0.01630030758678913,3.3708305,8.975759,0,4.5301647
A549,4,DAC,15,2,20.55,10,0.2444353699684143,0.011462272144854069,0.2735046148300171,0.004874834790825844,0.17422935366630554,4.194974899291992,0.001847812905907631,0.27895835041999817,0.054333049803972244,0.20895911753177643,0.22789917886257172,2.339442253112793,3.2338772,3.2269666,90,11558,11648,0.62865126,0.26654788851737976,-0.16162127,0.9970522522926331,0.9837667,5.8988385,12.950042,0,6.09232,4.194974899291992,4.955935001373291,3.1312592029571533,0.18587788939476013,5.9121065,12.950042,0,6.1155314
A549,4,DAC,16,2,20.55,1,0.13051994144916534,0.011356103233993053,0.1879836916923523,0.005553583614528179,0.11209243535995483,1.5025521516799927,0.0008560289861634374,0.19939126074314117,0.03807094693183899,0.13524265587329865,0.15062153339385986,1.0191386938095093,1.7757729,1.7586657,700,30260,30960,0.87580293,0.15097744762897491,0.38331342,0.9916126132011414,0.951584,2.218566,8.911603,0,3.397027,1.5025521516799927,2.563563585281372,0.9340378642082214,0.05954496189951897,2.2351294,8.911603,0,3.4620988
A549,4,DAC,16,2,20.55,2,0.22224219143390656,0.014319465495646,0.2706766128540039,0.004330115392804146,0.19497352838516235,1.4039421081542969,0.0011418405920267105,0.2835492491722107,0.09209148585796356,0.2219255119562149,0.23813815414905548,0.9887201189994812,1.6037081,1.5915574,300,14884,15184,0.47673607,-0.639518976,-0.32461718,0.9757816195487976,0.9640167,2.2954814,5.7213225,0,1.8375175,1.4039421081542969,2.8350954055786133,0.7825631499290466,0.21682213246822357,2.313451,5.7213225,0,1.8538402
A549,4,DAC,16,2,20.55,3,0.27693936228752136,0.01412655133754015,0.312346488237381,0.004873353522270918,0.17824003100395203,2.45358943939209,0.0010533406166359782,0.2588777542114258,0.08436024934053421,0.203618586063385,0.21842342615127563,1.5337729454040527,2.3617077,2.3556833,100,13644,13744,0.6211701,0.1056084930896759,-0.001207404,0.9974664449691772,0.9839742,3.872234,8.318181,0,2.6719801,2.45358943939209,3.0211968421936035,1.924601674079895,0.04816756397485733,3.8826315,8.318181,0,2.676352
A549,4,DAC,16,2,20.55,4,0.18102115392684937,0.009625262580811977,0.21498289704322815,0.004129879642277956,0.14215488731861115,1.5785610675811768,0.0019160060910508037,0.26690322160720825,0,0.1758086234331131,0.1974574327468872,1.023432970046997,1.3315779,1.3275297,400,30048,30448,0.85381484,0.08834332972764969,0.29898828,0.9913275241851807,0.9837783,2.1084754,5.263013,0,1.1179368,1.5785610675811768,2.7687809467315674,0,0.12926287949085236,2.1155298,5.263013,0,1.1273104
A549,4,DAC,16,2,20.55,5,0.25016558170318604,0.0053316387347877026,0.25241732597351074,0.0048112510703504086,0.1974586844444275,2.7239139080047607,0.0012469348730519414,0.27939876914024353,0.10229204595088959,0.2252742052078247,0.242872416973114,1.6708978414535522,1.9492116,1.9461465,200,17960,18160,0.75520974,0.03335987403988838,0.15201825,0.9953830242156982,0.97899365,3.4436464,7.42368,0,0.9160929,2.7239139080047607,3.7614877223968506,1.9732084274291992,0.11391010135412216,3.4516613,7.42368,0,0.91919315
A549,4,DAC,16,2,20.55,6,0.16492217779159546,0.002633732743561268,0.16518676280975342,0.002594255143776536,0.11268581449985504,0.9572051167488098,0.0008927002199925482,0.2306334227323532,0.026752280071377754,0.1355021595954895,0.15225283801555634,0.7266212105751038,1.0438232,1.037916,500,26348,26848,0.5882658,-0.328453958,0.24675006,0.988686740398407,0.9720134,1.5080692,4.7851143,0,0.22994822,0.9572051167488098,1.5552011728286743,0.628407895565033,0.032148461788892746,1.5185226,4.7851143,0,0.22783402
A549,4,DAC,17,2,20.55,1,0.08453460782766342,0.00656843651086092,0.1426701694726944,0.002791427308693528,0.024990571662783623,0.3106350302696228,0.0016389131778851151,0.14858806133270264,0,0.049981143325567245,0.08999782800674438,0.699234664440155,1.149706,1.143045,300,19988,20288,0.401445,-0.439254969,-0.3094241,0.9881986379623413,0.97039306,1.1599629,4.298763,0,1.0837075,0.3106350302696228,1.4598740339279175,0,0.23271651566028595,1.1727104,4.298763,0,1.0854905
A549,4,DAC,17,2,20.55,2,0.30665579438209534,0.004815134219825268,0.30665579438209534,0.004815134219825268,0.23435546457767487,3.046557664871216,0.001281905802898109,0.3455674946308136,0.1485896110534668,0.26307833194732666,0.28107529878616333,2.3682777881622314,3.2387788,3.222714,300,15956,16256,0.48172992,-0.491022944,-0.36421973,0.986395537853241,0.96228117,4.136673,8.330456,1.5628384,1.1706012,3.046557664871216,4.162036418914795,2.0197343826293945,0.23389525711536407,4.1571693,8.330456,1.5628384,1.1654497
A549,4,DAC,17,2,20.55,3,0.10025658458471298,0.013075406663119793,0.21368220448493958,0.0036312760785222054,0.18705806136131287,2.4997267723083496,0.002624539192765951,0.29214030504226685,0,0.22589772939682007,0.24785499274730682,1.5363811254501343,1.4913608,1.4914961,100,33196,33296,0.93742883,-0.134578973,0.7742197,0.9967549443244934,0.9887845,1.3841112,5.609377,0,2.2761998,2.4997267723083496,3.3485960960388184,0,0.16637645661830902,1.3807507,5.609377,0,2.278795
A549,4,DAC,17,2,20.55,4,0.1012430414557457,0.0016997660277411342,0.104538194835186,0.0014106191229075193,0.0694696456193924,0.781538724899292,0.000440991367213428,0.13499349355697632,0,0.0864381492137909,0.09591975808143616,0.6425647139549255,1.1035429,1.0996989,200,23784,23984,0.51250947,-0.61861515,0.14255597,0.9866652488708496,0.9741936,1.5309715,3.4422638,0,0.26207724,0.781538724899292,1.2409662008285522,0,0.029647111892700195,1.5372736,3.4422638,0,0.2592691
A549,4,DAC,17,2,20.55,5,0.1590556502342224,0.002645676489919424,0.1590556502342224,0.002645676489919424,0.1014956533908844,1.1915348768234253,0.0005536229582503438,0.17258812487125397,0.04207925871014595,0.12074437737464905,0.13171781599521637,0.9153228998184204,1.4410526,1.4332293,300,19860,20160,0.49952012,0.5728365778923035,0.06941605,0.995638906955719,0.96667933,2.0390143,5.9374824,0.90385914,0.52037245,1.1915348768234253,1.6193180084228516,0.9038591384887695,0.018040431663393974,2.0518167,5.9374824,0.9532892,0.5169474
A549,4,DAC,17,2,20.55,6,0.21166129410266876,0.006811697501689196,0.219674214720726,0.0053093391470611095,0.12961694598197937,2.8449366092681885,0.001202152925543487,0.20759335160255432,0.025462420657277107,0.15800118446350098,0.1716158539056778,1.8082422018051147,2.5508466,2.545493,200,27544,27744,0.88760924,-0.296720743,0.2549589,0.9941056966781616,0.9767915,4.7803297,10.711611,0,2.5140526,2.8449366092681885,3.964660406112671,2.0045883655548096,0.16111639142036438,4.794383,10.711611,0,2.5037417
A549,4,DAC,17,2,20.55,7,0.10995616763830185,0.005228250287473202,0.14691264927387238,0.0015561020700260997,0.10869622975587845,1.1915239095687866,0.0003989234974142164,0.1580626368522644,0.06532571464776993,0.12470299750566483,0.13569357991218567,0.9234659075737,1.3269314,1.323542,200,23608,23808,0.9507754,0.2375093698501587,0.8597097,0.9965739250183105,0.9797962,1.4491234,3.6939418,0,0.8199507,1.1915239095687866,1.492653727531433,0.9210854768753052,0.012197187170386314,1.4513057,3.6939418,0,0.82622695
A549,4,DAC,18,2,20.55,1,0.024328436702489853,0.0015342098195105791,0.07748618721961975,0.0007674741791561246,0.03457651287317276,0.39124801754951477,0.0012246642727404833,0.11833441257476807,0,0.06652989238500595,0.08145948499441147,0.5853484272956848,0.79296976,0.7901677,477,34867,35344,0.90652525,0.11104090511798859,0.55000657,0.9896070957183838,0.9876741,0.33694014,1.8199439,0,0.2591524,0.39124801754951477,1.069392204284668,0,0.1308894157409668,0.33619717,1.8199439,0,0.2608662
A549,4,DAC,18,2,20.55,2,0.07877349853515625,0.0007864073268137872,0.07912608236074448,0.0007620283868163824,0.06886695325374603,0.9590726494789124,0.00028879469027742743,0.11070158332586288,0.02841334417462349,0.08273441344499588,0.09206390380859375,0.750502347946167,0.9902934,0.9875181,200,17080,17280,0.30988613,-0.618427694,0.46767047,0.9694757461547852,0.9444905,1.2929504,3.8474746,0,0.24428171,0.9590726494789124,1.5437434911727905,0.5737891793251038,0.07532920688390732,1.2968599,3.8474746,0,0.24493949
A549,4,DAC,18,2,20.55,3,0.11975835263729095,0.0006799058173783123,0.11975835263729095,0.0006799058173783123,0.10304168611764908,1.571168065071106,0.0003985016082879156,0.16856801509857178,0.044860322028398514,0.11919198930263519,0.12899287045001984,1.191626787185669,1.5027649,1.4955089,400,16752,17152,0.44545484,-0.064982265,0.3238116,0.9887508153915405,0.9791481,2.0236907,5.088144,1.1118658,0.20829391,1.571168065071106,2.437534809112549,1.111865758895874,0.0662633627653122,2.0344958,5.088144,1.1399362,0.20667893
A549,4,DAC,18,2,20.55,4,0.13576284050941467,0.003063705051317811,0.1380242258310318,0.0028026108630001545,0.08727333694696426,1.4449800252914429,0.0008904836140573025,0.16170796751976013,0,0.11112260818481445,0.12427306920289993,1.0697323083877563,1.623338,1.6126672,400,20352,20752,0.5444414,0.3476415276527405,0.13363105,0.996139645576477,0.9855281,2.62372,6.31786,0,0.51531553,1.4449800252914429,2.1093525886535645,0,0.03781164810061455,2.646887,6.31786,0,0.49685577
A549,4,DAC,18,2,20.55,5,0.15280139446258545,0.0014776404714211822,0.15280139446258545,0.0014776404714211822,0.10777504742145538,1.476353645324707,0.00042192687396891415,0.16574975848197937,0.0606655590236187,0.1241283193230629,0.13317379355430603,1.125206470489502,1.6998359,1.6926674,200,15832,16032,0.17995039,-0.135547549,-0.14676929,0.9961803555488586,0.974031,2.323427,5.495123,1.1601208,0.3787118,1.476353645324707,1.9684767723083496,1.1601208448410034,0.023360084742307663,2.3341277,5.495123,1.1615039,0.37402198
A549,4,DAC,18,2,20.55,6,0.15540817379951477,0.0008822866366244853,0.15540817379951477,0.0008822866366244853,0.12717214226722717,1.462074637413025,0.0003791555354837328,0.17101337015628815,0.07145018130540848,0.14250586926937103,0.15187807381153107,1.1330307722091675,1.3170371,1.3156173,100,12860,12960,0.67550063,-0.117045201,0.69526124,0.9969384074211121,0.9940965,1.7269905,3.2841525,1.0978487,0.059157316,1.462074637413025,1.756343126296997,1.188982367515564,0.017013635486364365,1.7290504,3.2841525,1.0978487,0.05893506
A549,4,DAC,18,2,20.55,7,0.18816791474819183,0.0023185580503195524,0.18816791474819183,0.0023185580503195524,0.1433536410331726,1.5659805536270142,0.0004003086651209742,0.2152910977602005,0.08727479726076126,0.15926407277584076,0.16926737129688263,1.2364872694015503,1.8127835,1.7987319,300,12004,12304,0.43219206,0.13780373334884644,-0.11750096,0.996213436126709,0.9552601,2.30323,5.6199865,1.175236,0.6181963,1.5659805536270142,1.9929792881011963,1.2074722051620483,0.021126283332705498,2.321655,5.6199865,1.175236,0.61919475
A549,4,DAC,18,2,20.55,8,0.10790924727916718,0.01374210137873888,0.21591782569885254,0.004175875801593065,0.18664345145225525,2.8508050441741943,0.0016843299381434917,0.3239890933036804,0.08517799526453018,0.21988564729690552,0.2387593388557434,1.9145511388778687,1.7078,1.7089887,200,34584,34784,0.82701325,0.01804300770163536,0.77422917,0.9940283298492432,0.9612154,1.6744064,7.888085,0,3.1743648,2.8508050441741943,3.906841516494751,1.9684348106384277,0.15591363608837128,1.6676033,7.888085,0,3.1837711
A549,4,DAC,18,2,20.55,9,0.16774298250675201,0.0034873972181230783,0.16972289979457855,0.0031925213988870382,0.10839884728193283,1.4437487125396729,0.0009552566916681826,0.2030424177646637,0.016995226964354515,0.13282887637615204,0.1481565237045288,1.0951558351516724,1.6656687,1.6484791,390,12554,12944,0.5268243,0.07857925444841385,-0.19748357,0.9911724925041199,0.96366185,2.3696952,6.8142424,0,0.8013532,1.4437487125396729,2.2998650074005127,0.9142817854881287,0.05299985781311989,2.3984604,6.8142424,0,0.79713887
A549,4,DAC,18,2,20.55,10,0.13824525475502014,0.002567016053944826,0.1406194269657135,0.002277245745062828,0.08738215267658234,1.7977871894836426,0.0020345330704003572,0.22880011796951294,0,0.12240417301654816,0.14682212471961975,1.2722111940383911,1.9253366,1.9130238,498,25918,26416,0.7959334,-0.325040132,0.3724308,0.9535493850708008,0.9750409,2.9915833,7.6041546,0,0.6329164,1.7977871894836426,3.9429311752319336,0.8175745606422424,0.4813849627971649,3.0145214,7.6041546,0,0.6079184
A549,4,DAC,18,2,20.55,11,0.0701301246881485,0.00585163664072752,0.14316388964653015,0.0014897538349032402,0.11332657188177109,0.8250619769096375,0.0004989333683624864,0.17387032508850098,0.05681024491786957,0.1314549297094345,0.14212945103645325,0.7142857313156128,0.9275577,0.92295605,300,13604,13904,0.84254,-0.034660995,0.6764256,0.9955365061759949,0.9834837,0.5764768,2.374935,0,0.39342517,0.8250619769096375,1.1401734352111816,0.5573826432228088,0.010423755273222923,0.5709949,2.374935,0,0.40047857
A549,4,DAC,19,2,20.55,1,0.10869935899972916,0.0024537919089198112,0.11738087981939316,0.0016307254554703832,0.06478901207447052,0.746885359287262,0.0006394120864570141,0.12351877987384796,0,0.08537587523460388,0.09647002816200256,0.59073805809021,1.1249022,1.1188211,300,26052,26352,0.93270296,0.18098880350589752,0.39177975,0.9862207770347595,0.9664701,1.5732667,3.961281,0,0.45525402,0.746885359287262,1.1393235921859741,0.4791683852672577,0.02225213497877121,1.5827829,3.961281,0,0.45228568
A549,4,DAC,2,2,20.55,1,0.1662992537021637,0.03306375816464424,0.3477306663990021,0.006046843249350786,0.2786458134651184,3.1714682579040527,0.003589310683310032,0.4485374093055725,0.09716780483722687,0.32529863715171814,0.35685059428215027,2.0082719326019287,2.7090366,2.6950295,497,24367,24864,0.39782357,-0.256200224,0.019548908,0.9896820783615112,0.97007906,1.9495113,7.9378366,0,4.4915953,3.1714682579040527,4.9771223068237305,1.6973214149475098,0.33802688121795654,1.9245876,7.9378366,0,4.545236
A549,4,DAC,2,2,20.55,2,0.03591705486178398,0.0031223453115671873,0.11006179451942444,0.0014074022183194757,0.003124810056760907,0.03219859302043915,0.0002165952028008178,0.10900656878948212,0,0.006249619647860527,0.012499239295721054,0.46839967370033264,0.85895866,0.85173726,576,30576,31152,0.37415496,-0.264753342,0.06849437,0.9838986992835999,0.9580896,0.45942694,2.9174018,0,0.46656495,0.03219859302043915,0.8604891300201416,0,0.021393150091171265,0.4674752,2.9174018,0,0.47144803
A549,4,DAC,2,2,20.55,3,0.17170146107673645,0.009703418239951134,0.20522268116474152,0.004718499258160591,0.12095357477664948,1.679276466369629,0.0040376936085522175,0.2900604009628296,0,0.17011550068855286,0.19440487027168274,1.2606568336486816,1.6219186,1.6131139,574,22978,23552,0.45054817,-0.298013359,-0.081873044,0.9921616315841675,0.98543805,2.373738,6.6041336,0,1.515481,1.679276466369629,2.9170002937316895,0,0.5151965022087097,2.3910856,6.6041336,0,1.5281199
A549,4,DAC,20,2,20.55,1,0.13053029775619507,0.0019338279962539673,0.13301606476306915,0.00164000631775707,0.06823740154504776,0.7705444097518921,0.00018283780082128942,0.09847650676965714,0.03193347528576851,0.07888009399175644,0.08554049581289291,0.6071881651878357,1.4304307,1.4274199,100,27244,27344,0.9426731,-0.051159322,0.38918915,0.9973815083503723,0.95048493,2.0073967,4.855844,0,0.5233406,0.7705444097518921,0.9358667731285095,0.6323772668838501,0.004156158305704594,2.0119364,4.855844,0,0.51961046
A549,4,DAC,20,2,20.55,2,0.2961682975292206,0.04905172064900398,0.44412052631378174,0.007847118191421032,,,,,,,,,6.877389,6.877389,0,31984,31984,0.3652007,,0.17334822,,0.96311116,8.081535,23.637133,0,36.833054,,,,,8.081535,23.637133,0,36.833054
A549,4,DAC,21,2,20.55,1,0.1243097260594368,0.009625265374779701,0.17948628962039948,0.0039941356517374516,0.13737638294696808,2.1383094787597656,0.003092651255428791,0.2990562319755554,0,0.18229252099990845,0.2102937549352646,1.4142378568649292,1.6238337,1.6198853,900,46876,47776,0.5748885,-0.151113361,0.61072767,0.9470726251602173,0.95660436,2.085955,7.577002,0,2.5792408,2.1383094787597656,4.293424606323242,0,0.8158567547798157,2.08495,7.577002,0,2.6130433
A549,4,DAC,21,2,20.55,2,0.16539160907268524,0.00830073095858097,0.19259001314640045,0.004427633248269558,0.12465830147266388,1.519871473312378,0.0015148757956922054,0.24381373822689056,0.03350315988063812,0.15593251585960388,0.1769740879535675,1.0372693538665771,1.5567871,1.5452302,399,17537,17936,0.6047173,0.14448827505111694,0.19484988,0.987150251865387,0.98019046,2.3932657,6.996478,0,1.5150138,1.519871473312378,2.666222095489502,0.8817847371101379,0.10991071164608002,2.413137,6.996478,0,1.5292321
A549,4,DAC,21,2,20.55,3,0.30470532178878784,0.02614896558225155,0.37103742361068726,0.007229713257402182,0.27549076080322266,2.610205888748169,0.0015849291812628508,0.36868759989738464,0.16727596521377563,0.3064877986907959,0.3246282935142517,1.7617040872573853,2.3351443,2.3297057,100,10444,10544,0.3480678,0.1326369047164917,-0.09054848,0.9973864555358887,0.972514,3.0126874,7.5023065,0,2.73948,2.610205888748169,3.29638409614563,2.046281099319458,0.06926816701889038,3.0165412,7.5023065,0,2.763481
A549,4,DAC,21,2,20.55,4,0.10221543163061142,0.007348556071519852,0.15674787759780884,0.002721204189583659,0.05751340091228485,0.43056774139404297,0.002327376278117299,0.21014700829982758,0,0.0985744297504425,0.11877630650997162,0.508464515209198,0.9077748,0.89819807,500,20348,20848,0.7161479,-0.097153544,0.16308981,0.980056643486023,0.95850724,0.8481858,3.4787304,0,0.50784415,0.43056774139404297,1.2019561529159546,0,0.1074327901005745,0.8584477,3.4787304,0,0.5132924
A549,4,DAC,21,2,20.55,5,0.19952327013015747,0.004642089828848839,0.20758110284805298,0.0031569120474159718,0.15361663699150085,1.830960750579834,0.0014530367916449904,0.2385183423757553,0.05595202371478081,0.18461981415748596,0.20186544954776764,1.1953028440475464,1.4270097,1.4228839,200,11032,11232,0.64667326,-0.052194774,0.013049115,0.9970239400863647,0.9909454,2.3468218,5.28408,0,0.4436834,1.830960750579834,2.6596872806549072,1.2649768590927124,0.046510811895132065,2.356174,5.28408,0,0.4459719
A549,4,DAC,21,2,20.55,6,0.15791256725788116,0.0015908232890069485,0.1579495221376419,0.001585362828336656,0.11930371820926666,1.4865388870239258,0.0008083415450528264,0.20624451339244843,0.03355478122830391,0.1421925276517868,0.15478411316871643,1.058600664138794,1.2863379,1.2793275,395,12437,12832,0.5557677,-0.154416487,0.11383508,0.9922364354133606,0.98782504,1.8928585,4.0002985,0,0.15264663,1.4865388870239258,2.3203165531158447,1.0164968967437744,0.05331885442137718,1.9057631,4.0002985,0,0.1503913
A549,4,DAC,22,2,20.55,1,0.11476978659629822,0.006807063240557909,0.1610017716884613,0.0021056770347058773,0.09523498266935349,0.9810346364974976,0.0003653890744317323,0.15445761382579803,0.04868492856621742,0.11061661690473557,0.120572030544281,0.7658786177635193,1.2191182,1.2171221,200,45208,45408,0.98331463,0.06897002458572388,0.7459842,0.9959559440612793,0.97093153,1.3180579,4.2241135,0,0.8529328,0.9810346364974976,1.3066438436508179,0.7744849920272827,0.010999390855431557,1.319549,4.2241135,0,0.8561527
A549,4,DAC,22,2,20.55,2,0.08416234701871872,0.010606014169752598,0.18205517530441284,0.005120432935655117,0.11980834603309631,3.0412631034851074,0.0016519121127203107,0.19624336063861847,0,0.1506873071193695,0.16646718978881836,1.6848201751708984,2.3285546,2.3270307,70,29498,29568,0.5760184,0.5198168754577637,0.18972765,0.9985100626945496,0.9843686,2.3873687,10.277938,0,6.9769826,3.0412631034851074,3.722116470336914,2.4054675102233887,0.07582921534776688,2.385817,10.277938,0,6.992342
A549,4,DAC,23,2,20.55,1,0.1988314539194107,0.005495541263371706,0.19889843463897705,0.005484070163220167,0.14191801846027374,2.013529062271118,0.001134925289079547,0.23503021895885468,0.01694047637283802,0.16852308809757233,0.18409152328968048,1.38416588306427,1.8220495,1.8068025,517,14331,14848,0.21135698,0.07325995713472366,-0.40069693,0.9893750548362732,0.9594453,2.8738325,8.780743,0,1.3505652,2.013529062271118,3.268296241760254,1.2827496528625488,0.1207837462425232,2.9048681,8.780743,0,1.3672667
A549,4,DAC,23,2,20.55,2,0.13037294149398804,0.0076058111153542995,0.15576766431331635,0.005131633952260017,0.10080257058143616,2.1517281532287598,0.0016763785388320684,0.21425877511501312,0,0.1329982727766037,0.15387435257434845,1.3653907775878906,2.0330994,2.0223854,200,12264,12464,0.4444945,0.4085606038570404,0.07608384,0.9954624176025391,0.9691711,3.4077456,11.336448,0,3.8891733,2.1517281532287598,3.2038462162017822,1.5662599802017212,0.08112950623035431,3.4282286,11.336448,0,3.9251282
A549,4,DAC,24,2,20.55,1,0.16813641786575317,0.009454714134335518,0.20179131627082825,0.004555944819003344,0.1064876839518547,1.3639925718307495,0.0018180719343945384,0.2192370742559433,0,0.13801227509975433,0.15906986594200134,1.0089219808578491,1.5706818,1.5637093,254,20210,20464,0.61627305,-0.187665164,0.14361517,0.9829801917076111,0.9807288,2.3460221,5.776721,0,1.5453159,1.3639925718307495,2.6357345581054688,0,0.23427586257457733,2.358364,5.776721,0,1.5495204
A549,4,DAC,24,2,20.55,2,0.26615387201309204,0.006207272410392761,0.268708199262619,0.005580473225563765,0.18518242239952087,2.819070816040039,0.00114079297054559,0.28845205903053284,0.07989197969436646,0.21220487356185913,0.228260338306427,1.848268747329712,2.5403125,2.5195923,400,12960,13360,0.6130454,0.26968657970428467,-0.08498609,0.9954919815063477,0.9746984,4.227088,10.777244,0,1.7347162,2.819070816040039,3.803553581237793,1.9122507572174072,0.10972774773836136,4.270545,10.777244,0,1.721793
A549,4,DAC,24,2,20.55,3,0.0318782813847065,0.0018480543512851,0.08096708357334137,0.0007192640914581716,0.027292048558592796,0.16704659163951874,0.0009463988826610148,0.09933926910161972,0,0.05458409711718559,0.06901572644710541,0.32551631331443787,0.5442947,0.5392178,300,12628,12928,0.63872457,0.24640613794326782,0.23958671,0.9954231977462769,0.9673794,0.24956267,1.2472652,0,0.11064681,0.16704659163951874,0.4825168251991272,0,0.03252216428518295,0.251523,1.2472652,0,0.112337194
A549,4,DAC,24,2,20.55,4,0.08108856528997421,0.013894375413656235,0.22680383920669556,0.005813635420054197,0.15339256823062897,2.307584762573242,0.0013873811112716794,0.25615638494491577,0.06099184602499008,0.18431739509105682,0.1991477757692337,1.4593777656555176,1.6050253,1.6044405,100,24796,24896,0.50566065,0.32684949040412903,0.5638165,0.9979274868965149,0.9554721,1.3960938,9.102054,0,4.03524,2.307584762573242,2.9538800716400146,1.7750650644302368,0.04808328300714493,1.3924179,9.102054,0,4.0479555
A549,4,DAC,24,2,20.55,5,0.10866875946521759,0.010771880857646465,0.19367457926273346,0.0027346850838512182,0.09735292196273804,0.9148527383804321,0.005672329571098089,0.27750328183174133,0,0.16122335195541382,0.18751846253871918,0.9511436223983765,1.2026545,1.1999254,200,18232,18432,0.77195984,-0.427616715,0.21755578,0.9917015433311462,0.98880553,1.0712433,4.0847316,0,0.9814231,0.9148527383804321,1.750205397605896,0,0.41432464122772217,1.072959,4.0847316,0,0.9873728
A549,4,DAC,24,2,20.55,6,0.1598839908838272,0.005771649070084095,0.17734813690185547,0.0033048519399017096,0.12963302433490753,1.7639732360839844,0.001130377408117056,0.2508244812488556,0.04151327535510063,0.15615585446357727,0.17172591388225555,1.2357008457183838,1.5246553,1.52076,371,27149,27520,0.8304557,0.24372869729995728,0.5631613,0.9913666844367981,0.98376477,2.2529414,6.039787,0,1.0152682,1.7639732360839844,2.714782953262329,1.1585397720336914,0.08275368064641953,2.2596233,6.039787,0,1.0246994
A549,4,DAC,24,2,20.55,7,0.09224027395248413,0.0043343775905668736,0.13398076593875885,0.0007033438887447119,,,,,,,,,0.9255324,0.9255324,0,12512,12512,0.8944548,,0.95238584,,0.99574256,0.80749536,2.160687,0,0.31124616,,,,,0.80749536,2.160687,0,0.31124616
A549,4,DAC,24,2,20.55,8,0.23370473086833954,0.010011694394052029,0.26192203164100647,0.003829760942608118,,,,,,,,,1.5165123,1.5165123,0,8976,8976,0.977794,,0.7109034,,0.9898761,2.0175366,4.7903686,0,0.70723647,,,,,2.0175366,4.7903686,0,0.70723647
A549,4,DAC,24,2,20.55,9,0.09047698229551315,0.014282568357884884,0.2398056834936142,0.0020455187186598778,,,,,,,,,1.228926,1.228926,0,13520,13520,0.8886572,,0.9391092,,0.9807157,0.7774188,3.6115339,0,1.0292051,,,,,0.7774188,3.6115339,0,1.0292051
A549,4,DAC,24,2,20.55,10,0.08127766102552414,0.004308455623686314,0.1104140430688858,0.0026358834002166986,0.06397873163223267,1.1283273696899414,0.001407854026183486,0.18421819806098938,0,0.09435122460126877,0.10841932147741318,0.9174062609672546,1.2467865,1.2379588,500,18156,18656,0.85716724,0.06457258015871048,0.274199,0.9944817423820496,0.982213,1.571688,6.725196,0,1.2120013,1.1283273696899414,2.0261735916137695,0,0.22224843502044678,1.5838977,6.725196,0,1.2336957
A549,4,DAC,25,2,20.55,1,0.052034731954336166,0.0010661964770406485,0.05923871695995331,0.0007870519766584039,0.04958359897136688,0.5496296286582947,0.00026341271586716175,0.09210284799337387,0.010227348655462265,0.06295528262853622,0.07046398520469666,0.45720481872558594,0.9152078,0.9100315,200,17496,17696,0.87780106,0.7806333303451538,0.48849374,0.9957174062728882,0.9496329,1.2138085,3.9113789,0,0.42888552,0.5496296286582947,0.7323988080024719,0.39234021306037903,0.004001075401902199,1.2214009,3.9113789,0,0.42864212
A549,4,DAC,25,2,20.55,2,0.10052517801523209,0.0009728080476634204,0.10052517801523209,0.0009728080476634204,0.07950086146593094,0.750586748123169,0.000256837229244411,0.11967507749795914,0.030894683673977852,0.09215956181287766,0.10089358687400818,0.5963004231452942,0.95038927,0.9433413,300,14772,15072,0.20513353,0.5778834819793701,0.006697819,0.9950240254402161,0.96434855,1.2828524,4.8293138,0.5293518,0.2870722,0.750586748123169,0.9774620532989502,0.5293517708778381,0.007174781057983637,1.2936621,4.8293138,0.5625887,0.28688613
A549,4,DAC,25,2,20.55,3,0.0651843249797821,0.004314154852181673,0.11012771725654602,0.0023391724098473787,0.0787835493683815,1.6975311040878296,0.001142548630014062,0.16679500043392181,0,0.10603286325931549,0.12245295941829681,1.1062871217727661,1.2202274,1.219429,174,24658,24832,0.9005064,-0.071642652,0.70449346,0.9961791038513184,0.9850693,1.3851223,4.8224926,0,1.4392695,1.6975311040878296,2.3658602237701416,1.1309601068496704,0.047705650329589844,1.3829176,4.8224926,0,1.4483953
A549,4,DAC,25,2,20.55,4,0.034511927515268326,0.0026005362160503864,0.0992247462272644,0.0010556512279435992,0.07999138534069061,0.8208204507827759,0.00042913423385471106,0.13433445990085602,0.02377079240977764,0.09606024622917175,0.10584109276533127,0.6528304219245911,0.83454776,0.8334692,100,16748,16848,0.9660958,-0.296506226,0.8678234,0.9933142066001892,0.9693721,0.40288433,2.1814966,0,0.3425813,0.8208204507827759,1.24945068359375,0.6045599579811096,0.0159841850399971,0.40038887,2.1814966,0,0.34348226
A549,4,DAC,26,2,20.55,1,0.05343678966164589,0.006838815286755562,0.16683819890022278,0.0024321868550032377,0.0067198919132351875,0.0656973272562027,0.0007775730919092894,0.1818857491016388,0,0.013486450538039207,0.026972901076078415,0.703707754611969,1.0550739,1.0463798,289,11391,11680,0.6647907,-0.06896393,0.19125104,0.9882245063781738,0.97887987,0.54841036,3.821755,0,0.68662274,0.0656973272562027,1.3150227069854736,0,0.06641928851604462,0.5606572,3.821755,0,0.6962962
A549,4,DAC,26,2,20.55,2,0.25826773047447205,0.009049167856574059,0.27640870213508606,0.0046704718843102455,0.17614446580410004,1.540016531944275,0.0009189683478325605,0.2826325297355652,0.08933355659246445,0.19976533949375153,0.2146848440170288,1.1767041683197021,1.6648314,1.6532972,400,16528,16928,0.9010023,-0.139173642,0.46978274,0.9943206906318665,0.9813766,2.3047926,5.88096,0,0.71143574,1.540016531944275,2.132765769958496,1.0464322566986084,0.03921288996934891,2.3233013,5.88096,0,0.7132069
A549,4,DAC,26,2,20.55,3,0.20710322260856628,0.015453880652785301,0.26576313376426697,0.004241392016410828,0.20324891805648804,3.021224021911621,0.0010934564052149653,0.2829843759536743,0.1199655830860138,0.23010136187076569,0.2461996227502823,2.263598680496216,2.2914035,2.2911148,200,19064,19264,0.7632167,0.1561950445175171,0.8714644,0.9952268004417419,0.9612034,2.8830724,6.581319,0,2.9408312,3.021224021911621,3.9510812759399414,2.407785177230835,0.10189666599035263,2.8816228,6.581319,0,2.9704123
A549,4,DAC,26,2,20.55,4,0.24170605838298798,0.0025412722025066614,0.24170605838298798,0.0025412722025066614,0.18087157607078552,2.3460214138031006,0.0004442723875399679,0.23881442844867706,0.11636509001255035,0.19750185310840607,0.20715399086475372,1.822226881980896,2.4993913,2.4890814,200,12936,13136,0.9099126,0.3637150526046753,0.5525237,0.9964959621429443,0.97788155,3.2931082,6.544425,1.619177,0.6159772,2.3460214138031006,3.0004525184631348,1.9139260053634644,0.04486587643623352,3.307751,6.544425,1.619177,0.61072475
A549,4,DAC,26,2,20.55,5,0.17691157758235931,0.0044009205885231495,0.17692497372627258,0.004398885648697615,0.11041534692049026,2.3508336544036865,0.000409837783081457,0.16790743172168732,0.05503980815410614,0.1263711303472519,0.13670583069324493,1.699622631072998,3.0294578,3.0093336,200,13016,13216,0.31501383,0.7484457492828369,0.048018478,0.9951995611190796,0.920845,4.481956,12.2380295,0,4.291265,2.3508336544036865,3.064840316772461,1.840844750404358,0.05453090742230415,4.5147023,12.2380295,0,4.2855067
A549,4,DAC,26,2,20.55,6,0.10088846832513809,0.01882110722362995,0.27446213364601135,0.00356250605545938,0.2793978452682495,3.701820135116577,0.0016418579034507275,0.39902693033218384,0.17915691435337067,0.3129810094833374,0.3309146463871002,2.5270590782165527,1.7266632,1.7330438,100,12444,12544,0.82216465,0.23300687968730927,0.920917,0.9964168071746826,0.97153956,1.3163931,6.3999662,0,3.096113,3.701820135116577,4.813042163848877,3.0417680740356445,0.14074905216693878,1.2972239,6.3999662,0,3.0737677
A549,4,DAC,26,2,20.55,7,0.20878218114376068,0.0030702429357916117,0.20878218114376068,0.0030702429357916117,0.14037424325942993,1.390348196029663,0.0009285536361858249,0.2525935173034668,0.0575425811111927,0.16497276723384857,0.1803722381591797,1.075386643409729,1.740415,1.7289491,400,22800,23200,0.31852406,-0.178089559,-0.24345002,0.9874582886695862,0.9616941,2.4019709,6.0562997,0.8446602,0.5940868,1.390348196029663,2.138918876647949,0.844660222530365,0.05731917545199394,2.4197187,6.0562997,0.9321266,0.58523476
A549,4,DAC,26,2,20.55,8,0.28679749369621277,0.004138414282351732,0.2889097034931183,0.003558653872460127,0.21868202090263367,3.188859462738037,0.0020834507886320353,0.3136923313140869,0.08331205695867538,0.2556036710739136,0.2755604684352875,2.0442733764648438,2.4965427,2.4850507,285,10931,11216,0.34744355,-0.27998364,0.3018202,0.9924838542938232,0.9911544,4.186254,8.081302,0,0.6783069,3.188859462738037,4.385106563568115,2.3099045753479004,0.1790257692337036,4.212259,8.081302,0,0.6647112
A549,4,DAC,26,2,20.55,9,0.311589777469635,0.008023305796086788,0.311589777469635,0.008023305796086788,0.23219361901283264,3.353557825088501,0.000846504291985184,0.300567626953125,0.15993773937225342,0.25552821159362793,0.2713868021965027,2.524054527282715,3.5433497,3.5187054,200,8072,8272,0.34425765,-0.382979035,-0.22348672,0.9944992065429688,0.96198756,4.7982774,10.382541,2.1011057,2.128615,3.353557825088501,4.138888835906982,2.571488380432129,0.14121344685554504,4.834074,10.382541,2.1011057,2.1248605
A549,4,DAC,27,2,20.55,1,0.19257156550884247,0.006323236972093582,0.19864989817142487,0.005315366666764021,0.1175229623913765,0.7544640898704529,0.0006711579044349492,0.21900877356529236,0.05369158461689949,0.13771207630634308,0.150529682636261,0.6359233260154724,1.1850033,1.1760547,400,24144,24544,0.5470408,0.36317673325538635,0.2127183,0.9930901527404785,0.94555396,1.5533694,5.604273,0,0.5609238,0.7544640898704529,1.1487455368041992,0.4834837317466736,0.012420383282005787,1.5666051,5.604273,0,0.5592618
A549,4,DAC,27,2,20.55,2,0.0920976847410202,0.003498800564557314,0.11585383117198944,0.0016490597045049071,0.04166857898235321,0.2978101074695587,0.0007420001202262938,0.0957585871219635,0,0.06396453827619553,0.07329359650611877,0.3282812833786011,0.86818427,0.86328673,200,21848,22048,0.67527884,-0.24650991,-0.045237407,0.9832636117935181,0.9255683,1.0091972,2.8122618,0,0.4188757,0.2978101074695587,0.5999557375907898,0,0.03173093497753143,1.0157094,2.8122618,0,0.41774455
A549,4,DAC,28,2,20.55,1,0.25213634967803955,0.01646685227751732,0.29707732796669006,0.006050969939678907,0.17979034781455994,2.484673261642456,0.001720918226055801,0.30730488896369934,0.07378785312175751,0.21096168458461761,0.2330636829137802,1.595685601234436,2.6184788,2.6142929,100,24332,24432,0.39834478,0.08406629413366318,-0.11533479,0.9970453381538391,0.9737254,3.754329,10.168511,0,3.6089957,2.484673261642456,3.3241794109344482,1.9576369524002075,0.09222603589296341,3.7595472,10.168511,0,3.6167965
A549,4,DAC,28,2,20.55,2,0.15410882234573364,0.0204834695905447,0.2665453553199768,0.005458606407046318,0.2231922745704651,3.872342109680176,0.0023139698896557093,0.36777400970458984,0.06495711952447891,0.2612494230270386,0.2843208611011505,2.2312684059143066,2.7156928,2.7070296,291,15981,16272,0.7348448,0.1829904317855835,0.25725436,0.9953564405441284,0.9780473,2.9580963,10.781246,0,7.063524,3.872342109680176,4.961630344390869,2.498206853866577,0.24707843363285065,2.9414482,10.781246,0,7.172147
A549,4,DAC,28,2,20.55,3,0.18370898067951202,0.01864243857562542,0.26516735553741455,0.005308577325195074,0.12802177667617798,1.4191293716430664,0.0007461747154593468,0.1838984340429306,0.06936626881361008,0.15022383630275726,0.1611684113740921,1.05014967918396,1.8162576,1.813567,98,27806,27904,0.8779505,-0.063866317,0.32387853,0.9972543716430664,0.9835239,2.2674341,6.84814,0,2.7082498,1.4191293716430664,1.9032589197158813,1.0919928550720215,0.023181384429335594,2.2704237,6.84814,0,2.7151678
A549,4,DAC,28,2,20.55,4,0.20156416296958923,0.004129714798182249,0.2025633156299591,0.003947795834392309,0.14804492890834808,2.375030755996704,0.0013205606956034899,0.24155403673648834,0.056642111390829086,0.17661800980567932,0.1966770738363266,1.6217596530914307,2.179231,2.1719947,200,15208,15408,0.7491752,-0.280012548,0.116556466,0.9945563673973083,0.9773268,3.606789,9.783262,0,1.1842027,2.375030755996704,3.1395058631896973,1.7191818952560425,0.08251218497753143,3.6229877,9.783262,0,1.1784755
A549,4,DAC,29,2,20.55,1,0.13513889908790588,0.005247988738119602,0.1447637677192688,0.0042284284718334675,0.08247777074575424,1.6923311948776245,0.0013345987536013126,0.18332034349441528,0,0.11155598610639572,0.12927493453025818,1.1430970430374146,1.8118808,1.8052566,400,39984,40384,0.6160852,0.5201756954193115,0.21634628,0.99581378698349,0.979679,3.3363097,9.211116,0,1.753298,1.6923311948776245,2.3551814556121826,1.1447031497955322,0.04332929477095604,3.3527563,9.211116,0,1.7430965
A549,4,DAC,29,2,20.55,2,0.11854983121156693,0.013148131780326366,0.20555230975151062,0.004913845099508762,0.17780467867851257,4.208309173583984,0.0027736518532037735,0.28788527846336365,0.04310678318142891,0.21961243450641632,0.24583867192268372,2.1595418453216553,2.3032675,2.3024895,81,14879,14960,0.66886216,0.010799960233271122,0.5769888,0.9976040124893188,0.99374557,2.940658,9.484229,0,6.6962156,4.208309173583984,4.9751996994018555,3.4374091625213623,0.1591934710741043,2.9337573,9.484229,0,6.723007
A549,4,DAC,29,2,20.55,3,0.13531886041164398,0.015443707816302776,0.22683356702327728,0.005129516124725342,0.14631301164627075,1.6992172002792358,0.0020643107127398252,0.28525856137275696,0.02893756330013275,0.1831788569688797,0.20623357594013214,1.1685268878936768,1.7096802,1.699209,400,20272,20672,0.9468218,-0.121023685,0.46873534,0.9925366640090942,0.9822885,1.7274646,6.060706,0,2.382167,1.6992172002792358,2.5388479232788086,1.0854617357254028,0.0846266970038414,1.7280221,6.060706,0,2.4274855
A549,4,DAC,3,2,20.55,1,0.07583048194646835,0.00680763041600585,0.13770177960395813,0.0038422965444624424,0.03786623850464821,0.6936013698577881,0.0018912850646302104,0.1524714231491089,0,0.07581692188978195,0.10108786821365356,0.9393855333328247,1.4503657,1.4431267,289,20111,20400,0.31277022,0.3155519962310791,-0.06658223,0.9954730272293091,0.9742702,1.5884731,7.0496054,0,2.5022972,0.6936013698577881,1.850145936012268,0,0.4717343747615814,1.6013327,7.0496054,0,2.5198038
A549,4,DAC,3,2,20.55,2,0.2239670753479004,0.03936060890555382,0.38125383853912354,0.007036459166556597,,,,,,,,,5.6204505,5.6204505,0,27296,27296,0.4464265,,0.031095996,,0.9640522,5.857642,22.313063,0,27.204075,,,,,5.857642,22.313063,0,27.204075
A549,4,DAC,3,2,20.55,3,0.320290207862854,0.008327079936861992,0.33143019676208496,0.0049245706759393215,0.24982015788555145,3.9665138721466064,0.0016883095959201455,0.33802127838134766,0.14947010576725006,0.2838817238807678,0.30146101117134094,2.4775333404541016,2.9428165,2.940675,76,16436,16512,0.4965984,0.24035845696926117,0.09009563,0.9984765648841858,0.9894566,4.975728,9.963283,0,1.8001956,3.9665138721466064,4.865043640136719,3.262561082839966,0.11715620756149292,4.980394,9.963283,0,1.8032467
A549,4,DAC,3,2,20.55,4,0.25317567586898804,0.003810770809650421,0.25317567586898804,0.003810770809650421,0.16749899089336395,2.3699092864990234,0.0010521500371396542,0.275705486536026,0.07306279242038727,0.19335241615772247,0.20907045900821686,1.6533340215682983,2.3453233,2.3251324,500,16636,17136,0.511957,0.41661253571510315,-0.030849047,0.9962074756622314,0.9828469,3.662215,8.408496,1.4921358,0.7082789,2.3699092864990234,3.325765371322632,1.7116144895553589,0.07473180443048477,3.7010558,8.408496,1.4921358,0.6756178
A549,4,DAC,3,2,20.55,5,0.06358520686626434,0.007695446722209454,0.16686393320560455,0.002961336402222514,0.019481133669614792,0.1400919407606125,0.001403877162374556,0.2279980331659317,0,0.03900614753365517,0.07744433730840683,0.4412856698036194,0.92315435,0.91391563,889,45479,46368,0.16716176,0.13937100768089294,0.12022021,0.9878325462341309,0.9131071,0.6367552,3.595107,0,0.7915414,0.1400919407606125,0.8225796222686768,0,0.05899420380592346,0.64646375,3.595107,0,0.8009447
A549,4,DAC,3,2,20.55,6,0.28252604603767395,0.005376210901886225,0.28258541226387024,0.005360559560358524,0.2029906064271927,3.702528715133667,0.0014064061688259244,0.3088860511779785,0.09699341654777527,0.23256632685661316,0.2508751153945923,2.583683967590332,3.3966887,3.3841817,366,23426,23792,0.7233419,0.2266077995300293,0.20012695,0.992502748966217,0.96897924,5.22847,15.345205,0,2.3957794,3.702528715133667,4.993630886077881,2.481762170791626,0.23940151929855347,5.2523103,15.345205,0,2.3925219
A549,4,DAC,3,2,20.55,7,0.17500899732112885,0.025241337716579437,0.3039092421531677,0.0046584829688072205,0.26942697167396545,3.560666084289551,0.0035618427209556103,0.41988518834114075,0.09152384847402573,0.31411030888557434,0.3421209156513214,1.9647575616836548,2.3275728,2.3247666,99,12701,12800,0.5261703,0.139663964509964,0.085978255,0.9973520040512085,0.98951596,2.4982615,8.525761,0,4.907338,3.560666084289551,4.611194610595703,2.541611671447754,0.20994403958320618,2.4899805,8.525761,0,4.9350867
A549,4,DAC,3,2,20.55,8,0.30195629596710205,0.0063867708668112755,0.30262285470962524,0.006199149880558252,0.2147168219089508,3.707770586013794,0.00199710251763463,0.33927035331726074,0.09592423588037491,0.25117045640945435,0.27201348543167114,2.485457420349121,3.404989,3.384313,490,21302,21792,0.3970096,-0.011849895,-0.05637169,0.9861541986465454,0.96155936,5.4226856,14.63435,0,2.9176905,3.707770586013794,4.984035015106201,2.2513267993927,0.4199111759662628,5.462133,14.63435,0,2.9059408
A549,4,DAC,30,2,20.55,1,0.13008742034435272,0.011571304872632027,0.1903461515903473,0.0054613142274320126,0.11465815454721451,1.9859466552734375,0.001956743421033025,0.2964605391025543,0.008040538057684898,0.14876772463321686,0.1719232201576233,1.3195890188217163,2.1888812,2.173069,500,26988,27488,0.61313754,0.45406466722488403,0.2659436,0.9911957383155823,0.9664481,2.6458127,11.385897,0,4.3216305,1.9859466552734375,3.649412155151367,1.1302831172943115,0.17265380918979645,2.6580381,11.385897,0,4.390281
A549,4,DAC,30,2,20.55,2,0.1218123659491539,0.0021724144462496042,0.12189251184463501,0.002164075616747141,0.07093188911676407,0.6083320379257202,0.0003046796191483736,0.1484648883342743,0.026673341169953346,0.08467026054859161,0.09331604838371277,0.5064417719841003,1.0470675,1.0375896,400,22416,22816,0.3719269,0.3353334963321686,-0.10764975,0.994589626789093,0.925366,1.3876015,3.8700645,0,0.4160636,0.6083320379257202,0.9032304883003235,0.42516547441482544,0.005614246241748333,1.4015069,3.8700645,0,0.41235825
A549,4,DAC,30,2,20.55,3,0.08772259950637817,0.0014487577136605978,0.09225985407829285,0.0011050852481275797,0.06481743603944778,0.8071231245994568,0.0003579785698093474,0.11394759267568588,0.013125743716955185,0.07993101328611374,0.08811280876398087,0.6533854007720947,0.99115354,0.98853767,100,12812,12912,0.7610496,0.25006359815597534,0.5285086,0.9979420900344849,0.9848146,1.2862755,2.8456974,0,0.17439605,0.8071231245994568,0.9664791822433472,0.6229631900787354,0.004251431208103895,1.2900153,2.8456974,0,0.17391813
A549,4,DAC,30,2,20.55,4,0.1678192913532257,0.0026164837181568146,0.16784416139125824,0.0026126957964152098,0.09316874295473099,1.92657470703125,0.0011125316377729177,0.1807248592376709,0.00939639937132597,0.11961987614631653,0.13703100383281708,1.3434890508651733,2.205041,2.1924837,295,19945,20240,0.6691055,0.35480061173439026,0.078544304,0.9867194294929504,0.9800108,3.4951663,6.962497,1.1366608,0.59550697,1.92657470703125,2.824223756790161,1.1366608142852783,0.12291993945837021,3.5183668,6.962497,1.2190651,0.5655664
A549,4,DAC,31,2,20.55,1,0.23059263825416565,0.004907988477498293,0.23238889873027802,0.004528788849711418,0.12764297425746918,1.0262917280197144,0.0007509284187108278,0.22940760850906372,0.04680559039115906,0.1494259387254715,0.16355662047863007,0.7859982848167419,1.3608017,1.3474538,700,29444,30144,0.640772,0.38700681924819946,0.25155637,0.990445077419281,0.9676929,2.1242874,5.0733585,0,0.44286785,1.0262917280197144,1.6457139253616333,0.6546003222465515,0.029900161549448967,2.150391,5.0733585,0,0.4233426
A549,4,DAC,31,2,20.55,2,0.17320556938648224,0.013262717053294182,0.23568449914455414,0.003321546595543623,0.14038579165935516,2.1314234733581543,0.0009452214580960572,0.2193201333284378,0.07882536947727203,0.16479375958442688,0.1811724454164505,1.4189553260803223,1.87131,1.8682201,100,14540,14640,0.8056536,0.16530634462833405,0.7630695,0.9964820146560669,0.9897789,2.7528286,7.390656,0,3.0478747,2.1314234733581543,2.5943000316619873,1.530239462852478,0.049083102494478226,2.7571023,7.390656,0,3.0658252
A549,4,DAC,31,2,20.55,3,0.2054131031036377,0.002678569406270981,0.2054131031036377,0.002678569406270981,0.14629927277565002,2.266979455947876,0.0008162630838342011,0.21790334582328796,0.0751933604478836,0.1692618429660797,0.1820346713066101,1.491899847984314,1.9251734,1.9212027,100,10812,10912,0.8201885,0.11438030004501343,0.28766835,0.9979032278060913,0.986555,3.3355114,7.3220434,1.238575,0.5162502,2.266979455947876,2.767472267150879,1.8583014011383057,0.032916948199272156,3.3453941,7.3220434,1.238575,0.51006275
A549,4,DAC,31,2,20.55,4,0.07022065669298172,0.00939301960170269,0.17956936359405518,0.004384299274533987,0.15239310264587402,4.222990036010742,0.0026864635292440653,0.287480890750885,0.02525675855576992,0.19263620674610138,0.21641795337200165,1.9508041143417358,2.3311262,2.328707,86,13434,13520,0.7773961,-0.027746368,0.3376814,0.9978318810462952,0.98289806,2.199322,10.087009,0,7.8558025,4.222990036010742,4.986608982086182,3.1041152477264404,0.19888629019260406,2.1863668,10.087009,0,7.8784356
A549,4,DAC,31,2,20.55,5,0.10234960168600082,0.010209336876869202,0.1758146733045578,0.0046212151646614075,,,,,,,,,1.5029219,1.5029219,0,14864,14864,0.35973182,,0.6662819,,0.974121,1.9515729,7.2662654,0,3.1554646,,,,,1.9515729,7.2662654,0,3.1554646
A549,4,DAC,31,2,20.55,6,0.20641331374645233,0.0044141230173408985,0.20726794004440308,0.004255264066159725,0.1545514464378357,2.9203860759735107,0.0009655897738412023,0.2434098869562149,0.07011989504098892,0.17951159179210663,0.19484663009643555,1.859740972518921,2.1600418,2.156421,500,40972,41472,0.9230178,0.3231799602508545,0.52121603,0.9953296780586243,0.9699992,3.8472426,8.789356,0,1.344788,2.9203860759735107,4.0582356452941895,2.13970947265625,0.12815025448799133,3.8585536,8.789356,0,1.3490237
A549,4,DAC,31,2,20.55,7,0.07624809443950653,0.010935204103589058,0.19746781885623932,0.004383070860058069,,,,,,,,,2.61985,2.61985,0,14736,14736,0.6283518,,0.1313527,,0.98590523,2.3205717,11.093301,0,9.092482,,,,,2.3205717,11.093301,0,9.092482
A549,4,DAC,31,2,20.55,8,0.22333191335201263,0.005487414542585611,0.2315988838672638,0.0037759188562631607,0.17230835556983948,3.4216396808624268,0.0016303849406540394,0.28931453824043274,0.04256194084882736,0.20475192368030548,0.22243954241275787,1.9219162464141846,2.444256,2.4302897,400,14560,14960,0.59583175,0.41816890239715576,0.14952981,0.9976969957351685,0.9891916,4.740408,9.681402,0,1.8960917,3.4216396808624268,4.292035102844238,2.4008328914642334,0.10734725743532181,4.776637,9.681402,0,1.8961414
A549,4,DAC,31,2,20.55,9,0.12866704165935516,0.019505510106682777,0.2637123465538025,0.004364825319498777,0.18268923461437225,3.9797356128692627,0.0022088484838604927,0.30450958013534546,0.021268576383590698,0.21967482566833496,0.23985116183757782,2.1173360347747803,2.862302,2.8543575,194,17998,18192,0.90104645,0.522306501865387,0.5635269,0.9942704439163208,0.9890657,2.9041631,10.986216,0,9.538567,3.9797356128692627,4.991909503936768,2.647390127182007,0.23969416320323944,2.8925695,10.986216,0,9.626195
A549,4,DAC,32,2,20.55,1,0.2110777199268341,0.0037069928366690874,0.21675421297550201,0.002576280850917101,0.14359872043132782,1.5700067281723022,0.0008571366779506207,0.21750189363956451,0.05283389985561371,0.16712002456188202,0.18025943636894226,1.1797327995300293,1.6935605,1.686849,200,15112,15312,0.9388038,0.6983116269111633,0.5994201,0.9956798553466797,0.9878851,2.4011183,4.8135595,0,0.3850058,1.5700067281723022,2.0219953060150146,1.1412353515625,0.030117616057395935,2.4121172,4.8135595,0,0.3804399
A549,4,DAC,32,2,20.55,2,0.10514875501394272,0.0058143120259046555,0.15049263834953308,0.0014977309620007873,0.1076471358537674,0.8815714716911316,0.0005775329191237688,0.17971301078796387,0.050638698041439056,0.12701410055160522,0.13875916600227356,0.7294338345527649,0.99002326,0.98365706,600,23960,24560,0.9920294,0.28273916244506836,0.6835743,0.9899517893791199,0.9782342,0.9459855,3.099366,0,0.45850968,0.8815714716911316,1.3267719745635986,0.5825352668762207,0.01975639909505844,0.94759846,3.099366,0,0.4693903
A549,4,DAC,32,2,20.55,3,0.1268131136894226,0.001300235278904438,0.1268131136894226,0.001300235278904438,0.07273419946432114,0.5509136319160461,0.0005719221662729979,0.14390091598033905,0.005840148776769638,0.09138866513967514,0.10351676493883133,0.4615967273712158,0.8596062,0.8528952,300,17492,17792,0.56914335,-0.153596357,-0.06937127,0.9868772029876709,0.95331335,1.0626216,2.4558728,0.27049243,0.10821272,0.5509136319160461,0.8057881593704224,0.3494190275669098,0.009809307754039764,1.0713977,2.4558728,0.27049243,0.10533255
A549,4,DAC,32,2,20.55,4,0.11711199581623077,0.0009208974079228938,0.11711199581623077,0.0009208974079228938,0.08413997292518616,0.5215651988983154,0.0003922800824511796,0.1602759212255478,0.04028698801994324,0.09961152821779251,0.11028001457452774,0.4483835697174072,0.69806135,0.6908867,400,13520,13920,0.69087297,0.03847351670265198,0.2674349,0.9941132664680481,0.9749398,0.8267623,1.5455114,0.34311512,0.039334405,0.5215651988983154,0.7847141623497009,0.38831067085266113,0.004059789702296257,0.83579177,1.5455114,0.34311512,0.037540726
A549,4,DAC,33,2,20.55,1,0.18177427351474762,0.0029136540833860636,0.18179327249526978,0.0029105045832693577,0.11576724797487259,1.6668380498886108,0.0006638820632360876,0.20150025188922882,0.05391780659556389,0.13625885546207428,0.14925794303417206,1.2225651741027832,1.9289638,1.9141978,400,18736,19136,0.65787905,0.46436959505081177,0.41639224,0.9961704015731812,0.97868484,2.9646869,6.7917867,0,0.6255026,1.6668380498886108,2.1831376552581787,1.2087994813919067,0.02999133989214897,2.9923954,6.7917867,0,0.6014876
A549,4,DAC,33,2,20.55,2,0.1722005307674408,0.006621468346565962,0.19359153509140015,0.003302878700196743,0.13440357148647308,2.058410406112671,0.0010610168101266026,0.22023895382881165,0.018691236153244972,0.16060321033000946,0.17501689493656158,1.423031210899353,1.9802529,1.9662215,500,19356,19856,0.88276607,0.04726410657167435,0.6189083,0.9939918518066406,0.98109883,3.0075228,8.051609,0,1.6823497,2.058410406112671,3.280014991760254,1.324143886566162,0.08434649556875229,3.03204,8.051609,0,1.6997579
A549,4,DAC,33,2,20.55,3,0.15511833131313324,0.01084235031157732,0.20804454386234283,0.003530742134898901,0.13948771357536316,1.2127457857131958,0.0009421003633178771,0.21618665754795074,0.051249030977487564,0.1639377921819687,0.17843899130821228,0.958616316318512,1.3803638,1.3749183,182,13914,14096,0.8827039,0.26437729597091675,0.50728345,0.9954118728637695,0.98487264,1.5466591,4.7556615,0,1.0020984,1.2127457857131958,1.6559897661209106,0.86821049451828,0.023508220911026,1.5510269,4.7556615,0,1.0134212
A549,4,DAC,33,2,20.55,4,0.10311782360076904,0.0010956231271848083,0.1033967137336731,0.001069750520400703,0.05849010869860649,0.45712170004844666,0.00047150792670436203,0.122426837682724,0,0.07597432285547256,0.08739083260297775,0.39552566409111023,0.7949662,0.7884009,390,23338,23728,0.6416687,0.15486299991607666,0.21478236,0.9885596036911011,0.9559548,0.9904616,2.397157,0,0.11512064,0.45712170004844666,0.7186431884765625,0.29576006531715393,0.0063709113746881485,0.9993741,2.397157,0,0.11210507
A549,4,DAC,33,2,20.55,5,0.03466218709945679,0.0023758248426020145,0.0896206945180893,0.0012173857539892197,0.020219668745994568,0.17744608223438263,0.0006728587322868407,0.11148902773857117,0,0.040439337491989136,0.058178696781396866,0.32794100046157837,0.6513811,0.6458123,300,17124,17424,0.46502215,-0.013402337,0.062919974,0.9916932582855225,0.9530857,0.32701492,2.2364295,0,0.20471413,0.17744608223438263,0.5533422827720642,0,0.036829814314842224,0.3296353,2.2364295,0,0.20725657
A549,4,DAC,34,2,20.55,1,0.1667231023311615,0.002170017221942544,0.1667231023311615,0.002170017221942544,0.10247505456209183,1.1515069007873535,0.0005191478412598372,0.17477364838123322,0.03485637530684471,0.12054561078548431,0.13303636014461517,0.8948807120323181,1.5506747,1.5355226,573,24227,24800,0.60270524,-0.0370612,0.11723258,0.9872606992721558,0.9680609,2.1750119,5.057307,0.6444741,0.33404317,1.1515069007873535,1.8424147367477417,0.6666908264160156,0.041647493839263916,2.1992192,5.057307,0.6444741,0.3155965
A549,4,DAC,34,2,20.55,2,0.1632288098335266,0.001621413859538734,0.1632288098335266,0.001621413859538734,0.08992215245962143,0.8834666609764099,0.0002748288097791374,0.13723251223564148,0.049240875989198685,0.10328714549541473,0.11235799640417099,0.691628098487854,1.7316592,1.7138505,200,11480,11680,0.8855211,0.19008733332157135,0.16161945,0.995074987411499,0.94487923,2.2891338,5.0205307,0.70122755,0.41754192,0.8834666609764099,1.1388460397720337,0.7012275457382202,0.008180676028132439,2.313623,5.0205307,0.8361874,0.3896506
A549,4,DAC,34,2,20.55,3,0.2141314297914505,0.007751092780381441,0.2323930263519287,0.004168251063674688,0.15282244980335236,1.8639718294143677,0.0008928220486268401,0.21107280254364014,0.07952229678630829,0.17709730565547943,0.18874138593673706,1.342036247253418,1.8047819,1.8017694,100,15260,15360,0.7965369,0.04169517755508423,0.31739593,0.9968753457069397,0.98071986,2.7062116,7.050811,0,1.1340902,1.8639718294143677,2.3094184398651123,1.4320083856582642,0.03584178537130356,2.711731,7.050811,0,1.1366081
A549,4,DAC,34,2,20.55,4,0.14143510162830353,0.003370528109371662,0.14587871730327606,0.0028281945269554853,0.0916760265827179,1.4479432106018066,0.0005324517842382193,0.15603986382484436,0.04309728741645813,0.11064254492521286,0.12002986669540405,1.0667818784713745,1.8830396,1.8774395,100,14476,14576,0.987768,-0.122998245,0.45218053,0.9967613220214844,0.97868836,3.15288,6.914601,0,0.9538806,1.4479432106018066,1.8510305881500244,1.170925498008728,0.021433282643556595,3.1646578,6.914601,0,0.94010305
A549,4,DAC,35,2,20.55,1,0.2434195578098297,0.01582019217312336,0.29868772625923157,0.0029042295645922422,0.3000662922859192,3.3453333377838135,0.001785989385098219,0.39006978273391724,0.17054975032806396,0.33438611030578613,0.353726327419281,2.3393826484680176,2.0878673,2.093178,300,13908,14208,0.92988604,0.12993422150611877,0.9178002,0.9966201186180115,0.9910612,2.796176,6.2400174,0,1.9427705,3.3453333377838135,4.416451930999756,2.656728982925415,0.10668236017227173,2.7843301,6.2400174,0,1.9757303
A549,4,DAC,35,2,20.55,2,0.08146742731332779,0.01752951554954052,0.2535010576248169,0.01093563623726368,0.13438674807548523,2.1051416397094727,0.006384496111422777,0.31032606959342957,0,0.19801780581474304,0.22606177628040314,1.4667274951934814,1.8494865,1.8441821,300,21348,21648,0.21689805,-0.271978348,0.32891858,0.9909155368804932,0.927885,1.4529002,11.245433,0,5.470833,2.1051416397094727,4.167683124542236,0,1.164485216140747,1.4437344,11.245433,0,5.525287
A549,4,DAC,35,2,20.55,3,0.2694849669933319,0.011790168471634388,0.29024091362953186,0.006674023810774088,0.2009821981191635,3.388853073120117,0.001978187123313546,0.3177528977394104,0.08103076368570328,0.2370651662349701,0.2582259774208069,2.157116174697876,2.9934545,2.9803205,399,25009,25408,0.2567681,0.5636542439460754,0.15372813,0.9933174252510071,0.97088975,4.8874154,12.206087,0,3.86725,3.388853073120117,4.980998992919922,2.189274787902832,0.26804766058921814,4.9113235,12.206087,0,3.8882728
A549,4,DAC,35,2,20.55,4,0.12007652223110199,0.0010181458201259375,0.12009021639823914,0.0010166172869503498,0.0843406617641449,0.8544899225234985,0.0006198978517204523,0.15460853278636932,0.031152183189988136,0.1046234667301178,0.11771351099014282,0.6884117126464844,0.97239,0.9659124,200,8568,8768,0.6141684,-0.015556555,0.016933216,0.9952582716941833,0.9796585,1.250815,2.5645745,0,0.090670496,0.8544899225234985,1.1462860107421875,0.5607379674911499,0.010339992120862007,1.2600663,2.5645745,0,0.08879352
A549,4,DAC,36,2,20.55,1,0.027175722643733025,0.002121845493093133,0.08734535425901413,0.0015642755897715688,0.029232818633317947,0.47536322474479675,0.0013899962650611997,0.18682992458343506,0,0.058465633541345596,0.08351778239011765,0.7123444080352783,1.0355713,1.0297428,500,27228,27728,0.6392199,0.12966884672641754,0.33959305,0.9752967953681946,0.96935546,0.54524255,4.0966578,0,0.7217874,0.47536322474479675,1.5280227661132812,0,0.28384238481521606,0.5465258,4.0966578,0,0.72973824
A549,4,DAC,36,2,20.55,2,0.11530126631259918,0.005883542355149984,0.14955924451351166,0.0025080470368266106,0.08305089920759201,1.0311217308044434,0.0006606036913581192,0.14975155889987946,0,0.1034909039735794,0.11488475650548935,0.8293472528457642,1.3690928,1.3633115,200,18472,18672,0.88675004,0.15173634886741638,0.25133452,0.9966143369674683,0.9797315,1.6832072,4.697744,0,1.0941781,1.0311217308044434,1.4076497554779053,0,0.02379429340362549,1.6902674,4.697744,0,1.1011134
A549,4,DAC,36,2,20.55,3,0.11902089416980743,0.007535027805715799,0.16376139223575592,0.003040711861103773,0.10458721220493317,1.484716773033142,0.0008130347705446184,0.16167235374450684,0.01741085574030876,0.127661794424057,0.1411050260066986,1.0892517566680908,1.5165839,1.5132785,100,12828,12928,0.7902486,0.007325433194637299,0.3659765,0.997226893901825,0.9889937,1.8731436,5.461676,0,1.5716289,1.484716773033142,2.0441102981567383,1.1724284887313843,0.027339566498994827,1.8761716,5.461676,0,1.5824821
A549,4,DAC,36,2,20.55,4,0.06089623644948006,0.0057249958626925945,0.14061762392520905,0.0020095533691346645,,,,,,,,,1.50231,1.50231,0,23888,23888,0.71876067,,0.9019059,,0.9700123,1.1547294,5.387213,0,1.8744224,,,,,1.1547294,5.387213,0,1.8744224
A549,4,DAC,36,2,20.55,5,0.14438612759113312,0.0011729354737326503,0.14439481496810913,0.001171753043308854,0.1184001937508583,2.0913028717041016,0.00043305556755512953,0.17447227239608765,0.06728677451610565,0.13522133231163025,0.14573659002780914,1.541687250137329,1.9128976,1.906205,300,16340,16640,0.783157,0.2437610775232315,0.46516335,0.9933368563652039,0.981864,2.6779404,4.873049,1.4362547,0.32641873,2.0913028717041016,2.828941822052002,1.6146427392959595,0.0676063820719719,2.6887107,4.873049,1.4362547,0.32473603
A549,4,DAC,36,2,20.55,6,0.11845424026250839,0.00120136933401227,0.11861176043748856,0.0011842832900583744,0.07506156712770462,1.4309808015823364,0.0008401241502724588,0.1545937955379486,0,0.09855685383081436,0.11122864484786987,1.0585976839065552,1.5727444,1.5567412,375,11673,12048,0.23096105,-0.726380408,0.14318998,0.9549149870872498,0.9582812,2.17139,4.624084,0,0.47547683,1.4309808015823364,2.569690704345703,0.7816934585571289,0.22183533012866974,2.195176,4.624084,0,0.46544802
A549,4,DAC,36,2,20.55,7,0.03041870892047882,0.002119225449860096,0.08051056414842606,0.001576125156134367,0.021674150601029396,0.28701576590538025,0.0009303176193498075,0.1274942308664322,0,0.04334830120205879,0.06841146945953369,0.5652444958686829,0.88539267,0.878938,400,19440,19840,0.40063497,0.23392057418823242,-0.013163969,0.9916213750839233,0.9628601,0.5689747,4.889328,0,0.7635493,0.28701576590538025,1.0419650077819824,0,0.1301843822002411,0.57477623,4.889328,0,0.7749121
A549,4,DAC,36,2,20.55,8,0.1948854923248291,0.008598843589425087,0.21555353701114655,0.0050557018257677555,0.1288810670375824,1.7953094244003296,0.0014950684271752834,0.22995558381080627,0,0.15926921367645264,0.17784300446510315,1.2713661193847656,1.8556691,1.8458917,200,11752,11952,0.6680051,0.600777804851532,0.18002167,0.9959197640419006,0.97898567,2.850075,8.071609,0,1.6659846,1.7953094244003296,2.505870819091797,0,0.06395579874515533,2.8680255,8.071609,0,1.6739926
A549,4,DAC,36,2,20.55,9,0.06278270483016968,0.005910121835768223,0.13557982444763184,0.002893140073865652,0.025336096063256264,0.24068593978881836,0.0011601337464526296,0.10726366192102432,0,0.05067218840122223,0.07755489647388458,0.4781373143196106,0.92732716,0.9188197,200,10360,10560,0.4709288,-0.057639979,-0.06332804,0.9938853979110718,0.953332,0.6209912,2.9124093,0,0.5617314,0.24068593978881836,0.7177552580833435,0,0.07996632158756256,0.62833303,2.9124093,0,0.56818587
A549,4,DAC,37,2,20.55,1,0.05548924207687378,0.003369899233803153,0.10195707529783249,0.0014541976852342486,0.07244463264942169,0.8796606659889221,0.0009114775457419455,0.15622474253177643,0,0.0952235534787178,0.10879344493150711,0.7223209738731384,0.9414768,0.9382666,495,33297,33792,0.795504,0.056452371180057526,0.38544014,0.9802805185317993,0.9791593,0.7777183,3.983124,0,0.59293866,0.8796606659889221,1.6472673416137695,0,0.09958568215370178,0.77620286,3.983124,0,0.6001162
A549,4,DAC,37,2,20.55,2,0.3024320602416992,0.009337623603641987,0.30664288997650146,0.008176419883966446,0.20139683783054352,2.571352958679199,0.001583765959367156,0.3297205865383148,0.10390603542327881,0.23362842202186584,0.25198623538017273,1.8171255588531494,2.6917698,2.6762934,451,25037,25488,0.32043788,-0.084723815,0.0880689,0.9837005734443665,0.9578289,4.0595665,11.333249,0,1.739319,2.571352958679199,4.003391742706299,1.4733495712280273,0.22253556549549103,4.0863743,11.333249,0,1.7260273
A549,4,DAC,37,2,20.55,3,0.07767840474843979,0.013342062011361122,0.23382209241390228,0.003651496022939682,0.12268757820129395,1.2296603918075562,0.009481005370616913,0.2979627251625061,0,0.20651355385780334,0.23138079047203064,1.2240424156188965,1.2786895,1.278164,200,20600,20800,0.6451706,-0.116000593,0.21939114,0.9962197542190552,0.9867277,0.8105629,4.279331,0,1.3763715,1.2296603918075562,2.4743313789367676,0,0.876812756061554,0.80649406,4.279331,0,1.3794998
A549,4,DAC,37,2,20.55,4,0.10626810789108276,0.0015990001847967505,0.11067230254411697,0.0011778469197452068,0.05154787376523018,0.3205292224884033,0.0008282358176074922,0.15230539441108704,0,0.07439856231212616,0.0885661318898201,0.3033909797668457,0.6811766,0.6742284,452,24124,24576,0.6032438,0.02735527604818344,0.07762505,0.9751700162887573,0.94550407,0.790603,1.8694154,0,0.08405664,0.3205292224884033,0.6364943981170654,0,0.014448516070842743,0.7994106,1.8694154,0,0.08114308
A549,4,DAC,37,2,20.55,5,0.089606374502182,0.007537867873907089,0.1547742635011673,0.002933609765022993,0.06553427875041962,0.5480993986129761,0.0014462957624346018,0.15339256823062897,0,0.09695827215909958,0.11399617046117783,0.4779833257198334,0.96852934,0.9619787,466,34430,34896,0.8869425,0.3521769940853119,0.59456533,0.9796819090843201,0.95550597,0.7899324,3.509876,0,0.56616485,0.5480993986129761,1.4233357906341553,0,0.04000149294734001,0.79320556,3.509876,0,0.57248414
A549,4,DAC,38,2,20.55,1,0.10204041749238968,0.002965774619951844,0.11369916051626205,0.0019790451042354107,0.03889128565788269,0.4391466975212097,0.00023404434614349157,0.0760083943605423,0.005297586787492037,0.051284343004226685,0.05890163034200668,0.34791579842567444,0.91246766,0.90869397,100,14860,14960,0.8946868,0.21717900037765503,0.19174318,0.9945734739303589,0.9079696,1.2719333,3.4774039,0,0.51607615,0.4391466975212097,0.5679464936256409,0.33109307289123535,0.002982945181429386,1.2775375,3.4774039,0,0.51483047
A549,4,DAC,38,2,20.55,2,0.11969992518424988,0.005479060113430023,0.14659132063388824,0.0027679228223860264,0.10255121439695358,0.9054216146469116,0.0007521535153500736,0.17637397348880768,0,0.12458811700344086,0.13711659610271454,0.68500816822052,0.9312565,0.9257934,372,16396,16768,0.9041008,0.18391749262809753,0.36983198,0.995492696762085,0.97418076,1.1996444,4.445873,0,0.57729125,0.9054216146469116,1.2602072954177856,0,0.014211781322956085,1.2063199,4.445873,0,0.5880581
A549,4,DAC,38,2,20.55,3,0.06584613770246506,0.007489239331334829,0.15500231087207794,0.003810315625742078,0.09125041961669922,1.0092408657073975,0.002544337883591652,0.22621701657772064,0,0.13144013285636902,0.15624545514583588,0.7664815187454224,0.8857001,0.8843539,387,33885,34272,0.87182766,-0.07230828,0.68000466,0.97454434633255,0.958409,0.79863256,5.016212,0,1.0493281,1.0092408657073975,2.838088274002075,0,0.2045002281665802,0.79622716,5.016212,0,1.0584644
A549,4,DAC,38,2,20.55,4,0.12624941766262054,0.006593605969101191,0.1522078812122345,0.003998252097517252,0.0881863683462143,1.262533187866211,0.0012370499316602945,0.19954171776771545,0,0.1162695437669754,0.13298848271369934,0.8460288047790527,1.3458146,1.3374252,300,17572,17872,0.4248046,0.22896087169647217,-0.04224444,0.9938730001449585,0.97175705,2.0983243,5.8601804,0,1.5455585,1.262533187866211,1.8556159734725952,0.8037970066070557,0.043084219098091125,2.1125937,5.8601804,0,1.5590798
A549,4,DAC,38,2,20.55,5,0.08078072965145111,0.001037386478856206,0.08287258446216583,0.0008908925810828805,0.057942572981119156,0.7574940323829651,0.0005362488445825875,0.12222536653280258,0,0.07667170464992523,0.08793479204177856,0.574215292930603,0.83541596,0.831468,200,13032,13232,0.50914854,-0.132779151,0.37830448,0.9945042133331299,0.97917515,1.1889979,2.7790475,0,0.13644238,0.7574940323829651,0.9929136633872986,0.5509123802185059,0.00949923787266016,1.1956202,2.7790475,0,0.1354892
A549,4,DAC,38,2,20.55,6,0.15108990669250488,0.0057122912257909775,0.15835608541965485,0.00483636325225234,0.061497464776039124,0.537253201007843,0.0010065677342936397,0.1454692929983139,0,0.08591731637716293,0.10236509889364243,0.4648436903953552,1.0545757,1.039345,300,11316,11616,0.3233552,0.18771260976791382,-0.10678821,0.9892658591270447,0.9309297,1.6586174,5.1768084,0,0.68689257,0.537253201007843,0.9551337957382202,0,0.03322402387857437,1.688346,5.1768084,0,0.6700016
A549,4,DAC,38,2,20.55,7,0.14081427454948425,0.004088112618774176,0.1460803598165512,0.0034717246890068054,0.07919145375490189,1.253219485282898,0.0009178404579870403,0.17962557077407837,0.004761905409395695,0.10370063781738281,0.11962397396564484,0.8850120306015015,1.500581,1.4871525,400,17936,18336,0.9275881,0.2753928303718567,0.19826262,0.9937774538993835,0.95371354,2.3734999,6.6589527,0,1.0976924,1.253219485282898,1.8582003116607666,0.8875170350074768,0.026904763653874397,2.3984838,6.6589527,0,1.0929593
A549,4,DAC,38,2,20.55,8,0.08611410111188889,0.008288752287626266,0.16243474185466766,0.0032377298921346664,0.10334861278533936,1.3243292570114136,0.003133844817057252,0.26244449615478516,0,0.147505983710289,0.17138315737247467,0.9433176517486572,1.1101781,1.1084236,300,28228,28528,0.98270786,0.7255706787109375,0.8471306,0.9936113357543945,0.9848042,1.1996765,4.8599477,0,1.4316851,1.3243292570114136,2.6225006580352783,0,0.2558702230453491,1.1983516,4.8599477,0,1.4440143
A549,4,DAC,38,2,20.55,9,0.07188521325588226,0.011214593425393105,0.20554663240909576,0.004593048710376024,0.13267119228839874,1.9958566427230835,0.0017277158331125975,0.26156607270240784,0.015922991558909416,0.16594195365905762,0.18524158000946045,1.2715080976486206,1.1069906,1.1089263,500,41996,42496,0.97768676,-0.153698146,0.8769285,0.989043653011322,0.9354894,1.1233528,7.3485866,0,2.666382,1.9958566427230835,3.339812755584717,1.1713567972183228,0.14127905666828156,1.1129649,7.3485866,0,2.6872745
A549,4,DAC,39,2,20.55,1,0.16006819903850555,0.002139056334272027,0.160081148147583,0.0021371571347117424,0.12529174983501434,1.5063227415084839,0.0009720799280330539,0.20850041508674622,0.04873068630695343,0.15125922858715057,0.1659919172525406,1.092687726020813,1.4841554,1.4778252,200,12168,12368,0.53549904,-0.694707036,-0.12873453,0.9845160245895386,0.9704853,2.131326,4.860943,0,0.36507502,1.5063227415084839,2.133470296859741,1.0296365022659302,0.07963889837265015,2.1415987,4.860943,0,0.36324048
A549,4,DAC,39,2,20.55,2,0.18340617418289185,0.0034560069907456636,0.18560419976711273,0.0030894631054252386,0.12339457869529724,1.5177069902420044,0.0010184897109866142,0.23546946048736572,0.02861456573009491,0.1482456922531128,0.16572439670562744,1.089280366897583,1.6255491,1.6137183,557,24691,25248,0.7758687,0.0020602568984031677,0.36840227,0.9803529381752014,0.96562326,2.4488518,6.1132708,0,0.67506576,1.5177069902420044,2.831249475479126,0.9785705804824829,0.11729617416858673,2.4698575,6.1132708,0,0.6676479
A549,4,DAC,39,2,20.55,3,0.16408422589302063,0.004108869470655918,0.16440358757972717,0.0040643601678311825,0.09659110009670258,1.7054643630981445,0.0018212602008134127,0.20775054395198822,0.011114049702882767,0.13151296973228455,0.15723225474357605,1.172124981880188,1.8488462,1.8352464,300,14628,14928,0.5500636,-0.540304542,0.33279708,0.9306278228759766,0.96923935,3.1214283,9.144004,0,1.153854,1.7054643630981445,3.464402437210083,0.8308854103088379,0.5033109784126282,3.1504676,9.144004,0,1.1252335
A549,4,DAC,39,2,20.55,4,0.20117369294166565,0.004394324030727148,0.2015896439552307,0.004319558385759592,0.1269504874944687,2.2432806491851807,0.0008721558842808008,0.20089781284332275,0.029893871396780014,0.15121561288833618,0.1645842343568802,1.5383132696151733,2.4610412,2.4364743,400,14624,15024,0.6378981,-0.266122699,-0.18403533,0.9815990328788757,0.95328796,3.8028405,9.930981,0,1.8978658,2.2432806491851807,3.500741720199585,1.2945159673690796,0.2234201431274414,3.8454983,9.930981,0,1.8753191
A549,4,DAC,39,2,20.55,5,0.08898183703422546,0.0055250623263418674,0.1362321376800537,0.0020219176076352596,0.0976686105132103,1.4555602073669434,0.0006196835311129689,0.15955959260463715,0.030932389199733734,0.11786224693059921,0.13019783794879913,1.050000786781311,1.2484473,1.2465478,400,41392,41792,0.89119846,0.31099969148635864,0.84609807,0.9899383783340454,0.95987755,1.470167,6.522138,0,1.4478279,1.4555602073669434,2.605107069015503,1.0245610475540161,0.05782925710082054,1.4703081,6.522138,0,1.4612585
A549,4,DAC,4,2,20.55,1,0.12140319496393204,0.004645360168069601,0.13820213079452515,0.0029665054753422737,0.06481066346168518,0.7643797397613525,0.001286646700464189,0.1780012845993042,0,0.09283050894737244,0.10926269739866257,0.661311149597168,1.1535252,1.1422153,600,25512,26112,0.46268162,0.1235460415482521,0.010129436,0.9883331060409546,0.9720345,1.6074228,5.4267344,0,0.6434748,0.7643797397613525,1.43821382522583,0,0.09699491411447525,1.6272498,5.4267344,0,0.639219
A549,4,DAC,4,2,20.55,2,0.11162931472063065,0.003433824982494116,0.1288861483335495,0.0017404960235580802,0.07693352550268173,0.5809440612792969,0.00046557237510569394,0.13698749244213104,0.015065363608300686,0.09394088387489319,0.10372333228588104,0.49251747131347656,0.7936887,0.78983545,200,15432,15632,0.9650275,0.1870926171541214,0.3567729,0.9958071708679199,0.9731147,0.89651483,2.7088711,0,0.21937597,0.5809440612792969,0.7574675679206848,0.4403862953186035,0.004512913059443235,0.9006047,2.7088711,0,0.22085327
A549,4,DAC,4,2,20.55,3,0.06340683996677399,0.004943815991282463,0.12674012780189514,0.0018550303066149354,0.04157375544309616,0.4141756296157837,0.0019759172573685646,0.15048085153102875,0,0.08193636685609818,0.10221628099679947,0.5977852940559387,0.8486937,0.84170246,288,10048,10336,0.3677814,-0.171049491,-0.19974774,0.9947462677955627,0.97968376,0.6449751,2.5436738,0,0.46311554,0.4141756296157837,0.9913650155067444,0,0.15395976603031158,0.65159035,2.5436738,0,0.4704062
A549,4,DAC,40,2,20.55,1,0.08485733717679977,0.002442822325974703,0.09603049606084824,0.0016915048472583294,0.055417466908693314,0.45172080397605896,0.0003319461247883737,0.09936890751123428,0,0.06954313814640045,0.07784070074558258,0.3806258738040924,0.7548947,0.74695987,500,23084,23584,0.65809774,0.22324255108833313,0.058797624,0.9889985918998718,0.93588924,0.9827338,3.8743758,0,0.4016072,0.45172080397605896,0.7533396482467651,0,0.011290284804999828,0.99423546,3.8743758,0,0.4038216
A549,4,DAC,40,2,20.55,2,0.15040679275989532,0.013975529931485653,0.21978816390037537,0.005173117388039827,0.1414545327425003,2.089785099029541,0.0038577551022171974,0.28486984968185425,0,0.18746349215507507,0.21019959449768066,1.2700285911560059,1.6655638,1.659963,348,24228,24576,0.7476095,0.5913161039352417,0.32816032,0.9881656169891357,0.9698958,2.4483316,7.9856615,0,3.378729,2.089785099029541,3.569880485534668,0,0.5838403701782227,2.4534812,7.9856615,0,3.4170008
A549,4,DAC,40,2,20.55,3,0.1490001529455185,0.004813422914594412,0.1623174399137497,0.0030820034444332123,0.09040572494268417,0.6382363438606262,0.00016864418284967542,0.12112746387720108,0.05238828435540199,0.10125426203012466,0.10692766308784485,0.5025390982627869,1.0084344,1.0056803,100,18268,18368,0.98986125,-0.041808102,0.52704525,0.997203528881073,0.9341622,1.2799978,4.270584,0,0.43729326,0.6382363438606262,0.8055634498596191,0.5487151145935059,0.0029112654738128185,1.2835109,4.270584,0,0.4374042
A549,4,DAC,40,2,20.55,4,0.22271162271499634,0.007331923581659794,0.24272562563419342,0.0031328981276601553,0.15912461280822754,1.8207584619522095,0.0009403282892890275,0.23699316382408142,0.09135458618402481,0.18404749035835266,0.1991427093744278,1.2374731302261353,1.5566326,1.5545306,100,15084,15184,0.90629196,-0.163747832,0.7100578,0.9966861605644226,0.98361725,2.4495811,4.615669,0,0.7515858,1.8207584619522095,2.242128610610962,1.4442176818847656,0.03305374085903168,2.4537501,4.615669,0,0.75371045
A549,4,DAC,40,2,20.55,5,0.2079772800207138,0.0035835751332342625,0.2122553139925003,0.0027492523659020662,0.12461744248867035,1.0077816247940063,0.00045870334724895656,0.1860954463481903,0.06846176087856293,0.14098523557186127,0.15130624175071716,0.7699135541915894,1.3667465,1.3629518,100,15628,15728,0.940665,-0.166728735,0.4213009,0.9955185651779175,0.9674474,1.9434185,3.934827,0,0.3867499,1.0077816247940063,1.3332194089889526,0.8168687224388123,0.012693318538367748,1.9494054,3.934827,0,0.38350594
A549,4,DAC,40,2,20.55,6,0.20391550660133362,0.0016349031357094646,0.20391550660133362,0.0016349031357094646,0.140010803937912,2.6867032051086426,0.0006128686363808811,0.2058105766773224,0.0821760818362236,0.15998271107673645,0.17162805795669556,1.8622654676437378,2.7002807,2.6951096,179,28829,29008,0.7017713,-0.110024184,0.28385878,0.9974652528762817,0.9883302,4.0864987,6.904077,2.1676648,0.47174802,2.6867032051086426,3.3967697620391846,2.1676647663116455,0.041226115077733994,4.0951896,6.904077,2.2269702,0.46217954
A549,4,DAC,41,2,20.55,1,0.2131839394569397,0.0038921579252928495,0.21346385776996613,0.0038375111762434244,0.1542002409696579,1.6552040576934814,0.0014231684617698193,0.26572880148887634,0.044668328016996384,0.18442022800445557,0.20391905307769775,1.1136554479599,1.3920598,1.3886298,357,28619,28976,0.30836242,-0.486415714,-0.09034774,0.9913592338562012,0.9768935,2.242,6.541211,0,0.45795634,1.6552040576934814,2.4683094024658203,1.055941104888916,0.07572516798973083,2.24932,6.541211,0,0.45837554
A549,4,DAC,41,2,20.55,2,0.2507840692996979,0.004221634939312935,0.25141769647598267,0.004072999581694603,0.180826336145401,2.738285779953003,0.0015190207632258534,0.29871296882629395,0.06407098472118378,0.21152383089065552,0.23096239566802979,1.6881959438323975,2.1753693,2.1673276,262,15610,15872,0.7405476,-0.354439676,0.025812414,0.9933677315711975,0.9857987,3.9442525,8.202265,0,0.79899895,2.738285779953003,3.93082857131958,1.8397568464279175,0.16895902156829834,3.9644935,8.202265,0,0.7847538
A549,4,DAC,41,2,20.55,3,0.21428023278713226,0.003817661665380001,0.2187509685754776,0.002919337945058942,,,,,,,,,1.8882962,1.8882962,0,16000,16000,0.91776186,,0.5808802,,0.98249733,3.2220275,7.8813505,0,0.7890229,,,,,3.2220275,7.8813505,0,0.7890229
A549,4,DAC,41,2,20.55,4,0.16386698186397552,0.0037118608597666025,0.16776205599308014,0.0031466444488614798,0.09504599124193192,0.6417258381843567,0.0004514758475124836,0.15005692839622498,0.035835206508636475,0.11269419640302658,0.1223045364022255,0.5248732566833496,0.98179084,0.9772319,159,15777,15936,0.33754134,-0.381626189,-0.37313753,0.9937136173248291,0.9632473,1.3871533,3.7609756,0,0.28385228,0.6417258381843567,0.8226850628852844,0.451480507850647,0.007646428886801004,1.3946657,3.7609756,0,0.28097948
A549,4,DAC,41,2,20.55,5,0.10186655074357986,0.002444858429953456,0.11742143332958221,0.0009917091811075807,0.08316196501255035,0.7029468417167664,0.00046652290620841086,0.14443877339363098,0.0267956480383873,0.1006733626127243,0.11088386178016663,0.5523386597633362,0.7498729,0.7464411,400,22624,23024,0.85358846,-0.499358058,0.47269586,0.9771527051925659,0.9768312,0.89527225,2.1653156,0,0.18360825,0.7029468417167664,1.0673408508300781,0.36292216181755066,0.024191413074731827,0.8986726,2.1653156,0,0.18576127
A549,4,DAC,41,2,20.55,6,0.07011260092258453,0.00879012793302536,0.1822705864906311,0.0024084551259875298,0.08425059169530869,0.735209047794342,0.00400772737339139,0.23089779913425446,0,0.13822540640830994,0.15861915051937103,0.7245038151741028,0.83839375,0.83627516,489,25799,26288,0.60519475,0.5517973899841309,0.66814613,0.9770241379737854,0.9437548,0.6448219,3.5205033,0,0.73846835,0.735209047794342,1.7058537006378174,0,0.2760167717933655,0.6431087,3.5205033,0,0.747076
A549,4,DAC,41,2,20.55,7,0.1245514452457428,0.002302463399246335,0.1258755624294281,0.0021602672059088945,0.083124078810215,0.6872744560241699,0.0004842829948756844,0.139895498752594,0.02081662230193615,0.10091909021139145,0.11325263977050781,0.5460242033004761,0.80397356,0.80127454,187,17685,17872,0.085631244,-0.147610486,-0.48395893,0.9911965131759644,0.95605457,1.0786217,3.67661,0,0.2158495,0.6872744560241699,0.9215899705886841,0.48552894592285156,0.01183692179620266,1.0827599,3.67661,0,0.21637017
A549,4,DAC,41,2,20.55,8,0.22954833507537842,0.0025447818916291,0.23497135937213898,0.0013306463370099664,0.21839089691638947,1.798817753791809,0.00039949698839336634,0.2654280960559845,0.15824635326862335,0.2343531847000122,0.24386939406394958,1.4030282497406006,1.3793272,1.3795269,100,11772,11872,0.9453332,0.03837920352816582,0.92164373,0.9982677698135376,0.99166846,1.8669473,3.3466713,0,0.14106958,1.798817753791809,2.048870325088501,1.5475916862487793,0.01271749660372734,1.8675259,3.3466713,0,0.14212012
A549,4,DAC,41,2,20.55,9,0.1546652466058731,0.010591581463813782,0.19991716742515564,0.004643830470740795,0.11735036224126816,1.888075590133667,0.0015038829296827316,0.25118350982666016,0.022357720881700516,0.14830836653709412,0.16831660270690918,1.1942590475082397,1.5779443,1.5739297,300,28372,28672,0.8691627,0.5360369682312012,0.53003204,0.9946308732032776,0.9727703,2.4825826,9.084668,0,2.5574894,1.888075590133667,2.5866222381591797,1.2363299131393433,0.06126325577497482,2.488869,9.084668,0,2.5801072
A549,4,DAC,41,2,20.55,10,0.04991471767425537,0.005327798426151276,0.12933439016342163,0.003533201524987817,0.0541149266064167,1.1887648105621338,0.002501261420547962,0.23849287629127502,0,0.09602311253547668,0.12258655577898026,0.9003859162330627,1.2437592,1.2378224,400,22736,23136,0.8613954,-0.42627722,0.08069398,0.988140344619751,0.9702862,1.0343565,5.573055,0,1.8498299,1.1887648105621338,3.070168972015381,0,0.593794047832489,1.0316398,5.573055,0,1.871501
A549,4,DAC,42,2,20.55,1,0.17249979078769684,0.002864324487745762,0.17249979078769684,0.002864324487745762,0.11810935288667679,1.1823400259017944,0.0007910877466201782,0.21497875452041626,0.04807230457663536,0.1402048021554947,0.1560615748167038,0.8872607350349426,1.3811307,1.3667088,492,16356,16848,0.571023,-0.051704835,0.109415226,0.9880377054214478,0.9635388,1.9819331,5.7898126,0.8276883,0.48856527,1.1823400259017944,2.000899076461792,0.8276882767677307,0.04077558591961861,2.0059855,5.7898126,0.84027195,0.4822245
A549,4,DAC,42,2,20.55,2,0.13891060650348663,0.0031144677195698023,0.13891060650348663,0.0031144677195698023,0.07740254700183868,1.0319302082061768,0.000413562695030123,0.13004235923290253,0.014061326161026955,0.09335445612668991,0.10213794559240341,0.7610390782356262,1.4853967,1.4780053,184,17848,18032,0.057252716,0.6295086741447449,-0.045440666,0.9938698410987854,0.93795186,2.3720741,8.443931,0.7285544,1.323526,1.0319302082061768,1.2956141233444214,0.763276219367981,0.014345891773700714,2.38589,8.443931,0.7285544,1.3183163
A549,4,DAC,42,2,20.55,3,0.10172492265701294,0.005228098016232252,0.14279396831989288,0.0014744047075510025,0.11093710362911224,1.1444966793060303,0.0007937977206893265,0.17710688710212708,0.022438162937760353,0.13340634107589722,0.14651508629322052,0.8351610898971558,0.9577384,0.9559757,286,19602,19888,0.9051221,0.2276703417301178,0.7531396,0.9948276877403259,0.97644526,1.1433167,3.6616518,0,0.6286761,1.1444966793060303,1.6178081035614014,0.774921178817749,0.020156852900981903,1.1432995,3.6616518,0,0.63755465
A549,4,DAC,42,2,20.55,4,0.22190585732460022,0.003009348874911666,0.2240590900182724,0.0025560969952493906,0.1643490046262741,1.8824292421340942,0.0009374700603075325,0.2412704974412918,0.07683583348989487,0.18894991278648376,0.20448997616767883,1.2684738636016846,1.5546151,1.5505196,210,14462,14672,0.6833763,0.5635416507720947,0.21672165,0.9974656701087952,0.9840397,2.4735096,5.4809537,0,0.3622035,1.8824292421340942,2.4178202152252197,1.4877092838287354,0.029123447835445404,2.4820924,5.4809537,0,0.36189324
A549,4,DAC,42,2,20.55,5,0.09962508082389832,0.0017514022765681148,0.09990796446800232,0.0017281119944527745,0.04810682311654091,0.6956495642662048,0.0005400209920480847,0.12965475022792816,0,0.06628245860338211,0.07857324928045273,0.5314514636993408,1.1842228,1.1707802,400,19024,19424,0.16605103,-0.423704475,-0.18387577,0.9779000878334045,0.92816395,1.8503711,6.007824,0,0.66367054,0.6956495642662048,1.1516419649124146,0.36030352115631104,0.03086686134338379,1.8746505,6.007824,0,0.6483506
A549,4,DAC,43,2,20.55,1,0.4773959815502167,0.02017696015536785,0.47829556465148926,0.019784700125455856,0.2851712107658386,3.798718214035034,0.0017598806880414486,0.4083002507686615,0.1819542944431305,0.3188423216342926,0.34188440442085266,2.914351463317871,5.9904537,5.955016,294,25226,25520,0.07180413,-0.026315421,-0.388043,0.9898801445960999,0.9025694,7.064753,13.746762,0,5.041383,3.798718214035034,4.851019382476807,2.6743485927581787,0.2794954180717468,7.1028175,13.746762,0,4.9711123
A549,4,DAC,43,2,20.55,2,0.03144959732890129,0.002361230319365859,0.1005840077996254,0.000598013459239155,,,,,,,,,0.72488123,0.72488123,0,23536,23536,0.96033597,,0.9443637,,0.9861541,0.29146072,1.743917,0,0.2008374,,,,,0.29146072,1.743917,0,0.2008374
A549,4,DAC,43,2,20.55,3,0.34448379278182983,0.025298120453953743,0.4022800326347351,0.006292271893471479,,,,,,,,,3.6338105,3.6338105,0,22976,22976,0.69306237,,0.58092445,,0.9619635,5.4248114,12.54324,0,6.6381245,,,,,5.4248114,12.54324,0,6.6381245
A549,4,DAC,43,2,20.55,4,0.08922729641199112,0.001017143833450973,0.09058185666799545,0.0009098864393308759,0.06765502691268921,0.991994321346283,0.00035737978760153055,0.12470631301403046,0.020827649161219597,0.08279670029878616,0.09226590394973755,0.7247012853622437,1.0726526,1.0650288,400,17856,18256,0.57264453,-0.136938781,0.070067436,0.9723227620124817,0.9669655,1.5967609,4.72495,0,0.35851327,0.991994321346283,1.4412952661514282,0.4846981465816498,0.05685518682003021,1.6103084,4.72495,0,0.3568941
A549,4,DAC,43,2,20.55,5,0.053611140698194504,0.004245027434080839,0.113435760140419,0.0021957994904369116,0.043715592473745346,0.5342332720756531,0.0012427346082404256,0.15611132979393005,0,0.07252201437950134,0.09016914665699005,0.5295431613922119,0.8887392,0.88453513,200,16888,17088,0.8244523,-0.037951827,0.30706817,0.9950605034828186,0.97517127,0.69773185,3.6760995,0,0.6546158,0.5342332720756531,0.8716765642166138,0,0.08050420880317688,0.69966817,3.6760995,0,0.6610944
A549,4,DAC,43,2,20.55,6,0.09349969029426575,0.020733987912535667,0.22080162167549133,0.020855311304330826,0.03523050993680954,0.3891187310218811,0.0025827588979154825,0.18403875827789307,0,0.07065459340810776,0.11530479043722153,0.6528332829475403,1.3680029,1.3554046,365,20355,20720,0.04904839,0.42690274119377136,0.033631887,0.9747660160064697,0.7660247,1.2295471,10.908096,0,3.6316319,0.3891187310218811,1.7356559038162231,0,0.28309082984924316,1.2446175,10.908096,0,3.6787844
A549,4,DAC,43,2,20.55,7,0.1381669044494629,0.03495099022984505,0.37311339378356934,0.006721866317093372,,,,,,,,,6.5034914,6.5034914,0,22592,22592,0.27805775,,-0.2825087,,0.96320575,4.0766673,23.757801,0,30.509932,,,,,4.0766673,23.757801,0,30.509932
A549,4,DAC,44,2,20.55,1,0.11525119841098785,0.001497069257311523,0.11525119841098785,0.001497069257311523,0.06322003155946732,0.6406351327896118,0.00022586992417927831,0.0994044691324234,0.023258566856384277,0.07572034746408463,0.08198398351669312,0.4914013147354126,0.87589103,0.8720646,100,9948,10048,0.2018885,0.07924699038267136,0.01217204,0.9946438074111938,0.94112355,1.2063559,3.5835137,0.37221727,0.23541926,0.6406351327896118,0.8775407075881958,0.5140852332115173,0.006829087156802416,1.2120427,3.5835137,0.37221727,0.23446764
A549,4,DAC,44,2,20.55,2,0.12937453389167786,0.0010227651800960302,0.12942522764205933,0.0010166044812649488,0.0936351791024208,1.299904227256775,0.0006396012031473219,0.17373943328857422,0.014574116095900536,0.11350542306900024,0.12648355960845947,0.9289828538894653,1.240018,1.2346032,400,22576,22976,0.94593465,-0.159529299,0.60728437,0.9878019094467163,0.9871831,1.8325342,3.260811,0,0.11039746,1.299904227256775,1.8440251350402832,0.8367375135421753,0.05079466849565506,1.8419712,3.260811,0,0.10633795
A549,4,DAC,45,2,20.55,1,0.4813530147075653,0.022707654163241386,0.4892149567604065,0.019232358783483505,0.29903465509414673,3.2935564517974854,0.0017397101037204266,0.4585570991039276,0.19916577637195587,0.3322976231575012,0.3526667058467865,2.548771619796753,4.811834,4.783602,399,31585,31984,0.08285985,0.3209611475467682,-0.10120357,0.9931524395942688,0.90709007,5.5535116,10.896375,0,3.0244658,3.2935564517974854,4.965816020965576,2.5292816162109375,0.17772766947746277,5.5820603,10.896375,0,2.995093
A549,4,DAC,45,2,20.55,2,0.09475192427635193,0.003545057261362672,0.11538916826248169,0.0019358658464625478,0.07696500420570374,0.8214117288589478,0.0005774762830697,0.14728891849517822,0.012722227722406387,0.09629756957292557,0.1078079491853714,0.638799250125885,0.9988856,0.9942188,400,30464,30864,0.88110185,-0.295148581,0.43125284,0.9778255224227905,0.95389163,1.2754124,4.952124,0,0.7654951,0.8214117288589478,1.3003989458084106,0.42591607570648193,0.033384885638952255,1.2813735,4.952124,0,0.77236605
A549,4,DAC,45,2,20.55,3,0.2474815398454666,0.04582027718424797,0.4128800332546234,0.008153453469276428,0.25183379650115967,2.834519624710083,0.03575059399008751,0.49639949202537537,0,0.4066334366798401,0.43576788902282715,2.2939209938049316,2.6043706,2.6017497,280,32888,33168,0.73962045,0.5049156546592712,0.6639667,0.916151225566864,0.93360114,2.9067254,9.97918,0,6.489989,2.834519624710083,4.99275541305542,0,4.358083724975586,2.9073403,9.97918,0,6.5080953
A549,4,DAC,45,2,20.55,4,0.17300638556480408,0.05232452601194382,0.4543794095516205,0.00957364123314619,,,,,,,,,6.5320463,6.5320463,0,22944,22944,0.65574723,,0.1383076,,0.95936966,4.1864295,20.646826,0,30.008167,,,,,4.1864295,20.646826,0,30.008167
A549,4,DAC,46,2,20.55,1,0.07974166423082352,0.01031970139592886,0.18483909964561462,0.00449468195438385,0.09822240471839905,1.2929458618164062,0.0007357680005952716,0.17433121800422668,0.029593609273433685,0.1197025328874588,0.13375301659107208,0.9177563190460205,1.116003,1.1145829,200,27720,27920,0.9870018,-0.207071066,0.7986457,0.9917922019958496,0.9419808,1.1454579,5.787214,0,2.0724971,1.2929458618164062,1.9431512355804443,0.851983904838562,0.04109135642647743,1.1443937,5.787214,0,2.0869958
A549,4,DAC,46,2,20.55,2,0.3354036211967468,0.004311306867748499,0.3354036211967468,0.004311306867748499,0.24335254728794098,1.776257038116455,0.0007815699209459126,0.32516419887542725,0.18403683602809906,0.26586177945137024,0.2822674512863159,1.5309112071990967,2.3879993,2.374789,200,12776,12976,0.9070904,0.1737329065799713,-0.04896392,0.9929550886154175,0.9671464,2.5434582,4.2338333,1.3811289,0.24646474,1.776257038116455,2.386383295059204,1.3811289072036743,0.03659844398498535,2.555468,4.2338333,1.5496762,0.2403917
A549,4,DAC,46,2,20.55,3,0.08086466789245605,0.00740672554820776,0.1498870849609375,0.0033832064364105463,0.11999713629484177,1.73102605342865,0.0011404040269553661,0.23384441435337067,0.021073609590530396,0.1470939964056015,0.16503110527992249,1.1712571382522583,1.180571,1.18049,500,56988,57488,0.7757031,0.60903000831604,0.7061866,0.9851323962211609,0.92252356,1.293118,7.87273,0,2.0053003,1.73102605342865,2.865443706512451,1.051106333732605,0.12397697567939758,1.289276,7.87273,0,2.0201092
A549,4,DAC,46,2,20.55,4,0.09253948926925659,0.0013960727956146002,0.09293120354413986,0.0013655797811225057,0.04897557571530342,0.7882013916969299,0.0007710494683124125,0.13175641000270844,0,0.07158414274454117,0.08553114533424377,0.5941123366355896,0.9587243,0.9540607,176,13584,13760,0.54356265,0.04925486072897911,0.09480128,0.9949064254760742,0.97543824,1.4760166,3.6195188,0,0.19185664,0.7882013916969299,1.0440102815628052,0.568219006061554,0.008925491943955421,1.4849283,3.6195188,0,0.18801779
A549,4,DAC,47,2,20.55,1,0.06520925462245941,0.010863802395761013,0.20779483020305634,0.0049898819997906685,0.1406831294298172,1.1846696138381958,0.000775258697103709,0.20791758596897125,0.07922323793172836,0.1629774123430252,0.1768348067998886,0.8756389021873474,1.0175096,1.0172132,100,47788,47888,0.91116357,-0.047122009,0.80074805,0.9973600506782532,0.9700918,0.63188744,5.0051613,0,1.0334076,1.1846696138381958,1.4333398342132568,0.9301941394805908,0.012748843058943748,0.6307307,5.0051613,0,1.0349027
A549,4,DAC,47,2,20.55,2,0.3808060884475708,0.004205933306366205,0.3815958797931671,0.0039132991805672646,0.27037087082862854,4.023160457611084,0.0006655046599917114,0.33266231417655945,0.20641614496707916,0.2914929986000061,0.3024541735649109,3.201425790786743,4.698743,4.678085,200,14296,14496,0.9970076,-0.215909034,0.5996926,0.9961910247802734,0.9787199,5.921154,9.320022,0,0.9074615,4.023160457611084,4.86983585357666,3.3087007999420166,0.10600852966308594,5.9477067,9.320022,0,0.86757165
A549,4,DAC,47,2,20.55,3,0.2832692265510559,0.009466320276260376,0.2832692265510559,0.009466320276260376,0.17206352949142456,2.0156543254852295,0.0014866156270727515,0.28723087906837463,0.09013471752405167,0.20349714159965515,0.22514592111110687,1.544042944908142,2.8272216,2.808928,500,34572,35072,0.25553262,-0.578719079,-0.2064159,0.972061038017273,0.9113007,3.6885545,9.023095,1.2327149,2.2693536,2.0156543254852295,3.162846803665161,1.2327148914337158,0.21575824916362762,3.712749,9.023095,1.3746531,2.2579937
A549,4,DAC,47,2,20.55,4,0.14852434396743774,0.003506862325593829,0.1523861140012741,0.0030095649417489767,0.09435922652482986,0.9642764925956726,0.0004252868820913136,0.15612201392650604,0.047074221074581146,0.11083833873271942,0.12194031476974487,0.7243613600730896,1.191881,1.1901046,100,26220,26320,0.21949853,0.29011398553848267,0.17108464,0.9983239769935608,0.97145015,1.9185206,4.8114243,0,0.46087435,0.9642764925956726,1.2175474166870117,0.7579134702682495,0.00577115174382925,1.9221597,4.8114243,0,0.45912394
A549,4,DAC,48,2,20.55,1,0.2734852135181427,0.004609965719282627,0.27365347743034363,0.0045667532831430435,0.15202361345291138,1.1671397686004639,0.0013917293399572372,0.25384390354156494,0.03983193263411522,0.1810906082391739,0.1978568732738495,0.9015435576438904,1.6782129,1.66954,454,40202,40656,0.5813077,-0.291856974,0.14347006,0.9715139269828796,0.9652725,2.3781595,5.4083304,0,0.3613302,1.1671397686004639,1.776167869567871,0.5337290167808533,0.07035445421934128,2.3918355,5.4083304,0,0.34786725
A549,4,DAC,48,2,20.55,2,0.13935591280460358,0.018622541800141335,0.25608330965042114,0.004329231102019548,0.17979572713375092,2.062995672225952,0.0028498233295977116,0.3601037561893463,0,0.22149166464805603,0.2504499852657318,1.2608798742294312,1.6123117,1.6066242,326,19818,20144,0.96236223,0.0003074929118156433,0.52732354,0.9939051866531372,0.98605555,1.7248127,5.9051523,0,2.7176101,2.062995672225952,3.534937858581543,1.2708762884140015,0.12214262783527374,1.7192498,5.9051523,0,2.7583923
A549,4,DAC,48,2,20.55,3,0.3082994818687439,0.023734403774142265,0.36201491951942444,0.008423891849815845,0.23089802265167236,2.0138869285583496,0.0013903193175792694,0.349611759185791,0.14552101492881775,0.2602894604206085,0.28036147356033325,1.4426465034484863,2.2747447,2.2617757,400,25264,25664,0.7000566,0.014036528766155243,0.018669419,0.9941114783287048,0.9670683,2.8545706,7.3582993,0,2.1334825,2.0138869285583496,2.895632743835449,1.1845542192459106,0.0658164694905281,2.867881,7.3582993,0,2.1548522
A549,4,DAC,48,2,20.55,4,0.27314382791519165,0.030422382056713104,0.35709407925605774,0.009794500656425953,0.20163342356681824,3.1922388076782227,0.0015485624317079782,0.31038257479667664,0.07050692290067673,0.23311275243759155,0.25150880217552185,2.051820755004883,3.4884555,3.4721744,371,32365,32736,0.44212466,0.21737103164196014,-0.04801433,0.9963130354881287,0.95568156,4.563172,13.193523,0,8.839032,3.1922388076782227,3.997692346572876,2.2559056282043457,0.0952911376953125,4.5788875,13.193523,0,8.917471
A549,4,DAC,48,2,20.55,5,0.18359817564487457,0.00436759227886796,0.1839604377746582,0.004309568554162979,0.10744873434305191,1.7606500387191772,0.0013892013812437654,0.23358631134033203,0.0024850075133144855,0.13710829615592957,0.15569454431533813,1.2054340839385986,1.8564453,1.845121,371,20957,21328,0.75004154,0.5574162006378174,0.32282186,0.9894575476646423,0.9625704,3.1106474,10.113829,0,1.5176885,1.7606500387191772,3.101097583770752,1.1888707876205444,0.1351473033428192,3.1345463,10.113829,0,1.5093288
A549,4,DAC,49,2,20.55,1,0.24503053724765778,0.005507252644747496,0.24655157327651978,0.005166423972696066,0.18216075003147125,1.8971011638641357,0.001052694278769195,0.2755737006664276,0.06782551854848862,0.20773987472057343,0.22388145327568054,1.3049753904342651,1.7727265,1.7642437,876,47428,48304,0.40622395,0.27325621247291565,-0.000100099,0.990605890750885,0.9632147,2.7610602,8.129198,0,0.91827494,1.8971011638641357,2.7793309688568115,1.0581120252609253,0.08746428787708282,2.7770176,8.129198,0,0.9195789
A549,4,DAC,49,2,20.55,2,0.24046652019023895,0.008631247095763683,0.25208088755607605,0.006120373960584402,0.18730442225933075,3.157327651977539,0.0013942052610218525,0.3024100959300995,0.07854258269071579,0.21649029850959778,0.2373020052909851,1.8511799573898315,2.2727547,2.2692795,265,31879,32144,0.6543339,-0.237889186,0.033129483,0.9958846569061279,0.97395474,4.303452,9.632567,0,2.3075593,3.157327651977539,4.128390312194824,2.2131381034851074,0.15601849555969238,4.3129787,9.632567,0,2.314434
A549,4,DAC,49,2,20.55,3,0.301947683095932,0.005575614515691996,0.3116234540939331,0.0027390839532017708,0.2472810298204422,2.0393853187561035,0.001231869449838996,0.362872838973999,0.16165058314800262,0.27618417143821716,0.2926027476787567,1.5659688711166382,1.8934398,1.8901578,600,59272,59872,0.9200069,0.04250571131706238,0.59324276,0.990554690361023,0.97981167,2.5697834,5.1184654,0,0.48589176,2.0393853187561035,3.0031211376190186,1.459835171699524,0.08382322639226913,2.5751524,5.1184654,0,0.48708525
A549,4,DAC,49,2,20.55,4,0.1791510134935379,0.004424952436238527,0.18729965388774872,0.003099985420703888,0.0970941036939621,0.7657245397567749,0.0010088970884680748,0.174235001206398,0,0.12189702689647675,0.13798066973686218,0.6149117350578308,1.1230274,1.1184676,283,31253,31536,0.5334659,0.48979780077934265,-0.08748312,0.9796730875968933,0.96153873,1.5424309,3.38609,0,0.3387989,0.7657245397567749,1.297643780708313,0,0.03966526314616203,1.5494641,3.38609,0,0.33599544
A549,4,DAC,49,2,20.55,5,0.2044937163591385,0.00679593812674284,0.22008828818798065,0.0038820039480924606,0.1657814383506775,2.8102526664733887,0.0011505922302603722,0.2595210373401642,0.0749596580862999,0.19304145872592926,0.20991821587085724,1.7235466241836548,1.9785235,1.9760317,200,20264,20464,0.9010889,0.0006953654810786247,0.59009725,0.9964752197265625,0.97816145,3.5384066,10.508148,0,1.9107716,2.8102526664733887,3.428272247314453,2.007502794265747,0.09584280103445053,3.545593,10.508148,0,1.9234
A549,4,DAC,49,2,20.55,6,0.08322657644748688,0.009992608800530434,0.1754855066537857,0.004879583138972521,0.10613492131233215,0.8471729159355164,0.0004194870707578957,0.16510504484176636,0.046038299798965454,0.12163261324167252,0.13163255155086517,0.6594688892364502,0.87581056,0.8750458,100,28188,28288,0.37382257,0.4432142376899719,0.18831845,0.9967851042747498,0.9529737,0.73556334,4.848839,0,0.86215574,0.8471729159355164,1.078108549118042,0.7165276408195496,0.007429949473589659,0.7351674,4.848839,0,0.86514366
A549,4,DAC,49,2,20.55,7,0.11264698207378387,0.0026771887205541134,0.12820863723754883,0.0010518910130485892,0.08851214498281479,0.6892322897911072,0.0007588157313875854,0.15542998909950256,0.014195780269801617,0.11121904104948044,0.12357427924871445,0.5440033078193665,0.80711454,0.80284697,300,18196,18496,0.7810572,-0.407350183,0.3853788,0.9451786279678345,0.9675048,0.97706133,2.1616902,0,0.21343252,0.6892322897911072,1.1126890182495117,0.3189842104911804,0.048962969332933426,0.9818067,2.1616902,0,0.21475576
A549,4,DAC,49,2,20.55,8,0.12381233274936676,0.0024442989379167557,0.12770268321037292,0.002024294575676322,0.08460050076246262,0.7377808094024658,0.00038722692988812923,0.1400049924850464,0.02384159341454506,0.10010863840579987,0.11083956062793732,0.5800338387489319,0.950822,0.9466589,300,26420,26720,0.17052394,0.14970196783542633,-0.18971233,0.9939525723457336,0.95008147,1.3140228,3.3731024,0,0.3106929,0.7377808094024658,0.9837042689323425,0.45454463362693787,0.010861191898584366,1.3205659,3.3731024,0,0.31028423
A549,4,DAC,49,2,20.55,9,0.19507409632205963,0.006861179135739803,0.22235046327114105,0.0017556346720084548,0.2038717269897461,2.333998441696167,0.0005891507025808096,0.2645628750324249,0.1544201523065567,0.22335118055343628,0.2362678498029709,1.7000994682312012,1.5070782,1.5083616,100,14940,15040,0.90447325,0.12764982879161835,0.95472527,0.9981042742729187,0.9910975,2.1326659,3.9711359,0,0.7171579,2.333998441696167,2.7261197566986084,1.9815142154693604,0.023649128153920174,2.131318,3.9711359,0,0.7215268
A549,4,DAC,5,2,20.55,1,0.09755883365869522,0.0025178263895213604,0.11030448228120804,0.0014408673159778118,0.08400539308786392,1.4627472162246704,0.00045134624815545976,0.1384613960981369,0.01922840066254139,0.10105612128973007,0.11138509213924408,1.0615061521530151,1.4844946,1.4804294,300,30916,31216,0.95493853,0.28748035430908203,0.74891883,0.9951754212379456,0.9776481,2.0823543,4.8664737,0,0.8266777,1.4627472162246704,1.892413854598999,1.0977288484573364,0.02512829191982746,2.0883667,4.8664737,0,0.83069414
A549,4,DAC,5,2,20.55,2,0.20324891805648804,0.0056166150607168674,0.21784405410289764,0.0028404747135937214,0.11470590531826019,1.111037254333496,0.00040116882883012295,0.1719159632921219,0.0694049522280693,0.13138069212436676,0.14041787385940552,0.8656561970710754,1.6883166,1.6818247,100,12572,12672,0.99970716,0.0983380451798439,0.6483376,0.997184693813324,0.967591,2.3335843,6.285443,0,0.74530876,1.111037254333496,1.4731535911560059,0.90467369556427,0.010805723257362843,2.3433084,6.285443,0,0.739168
A549,4,DAC,5,2,20.55,3,0.32362648844718933,0.007621966768056154,0.3300226628780365,0.005661725997924805,0.20992474257946014,3.872507095336914,0.0010317311389371753,0.269487202167511,0.10877241939306259,0.2342367321252823,0.2489490658044815,2.549065589904785,3.5894885,3.584955,58,13254,13312,0.97264063,-0.031559646,0.22850624,0.9979735016822815,0.98494196,6.1555223,12.870773,0,2.4758782,3.872507095336914,4.709290027618408,3.2703194618225098,0.089250847697258,6.165513,12.870773,0,2.463414
A549,4,DAC,5,2,20.55,4,0.10267848521471024,0.0010324491886422038,0.10452800989151001,0.0008577193366363645,0.07957775890827179,1.073734998703003,0.00035805723746307194,0.13242320716381073,0.020337115973234177,0.09477731585502625,0.10254698991775513,0.8146981596946716,0.99138194,0.98802036,200,10312,10512,0.79776096,0.07064912468194962,0.743888,0.9969770312309265,0.99383116,1.3105358,2.0050728,0,0.060348336,1.073734998703003,1.3647620677947998,0.7779377698898315,0.010520420037209988,1.3151286,2.0050728,0,0.060206085
A549,4,DAC,5,2,20.55,5,0.12045177817344666,0.0010316690895706415,0.12175585329532623,0.0008840601076371968,0.10707385838031769,1.4529489278793335,0.0004204362630844116,0.1523711383342743,0.05065808445215225,0.12384779006242752,0.13396984338760376,1.0808403491973877,1.1117301,1.1113265,200,15112,15312,0.90510297,-0.204791084,0.91950333,0.9969122409820557,0.9972909,1.4877735,2.2282157,0,0.042972554,1.4529489278793335,1.8026310205459595,1.122865915298462,0.01623322069644928,1.4882345,2.2282157,0,0.043310173
A549,4,DAC,50,2,20.55,1,0.0776088759303093,0.0054984441958367825,0.14259716868400574,0.0008355974568985403,0.1379912793636322,1.101896047592163,0.0004073236195836216,0.1933586746454239,0.08876217156648636,0.15354658663272858,0.163724884390831,0.8677123188972473,0.8353953,0.8355718,100,18204,18304,0.95493615,0.19802746176719666,0.9538989,0.998062252998352,0.99607605,0.593703,1.8836066,0,0.30302212,1.101896047592163,1.328317403793335,0.9508349299430847,0.006990579888224602,0.59091127,1.8836066,0,0.30322185
A549,4,DAC,50,2,20.55,2,0.07401926815509796,0.00455792061984539,0.12835903465747833,0.000929027097299695,0.10865314304828644,1.1377441883087158,0.00042248654062859714,0.16304151713848114,0.05459519475698471,0.12488795071840286,0.1358591616153717,0.8654150366783142,0.86138976,0.86141145,200,36952,37152,0.9709099,0.0558316707611084,0.8888706,0.9913218021392822,0.9893016,0.68227124,2.751148,0,0.3695632,1.1377441883087158,1.646627426147461,0.8113296627998352,0.034888170659542084,0.6798061,2.751148,0,0.37024564
A549,4,DAC,50,2,20.55,3,0.09890617430210114,0.00521289836615324,0.14055472612380981,0.0015541051980108023,0.09963474422693253,0.9359126091003418,0.0005468276794999838,0.1557428240776062,0.0414695143699646,0.1185564249753952,0.13049514591693878,0.7319379448890686,0.97926277,0.9741145,400,18816,19216,0.9936494,-0.178889781,0.81076425,0.9911732077598572,0.97374195,0.9946962,3.411027,0,0.52871245,0.9359126091003418,1.380305290222168,0.5916724801063538,0.01972990669310093,0.99594593,3.411027,0,0.53945756
A549,4,DAC,50,2,20.55,4,0.11923594027757645,0.0011799739440903068,0.11923594027757645,0.0011799739440903068,0.0812799483537674,1.049476981163025,0.0004796901484951377,0.13095225393772125,0.024743733927607536,0.09903652220964432,0.1091766357421875,0.7936097383499146,1.1856332,1.1813548,300,27188,27488,0.3418313,-0.205466211,0.3092293,0.9906760454177856,0.9680791,1.6319809,3.983359,0.6419288,0.22303402,1.049476981163025,1.4892867803573608,0.7221338152885437,0.023502832278609276,1.6384084,3.983359,0.6419288,0.22145034
A549,4,DAC,51,2,20.55,1,0.09429741650819778,0.0037561478093266487,0.12335342913866043,0.0013293765950948,0.11427702754735947,1.5787087678909302,0.0003812013892456889,0.1567980796098709,0.06426951289176941,0.13024358451366425,0.13928617537021637,1.168200969696045,1.1916778,1.1915334,200,32328,32528,0.9156149,0.120257668197155,0.87890136,0.9960514903068542,0.9750399,1.4081922,3.430181,0,0.7353678,1.5787087678909302,1.9288865327835083,1.3030561208724976,0.019442439079284668,1.4071372,3.430181,0,0.73961586
A549,4,DAC,51,2,20.55,2,0.08941155672073364,0.0017038033111020923,0.10077914595603943,0.0007748050265945494,0.09115485101938248,1.047960877418518,0.0005268919630907476,0.15656688809394836,0.03203458711504936,0.10994156450033188,0.1208847314119339,0.7975762486457825,0.8830637,0.8817699,377,24535,24912,0.785761,-0.075039819,0.7426159,0.9492539167404175,0.9582046,1.0800673,2.3802462,0,0.28388765,1.047960877418518,1.8384766578674316,0.5085976719856262,0.13993535935878754,1.0805608,2.3802462,0,0.28608355
A549,4,DAC,51,2,20.55,3,0.09483182430267334,0.002553349593654275,0.11054716259241104,0.0012392003554850817,0.05611577257514,0.6869040131568909,0.000381189543986693,0.10904975980520248,0.005514288786798716,0.07164034992456436,0.08229280263185501,0.5411076545715332,1.0420666,1.0379144,185,22135,22320,0.9240196,-0.624863565,0.52615374,0.9786460995674133,0.9737969,1.3494064,3.2429328,0,0.41226444,0.6869040131568909,1.1028844118118286,0.40175512433052063,0.028221581131219864,1.3549435,3.2429328,0,0.41177523
A549,4,DAC,51,2,20.55,4,0.05501426383852959,0.003192945383489132,0.10081762075424194,0.0012335187057033181,0.05864378809928894,0.5817486047744751,0.000668603868689388,0.11636955291032791,0,0.07916609942913055,0.09071013331413269,0.5068373680114746,0.7591146,0.7564955,100,9532,9632,0.99320227,0.19787779450416565,0.6554373,0.9950801134109497,0.97677046,0.5441262,2.2738333,0,0.30186003,0.5817486047744751,0.8975130319595337,0,0.020541023463010788,0.5437315,2.2738333,0,0.3047963
A549,4,DAC,51,2,20.55,5,0.03231091797351837,0.0031610564328730106,0.1067928895354271,0.002493662526831031,0.018030909821391106,0.22124046087265015,0.0008656536228954792,0.11073236167430878,0,0.03606181964278221,0.06514684855937958,0.5441293120384216,1.028746,1.0248125,200,24440,24640,0.67956334,0.31419867277145386,0.31290802,0.9947072863578796,0.9629972,0.6284273,5.628048,0,1.0706272,0.22124046087265015,0.9168457984924316,0,0.10643678903579712,0.63175946,5.628048,0,1.0771495
A549,4,DAC,51,2,20.55,6,0.14684394001960754,0.0020222505554556847,0.14687536656856537,0.002018068917095661,0.06443687528371811,0.9641732573509216,0.0005742835346609354,0.17723827064037323,0.01797940954566002,0.08213018625974655,0.09661910682916641,0.7168203592300415,1.673906,1.6657174,200,23176,23376,0.9029418,0.751162052154541,0.44827494,0.988132119178772,0.94099057,2.3744066,5.107701,0,0.5829588,0.9641732573509216,1.5597116947174072,0.6627616882324219,0.03292250633239746,2.3865762,5.107701,0,0.5703951
A549,4,DAC,51,2,20.55,7,0.14300331473350525,0.0019644920248538256,0.14302211999893188,0.001962061505764723,0.10598015785217285,1.6706502437591553,0.001600446179509163,0.18442165851593018,0.010311776772141457,0.13970142602920532,0.1577496975660324,1.1844029426574707,1.375847,1.372991,227,14989,15216,0.42872483,-0.281291574,0.5417003,0.9656459093093872,0.97780454,2.087922,4.8609233,0,0.29993838,1.6706502437591553,2.6563720703125,0.8902209997177124,0.202212855219841,2.0942414,4.8609233,0,0.29874158
A549,4,DAC,51,2,20.55,8,0.08017659187316895,0.0017518054228276014,0.08657104521989822,0.0013379454612731934,0.039964381605386734,0.39783990383148193,0.0006947347428649664,0.12031929194927216,0,0.06174968555569649,0.07460901886224747,0.3432726562023163,0.7674906,0.7590333,400,19664,20064,0.6428568,0.041537195444107056,0.076719426,0.9815450310707092,0.9282549,0.9743386,2.9509234,0,0.2537871,0.39783990383148193,0.7682828903198242,0,0.010342481546103954,0.9860654,2.9509234,0,0.2518411
A549,4,DAC,52,2,20.55,1,0.14367732405662537,0.010247938334941864,0.19181007146835327,0.004448710009455681,0.08672834932804108,1.3859997987747192,0.0012367834569886327,0.18042190372943878,0,0.11481833457946777,0.13125769793987274,0.8997538685798645,1.6579134,1.6501291,448,43184,43632,0.6391061,-0.183901489,0.15353864,0.9809383749961853,0.9749214,2.6009877,7.6946845,0,2.9689348,1.3859997987747192,2.2783737182617188,0,0.13677369058132172,2.6135921,7.6946845,0,2.982843
A549,4,DAC,52,2,20.55,2,0.42784491181373596,0.013614499941468239,0.43866488337516785,0.009212462231516838,,,,,,,,,6.428208,6.428208,0,24528,24528,0.86621225,,0.116953656,,0.9654144,9.666725,18.136557,0,6.8759427,,,,,9.666725,18.136557,0,6.8759427
A549,4,DAC,52,2,20.55,3,0.2906534969806671,0.015166566707193851,0.30786994099617004,0.01076451875269413,0.19693121314048767,2.097100257873535,0.0011543245054781437,0.296683132648468,0.11894133687019348,0.22473184764385223,0.24189640581607819,1.4798511266708374,2.29289,2.281262,400,27568,27968,0.45430028,-0.08498285,0.17206144,0.9913665056228638,0.9268878,3.4384804,9.021345,0,2.694124,2.097100257873535,3.1498072147369385,1.5628979206085205,0.0811362937092781,3.4579434,9.021345,0,2.7055511
A549,4,DAC,53,2,20.55,1,0.21437615156173706,0.00595882348716259,0.21443992853164673,0.0059469230473041534,0.08897045999765396,0.5518313050270081,0.00044412826537154615,0.16603948175907135,0.019994990900158882,0.10543770343065262,0.11636081337928772,0.44892358779907227,1.1888598,1.1778594,500,33132,33632,0.03242178,0.3294978439807892,-0.499773,0.9908701777458191,0.9085504,1.6122098,3.8559384,0,0.4272242,0.5518313050270081,0.8682820796966553,0.3643585741519928,0.008270681835711002,1.6282121,3.8559384,0,0.41632208
A549,4,DAC,53,2,20.55,2,0.3345244228839874,0.06754083186388016,0.5220771431922913,0.0074909524992108345,0.33770692348480225,3.6074113845825195,0.005116298329085112,0.5053775906562805,0.14973826706409454,0.3996224105358124,0.4318848252296448,2.499896287918091,4.2214804,4.207711,167,20713,20880,0.6317214,-0.450385749,0.006539717,0.9654070734977722,0.97246826,3.8797388,10.005213,0,9.274841,3.6074113845825195,4.984830379486084,2.1372885704040527,0.6446526646614075,3.8819342,10.005213,0,9.34382
A549,4,DAC,53,2,20.55,3,0.302608460187912,0.022321024909615517,0.3559747338294983,0.007260376587510109,0.18717706203460693,1.7851194143295288,0.0007742817397229373,0.2315514236688614,0.11254771053791046,0.20975911617279053,0.22084763646125793,1.2394887208938599,2.2716773,2.2688754,84,30860,30944,0.3402091,0.011085737496614456,0.048848465,0.9953977465629578,0.9637785,3.2635734,7.5008593,0,2.7533274,1.7851194143295288,2.2694106101989746,1.350366473197937,0.045569974929094315,3.267598,7.5008593,0,2.7547321
A549,4,DAC,53,2,20.55,4,0.29416128993034363,0.01105341874063015,0.29687395691871643,0.010350030846893787,0.1575751006603241,1.2904208898544312,0.0012173487339168787,0.26367270946502686,0.052775729447603226,0.18507428467273712,0.19961348176002502,0.9916855692863464,1.987454,1.9656171,600,26760,27360,0.7513277,0.09170125424861908,0.29404843,0.987847089767456,0.91474986,2.701621,7.497639,0,1.382732,1.2904208898544312,1.9368411302566528,0.8438088893890381,0.040116943418979645,2.733262,7.497639,0,1.3671821
A549,4,DAC,53,2,20.55,5,0.4105316698551178,0.008291446603834629,0.41146403551101685,0.007926625199615955,0.26006343960762024,3.6504435539245605,0.0029726496431976557,0.37769627571105957,0.15972179174423218,0.30797597765922546,0.330778032541275,2.7936763763427734,4.554635,4.5294046,196,13484,13680,0.39143527,-0.766657591,0.25718638,0.9737280607223511,0.95472115,6.1176,14.546136,0,2.5188918,3.6504435539245605,4.951094627380371,2.467266082763672,0.5284661054611206,6.153462,14.546136,0,2.4580612
A549,4,DAC,53,2,20.55,6,0.16029059886932373,0.0027314345352351665,0.16079476475715637,0.00265895901247859,0.10310561954975128,1.3182885646820068,0.0015457917470484972,0.21301975846290588,0,0.13460078835487366,0.15320374071598053,0.897575855255127,1.2926104,1.2879037,342,28362,28704,0.93290263,-0.277237505,0.50727344,0.9889750480651855,0.98261225,2.2137506,5.108721,0,0.271618,1.3182885646820068,2.1539113521575928,0.8180181980133057,0.0697372555732727,2.2245486,5.108721,0,0.26426673
A549,4,DAC,53,2,20.55,7,0.05789149925112724,0.008197853341698647,0.17455130815505981,0.004354602191597223,0.1126597598195076,1.8118488788604736,0.0009108158992603421,0.20083607733249664,0.0437888540327549,0.13631168007850647,0.152047261595726,1.1634191274642944,1.3630102,1.3623675,100,30956,31056,0.92518544,-0.250781089,0.7553648,0.9925485849380493,0.97574264,1.003198,7.5168157,0,2.318869,1.8118488788604736,3.0328428745269775,1.3017754554748535,0.08821842074394226,1.0005858,7.5168157,0,2.3239555
A549,4,DAC,53,2,20.55,8,0.15971392393112183,0.009948134422302246,0.19457721710205078,0.005336070898920298,0.10319995880126953,2.0776920318603516,0.000914679083507508,0.17645415663719177,0.04465002939105034,0.1284811943769455,0.14308197796344757,1.4552366733551025,1.8552083,1.8533322,80,16976,17056,0.7053707,0.1270672082901001,0.7594452,0.9937880039215088,0.8804358,2.8878503,9.442279,0,2.9963374,2.0776920318603516,2.9164178371429443,1.7063202857971191,0.04778466373682022,2.891668,9.442279,0,3.0071247
A549,4,DAC,53,2,20.55,9,0.1910318285226822,0.004069219343364239,0.1923530250787735,0.0038432255387306213,0.1208055168390274,1.7470126152038574,0.0007211388438008726,0.20560286939144135,0.05565052852034569,0.14253289997577667,0.15738122165203094,1.2987043857574463,2.276338,2.254103,500,21484,21984,0.93659264,-0.21244885,0.29277784,0.9793362617492676,0.93781894,3.0679536,9.130725,0,1.3545088,1.7470126152038574,3.17996883392334,1.1608951091766357,0.14804856479167938,3.098696,9.130725,0,1.3410329
A549,4,DAC,53,2,20.55,10,0.24071849882602692,0.005831342656165361,0.24071849882602692,0.005831342656165361,0.14924459159374237,2.727165460586548,0.0011781093198806047,0.2663608193397522,0.06155429035425186,0.17648950219154358,0.1956845372915268,2.019580841064453,3.7073536,3.6480758,898,24670,25568,0.019104313,-0.479625583,-0.18530507,0.9813270568847656,0.9293032,4.81387,15.097074,1.8952317,3.1907535,2.727165460586548,4.464834690093994,1.8952317237854004,0.298566997051239,4.889827,15.097074,2.0577953,3.131761
A549,4,DAC,54,2,20.55,1,0.05701005086302757,0.0058186352252960205,0.14437340199947357,0.002122287405654788,0.12025725096464157,2.1980814933776855,0.000956847972702235,0.2172350138425827,0.03691614419221878,0.14465269446372986,0.1603710800409317,1.4377285242080688,1.1076776,1.1087234,300,94372,94672,0.95670736,-0.609556615,0.9444828,0.9803407192230225,0.9602797,1.0017802,4.9122624,0,1.6128291,2.1980814933776855,2.9850289821624756,1.2366466522216797,0.22588160634040833,0.99797726,4.9122624,0,1.6126742
A549,4,DAC,54,2,20.55,2,0.08863150328397751,0.0020296198781579733,0.09679790586233139,0.0014261354226619005,0.04223300889134407,0.298089861869812,0.0004507001431193203,0.11097470670938492,0,0.059176359325647354,0.07020986825227737,0.2533707916736603,0.6589035,0.6545354,400,36736,37136,0.3606003,0.2842104136943817,0.031758994,0.9873517155647278,0.89097816,0.8209673,2.474466,0,0.25752577,0.298089861869812,0.6062114834785461,0.19394628703594208,0.0033964943140745163,0.82666075,2.474466,0,0.25728354
A549,4,DAC,54,2,20.55,3,0.22817622125148773,0.009810289368033409,0.2543513774871826,0.004277982749044895,0.19264070689678192,2.062744617462158,0.0010041268542408943,0.27486881613731384,0.11807675659656525,0.21856626868247986,0.23295779526233673,1.3398544788360596,1.7527831,1.7505581,100,18460,18560,0.7027425,-0.089200012,-0.08671285,0.9964523911476135,0.962145,3.0496678,7.011523,0,1.6769166,2.062744617462158,2.5770833492279053,1.5989959239959717,0.050016533583402634,3.055014,7.011523,0,1.6804247
A549,4,DAC,54,2,20.55,4,0.10811692476272583,0.02200569398701191,0.2847610414028168,0.0076577793806791306,0.21665680408477783,4.3531341552734375,0.0021425867453217506,0.3834611475467682,0.06181784346699715,0.2529986798763275,0.27554020285606384,2.5106496810913086,2.175589,2.1766138,225,73343,73568,0.8415595,0.8717890977859497,0.72604096,0.9951963424682617,0.8972216,2.339986,13.054167,0,10.227701,4.3531341552734375,4.997793197631836,3.2153494358062744,0.16005302965641022,2.33381,13.054167,0,10.246115
A549,4,DAC,55,2,20.55,1,0.21504324674606323,0.01975727267563343,0.2491188943386078,0.014399116858839989,0.16451260447502136,1.9432880878448486,0.0012915136758238077,0.30582866072654724,0.08639092743396759,0.19353912770748138,0.21253804862499237,1.4126590490341187,2.0560703,2.0487866,1000,87336,88336,0.6244424,0.10149684548377991,0.36423078,0.96697998046875,0.8414803,2.5750217,8.121961,0,3.4431186,1.9432880878448486,3.919004440307617,1.0976841449737549,0.26558923721313477,2.5822551,8.121961,0,3.47488
A549,4,DAC,55,2,20.55,2,0.06581034511327744,0.010616595856845379,0.21414044499397278,0.002781894523650408,0.18623006343841553,1.449514627456665,0.0021833220962435007,0.35068565607070923,0.06198666989803314,0.22308626770973206,0.2481243908405304,0.7998633980751038,0.97506964,0.9731149,500,44316,44816,0.9677874,-0.062351521,0.63998646,0.9876160025596619,0.9730827,0.6189748,4.635755,0,0.95638514,1.449514627456665,2.74025821685791,0.854741096496582,0.1299542486667633,0.6096042,4.635755,0,0.957839
A549,4,DAC,55,2,20.55,3,0.14505635201931,0.009301682934165001,0.19127406179904938,0.003425128757953644,0.11342940479516983,1.6544325351715088,0.0004938905476592481,0.16151417791843414,0.04881380870938301,0.1316247135400772,0.1412850022315979,1.0666093826293945,1.4105008,1.4087405,200,38872,39072,0.99944353,0.5891722440719604,0.78149986,0.9971084594726562,0.9660087,2.1761084,6.7955565,0,1.9616336,1.6544325351715088,2.0711491107940674,1.320748209953308,0.022542249411344528,2.1787922,6.7955565,0,1.970203
A549,4,DAC,56,2,20.55,1,0.05759081244468689,0.005486002657562494,0.13149307668209076,0.002808170160278678,0.1599627286195755,3.051597833633423,0.0013563701650127769,0.24319329857826233,0.06936085224151611,0.18984636664390564,0.2077246457338333,1.7924154996871948,1.0730369,1.0764612,100,20908,21008,0.8052762,-0.166653678,0.84076685,0.9951037168502808,0.9436192,1.1504889,5.479997,0,1.9414691,3.051597833633423,4.253162860870361,2.230365753173828,0.15427464246749878,1.141396,5.479997,0,1.9326481
A549,4,DAC,56,2,20.55,2,0.10133898258209229,0.0010767572093755007,0.10136699676513672,0.0010742153972387314,0.05688018351793289,0.7683164477348328,0.00048360039363615215,0.13823166489601135,0,0.07364823669195175,0.08470866084098816,0.5659958720207214,1.0780797,1.0642352,587,21125,21712,0.3077087,-0.083459705,-0.045546934,0.9892221689224243,0.95996875,1.6286416,3.761769,0.51012063,0.29421112,0.7683164477348328,1.2990797758102417,0.5101206302642822,0.021047469228506088,1.6525477,3.761769,0.576232,0.28066322
A549,4,DAC,56,2,20.55,3,0.13289499282836914,0.006579650100320578,0.16688460111618042,0.0025901379995048046,0.13137224316596985,1.6918832063674927,0.0011369321728125215,0.2451297491788864,0.041161492466926575,0.15815934538841248,0.17475523054599762,1.0615789890289307,1.2338598,1.2296767,500,20092,20592,0.9899319,-0.028546385,0.7695292,0.9958192110061646,0.99052715,1.8622748,5.9386086,0,1.1287363,1.6918832063674927,2.472391366958618,1.1425280570983887,0.046069514006376266,1.8665148,5.9386086,0,1.1549385
A549,4,DAC,56,2,20.55,4,0.11599379032850266,0.0015608588000759482,0.11601533740758896,0.0015586505178362131,0.07595697045326233,1.2573636770248413,0.0007699835114181042,0.16606391966342926,0.0007465078961104155,0.09831606596708298,0.1106744334101677,0.8609926104545593,1.2311573,1.2221746,523,21029,21552,0.18550254,-0.113297492,0.20526303,0.9824079871177673,0.9696438,1.9716731,6.9493413,0.5987967,0.415325,1.2573636770248413,1.9090499877929688,0.5987967252731323,0.05954597517848015,1.9894383,6.9493413,0.70169145,0.41116786
A549,4,DAC,56,2,20.55,5,0.12350831925868988,0.0012283839751034975,0.12350831925868988,0.0012283839751034975,0.07115550339221954,1.1439870595932007,0.0005366518744267523,0.14133110642433167,0.0005261671030893922,0.08913365006446838,0.10034909099340439,0.8105211853981018,1.3816015,1.3700113,289,13951,14240,0.78849095,-0.247598439,0.11807902,0.983177125453949,0.96873194,2.1025538,4.508787,0.72380847,0.36117426,1.1439870595932007,1.8075926303863525,0.7238084673881531,0.05530035123229027,2.122411,4.508787,0.8948274,0.34808195
A549,4,DAC,56,2,20.55,6,0.1160869374871254,0.005826674401760101,0.15368138253688812,0.0019360589794814587,0.09980832785367966,0.706360399723053,0.0007239548140205443,0.16136209666728973,0.025690730661153793,0.12164922803640366,0.13536886870861053,0.5535702705383301,0.8112129,0.81050676,51,18557,18608,0.7685341,0.010214993730187416,0.4759487,0.996141791343689,0.98175347,0.933212,3.3424437,0,0.35909107,0.706360399723053,0.8907543420791626,0.5333035588264465,0.005863996688276529,0.9338354,3.3424437,0,0.35992002
A549,4,DAC,56,2,20.55,7,0.12707996368408203,0.0050952499732375145,0.15048684179782867,0.002511317143216729,0.09116682410240173,1.2257022857666016,0.0006557409069500864,0.18200364708900452,0.014900634996592999,0.11129158735275269,0.1242312416434288,0.8679366707801819,1.2016703,1.1969384,500,34764,35264,0.8867994,0.08298604190349579,0.7350203,0.9845477342605591,0.9673689,1.6895578,5.1616845,0,0.8755161,1.2257022857666016,1.993623971939087,0.7711186408996582,0.05925045162439346,1.6962293,5.1616845,0,0.8841172
A549,4,DAC,56,2,20.55,8,0.23921333253383636,0.010956990532577038,0.269943505525589,0.004069151356816292,0.21066676080226898,4.32841682434082,0.001859912765212357,0.3164970874786377,0.12901724874973297,0.2462240755558014,0.26719143986701965,2.392756700515747,2.7588117,2.7573717,74,18742,18816,0.67666334,0.18495221436023712,0.23745811,0.9978507161140442,0.9850303,5.015286,11.5482645,0,4.5011325,4.32841682434082,4.9634199142456055,3.2831430435180664,0.13086244463920593,5.0179987,11.5482645,0,4.516518
A549,4,DAC,57,2,20.55,1,0.11850454658269882,0.0019045877270400524,0.12375131249427795,0.00133961858227849,0.08232669532299042,1.0606781244277954,0.0001451382995583117,0.11839263141155243,0.05944323167204857,0.09152290970087051,0.09886711835861206,0.7552112340927124,0.9994902,0.9984982,100,24524,24624,0.996268,0.7258999347686768,0.85467863,0.9990435242652893,0.9813877,1.632151,3.230056,0,0.25381088,1.0606781244277954,1.209694743156433,0.9411745071411133,0.0023511170875281096,1.6344813,3.230056,0,0.25349912
A549,4,DAC,57,2,20.55,2,0.07401479780673981,0.004961349535733461,0.12421324849128723,0.0020909328013658524,0.07289155572652817,0.9629902243614197,0.00022844520572107285,0.11227817833423615,0.03599490597844124,0.08533638715744019,0.09281624108552933,0.6875625848770142,0.8644337,0.86296415,500,59676,60176,0.9644958,0.4918730854988098,0.82643646,0.9900566339492798,0.93169516,1.0273558,4.4267354,0,0.98413986,0.9629902243614197,1.4012904167175293,0.6745909452438354,0.024932876229286194,1.0278951,4.4267354,0,0.9921416
A549,4,DAC,57,2,20.55,3,0.10558938980102539,0.012675486505031586,0.19548887014389038,0.0058931270614266396,0.10428721457719803,1.6109635829925537,0.001059407484717667,0.1863202154636383,0.012085597030818462,0.13059906661510468,0.14584539830684662,0.9023184180259705,1.7187539,1.7128357,500,68476,68976,0.23035371,0.5650434494018555,0.1126131,0.9953390955924988,0.92437255,2.03796,10.78399,0,5.357261,1.6109635829925537,2.2360548973083496,1.0917515754699707,0.04922100901603699,2.041078,10.78399,0,5.3946786
A549,4,DAC,57,2,20.55,4,0.10524871200323105,0.008558342233300209,0.17201408743858337,0.002502809278666973,0.13060149550437927,1.5270969867706299,0.001779317855834961,0.2531045079231262,0,0.1640811562538147,0.18284036219120026,0.864278256893158,1.0210274,1.0189832,400,30272,30672,0.5554237,0.5193185806274414,0.7208792,0.9929388761520386,0.9905937,1.2104617,3.8154695,0,1.0187321,1.5270969867706299,2.3757550716400146,0,0.06304462999105453,1.2062778,3.8154695,0,1.0300177
A549,4,DAC,57,2,20.55,5,0.22516384720802307,0.007285573985427618,0.22749391198158264,0.006830889731645584,0.12845902144908905,1.9124239683151245,0.0009056443232111633,0.2143566757440567,0.04667450487613678,0.15288479626178741,0.16720615327358246,1.2806860208511353,2.169988,2.160366,600,54856,55456,0.19431053,-0.091111094,0.17520306,0.983155369758606,0.92995566,3.786653,10.486952,0,2.8692315,1.9124239683151245,2.8775486946105957,1.1291873455047607,0.12000562995672226,3.8071525,10.486952,0,2.8604603
A549,4,DAC,57,2,20.55,6,0.06466320157051086,0.0077000632882118225,0.16875338554382324,0.0025295030791312456,,,,,,,,,0.75951767,0.75951767,0,25056,25056,0.62958664,,0.8283415,,0.8734725,0.84134704,3.9752195,0,1.31526,,,,,0.84134704,3.9752195,0,1.31526
A549,4,DAC,57,2,20.55,7,0.10848286747932434,0.0007431251578964293,0.10850212723016739,0.0007411677506752312,0.09216000884771347,0.9016221165657043,0.00016102823428809643,0.13048355281352997,0.05826263502240181,0.10214599967002869,0.10817741602659225,0.6530209183692932,0.7419293,0.7411404,300,33508,33808,0.94420695,0.03282061219215393,0.8760839,0.9981574416160583,0.98893434,1.0772381,2.1118414,0,0.03884021,0.9016221165657043,1.1096768379211426,0.7050082087516785,0.003569001331925392,1.0788103,2.1118414,0,0.0388774
A549,4,DAC,57,2,20.55,8,0.02226071059703827,0.0007291425135917962,0.040041811764240265,0.000599569350015372,0.01774032600224018,0.38246697187423706,0.0003535945725161582,0.08954115957021713,0,0.03232003375887871,0.044485706835985184,0.2952653467655182,0.46034074,0.45824376,300,23316,23616,0.9827106,0.08274868875741959,0.70640874,0.9935566782951355,0.96361107,0.47659603,2.4946802,0,0.2027604,0.38246697187423706,0.5806224942207336,0.2345973253250122,0.0033165207132697105,0.4778072,2.4946802,0,0.20521109
A549,4,DAC,57,2,20.55,9,0.24184826016426086,0.004232548177242279,0.24253353476524353,0.004078337922692299,0.18912069499492645,3.365825891494751,0.0009834769880399108,0.26621195673942566,0.0815533995628357,0.21440719068050385,0.23028837144374847,2.071249485015869,2.4276907,2.4223194,400,26144,26544,0.66198045,0.2602153718471527,0.45627528,0.9960525631904602,0.97422665,4.1760654,7.217391,0,0.8067472,3.365825891494751,4.476061820983887,2.554088592529297,0.10327527672052383,4.188462,7.217391,0,0.8073123
A549,4,DAC,58,2,20.55,1,0.18023721873760223,0.0021993631962686777,0.1808512955904007,0.0020957987289875746,0.14872300624847412,2.386198043823242,0.0013246473390609026,0.26420292258262634,0.06876514852046967,0.1777675598859787,0.20079755783081055,1.7116904258728027,2.0427957,2.0367994,800,43376,44176,0.22504751,0.5546249151229858,0.6321384,0.9799718856811523,0.96696395,2.9712903,6.2305865,0,0.53716767,2.386198043823242,3.5631933212280273,1.553797721862793,0.16348132491111755,2.9820814,6.2305865,0,0.53762954
A549,4,DAC,58,2,20.55,2,0.20353639125823975,0.003671696875244379,0.20814765989780426,0.002795056439936161,0.12758268415927887,1.7532426118850708,0.00030631732079200447,0.17881055176258087,0.08546729385852814,0.14159445464611053,0.1501179188489914,1.3124809265136719,2.2083833,2.2014916,200,25800,26000,0.94108063,-0.073623829,0.71580553,0.9961659908294678,0.949475,2.9587789,6.1189747,0,0.8959579,1.7532426118850708,2.232043504714966,1.4309946298599243,0.0231124609708786,2.9681242,6.1189747,0,0.8913706
A549,4,DAC,58,2,20.55,3,0.15069209039211273,0.0031935558654367924,0.15362359583377838,0.0028053345158696175,0.08370350301265717,0.9843378663063049,0.0004872050485573709,0.15150441229343414,0.0234149731695652,0.10160592198371887,0.11205722391605377,0.6995785236358643,1.1970384,1.1877056,700,36612,37312,0.9450042,-0.491963625,0.3886265,0.9784508943557739,0.94430506,1.7662486,4.2887526,0,0.5328093,0.9843378663063049,1.5160475969314575,0.5955824851989746,0.04300392046570778,1.7811985,4.2887526,0,0.5302613
A549,4,DAC,58,2,20.55,4,0.15785160660743713,0.015129867941141129,0.23110999166965485,0.005220846273005009,0.11698304116725922,0.8507435321807861,0.0009831683710217476,0.2099960744380951,0.02940784953534603,0.14204001426696777,0.15769320726394653,0.5933600068092346,1.0507004,1.0482585,500,93148,93648,0.9368593,0.4701300263404846,0.4332882,0.9857611656188965,0.93947345,1.4798887,5.4782014,0,1.4330477,0.8507435321807861,1.399817705154419,0.5349463820457458,0.030770523473620415,1.4832659,5.4782014,0,1.4384387
A549,4,DAC,58,2,20.55,5,0.24263402819633484,0.016095556318759918,0.28575363755226135,0.006634385325014591,0.19006852805614471,1.599391222000122,0.0009366413578391075,0.32390037178993225,0.1017264798283577,0.21387307345867157,0.23014326393604279,1.0922784805297852,1.5680898,1.5645632,700,93748,94448,0.7605336,0.38839399814605713,0.49078286,0.9875391125679016,0.91890895,2.3505645,5.970309,0,1.7487696,1.599391222000122,2.7793049812316895,1.043214201927185,0.11545679718255997,2.3561733,5.970309,0,1.7567204
A549,4,DAC,58,2,20.55,6,0.03503948450088501,0.0033218965400010347,0.11099503934383392,0.0020921239629387856,0.08856175094842911,2.2004470825195312,0.0014840689254924655,0.17222106456756592,0,0.11937307566404343,0.13784413039684296,1.0965090990066528,0.88381696,0.88450813,200,61336,61536,0.8205026,0.02070259302854538,0.81861603,0.9971132278442383,0.96667,0.7885858,4.3598785,0,1.3876176,2.2004470825195312,2.9175665378570557,1.596940517425537,0.06063265725970268,0.783982,4.3598785,0,1.3854234
A549,4,DAC,58,2,20.55,7,0.1057208776473999,0.0036228946410119534,0.11685293912887573,0.0027035591192543507,0.05422227457165718,0.7282342910766602,0.0007446069503203034,0.11635388433933258,0,0.07612204551696777,0.08730851113796234,0.5210673809051514,0.9459728,0.9433628,383,61969,62352,0.8564605,-0.677498758,0.4947831,0.93855220079422,0.935882,1.3338786,4.411225,0,0.54216886,0.7282342910766602,1.1014484167099,0.28242647647857666,0.04594191163778305,1.3376218,4.411225,0,0.54295474
A549,4,DAC,59,2,20.55,1,0.04353661462664604,0.0029192662332206964,0.08868271857500076,0.0019427748629823327,0.04825891926884651,0.7807730436325073,0.0003635294851846993,0.10939860343933105,0,0.06333465874195099,0.07262584567070007,0.5503018498420715,0.7545243,0.7533374,700,119748,120448,0.8780487,0.002837724983692169,0.8044175,0.9722785353660583,0.91786736,0.7888827,5.290842,0,0.93828636,0.7807730436325073,1.3742780685424805,0.36420750617980957,0.03952687978744507,0.78892994,5.290842,0,0.94354
A549,4,DAC,59,2,20.55,2,0.09852936863899231,0.013204642571508884,0.21703627705574036,0.0033663224894553423,0.16490566730499268,1.6199111938476562,0.002118105534464121,0.27527889609336853,0,0.2007962018251419,0.22297325730323792,0.9104123115539551,1.0760293,1.074619,400,46576,46976,0.975576,0.4905279278755188,0.69069666,0.9935415387153625,0.96835893,1.0816176,4.7423806,0,1.5674204,1.6199111938476562,2.5062201023101807,0,0.09642359614372253,1.0769947,4.7423806,0,1.5775436
A549,4,DAC,59,2,20.55,3,0.18274472653865814,0.009384754113852978,0.19980667531490326,0.006851871032267809,0.08695565909147263,0.8235927224159241,0.001373953651636839,0.2561887502670288,0,0.11334973573684692,0.1348613053560257,0.5925723314285278,1.3587612,1.3481376,1192,84776,85968,0.17633699,0.13159075379371643,0.29947117,0.9711570739746094,0.8844227,2.206953,7.396934,0,1.6168209,0.8235927224159241,1.6769437789916992,0.4286317825317383,0.0473489947617054,2.2264037,7.396934,0,1.6116029
A549,4,DAC,59,2,20.55,4,0.07286538183689117,0.0011646428611129522,0.0772842988371849,0.0008937595994211733,0.05396878719329834,0.9426843523979187,0.000153657267219387,0.08349114656448364,0.02635849453508854,0.0643022283911705,0.07049112021923065,0.6664727330207825,0.8894104,0.88761246,300,36900,37200,0.72539556,-0.465573251,0.68227756,0.9819250702857971,0.94062984,1.2465543,2.8828492,0,0.31388256,0.9426843523979187,1.589584231376648,0.6111086010932922,0.04473523423075676,1.2490249,2.8828492,0,0.31531397
A549,4,DAC,59,2,20.55,5,0.2748439610004425,0.010968293063342571,0.2986602783203125,0.004805751144886017,0.21769483387470245,1.9416348934173584,0.0009118352900259197,0.33242860436439514,0.13619661331176758,0.2417820543050766,0.25809240341186523,1.3714109659194946,1.8390092,1.8312454,700,41460,42160,0.92277867,0.32889026403427124,0.6985049,0.9933210015296936,0.9693825,2.595385,6.3821783,0,0.965777,1.9416348934173584,2.9069948196411133,1.4211093187332153,0.054741427302360535,2.606423,6.3821783,0,0.97382087
A549,4,DAC,59,2,20.55,6,0.2241094410419464,0.00432936055585742,0.22790367901325226,0.003537938464432955,0.17040055990219116,1.7445859909057617,0.002067944733425975,0.28829705715179443,0.06916522234678268,0.20849817991256714,0.2299511730670929,1.247396469116211,1.5499043,1.5451607,973,61075,62048,0.85263926,0.016584858298301697,0.659726,0.9722638130187988,0.9681619,2.2276225,3.9909933,0,0.34399533,1.7445859909057617,2.6377580165863037,0.9243004322052002,0.13653258979320526,2.2353177,3.9909933,0,0.34352413
A549,4,DAC,6,2,20.55,1,0.08662189543247223,0.004786169156432152,0.11088112741708755,0.003436686936765909,0.06342528015375137,1.1783009767532349,0.0012374225771054626,0.16881437599658966,0,0.09181926399469376,0.10748697817325592,0.9136987328529358,1.4394372,1.4318688,600,41080,41680,0.37500277,-0.026594007,-0.004344225,0.9926584362983704,0.9692672,2.0941284,8.0067005,0,1.9624659,1.1783009767532349,2.013129711151123,0,0.13571108877658844,2.1075046,8.0067005,0,1.9767175
A549,4,DAC,6,2,20.55,2,0.14272157847881317,0.005289075430482626,0.15896306931972504,0.0033091658260673285,0.09529469162225723,1.8280388116836548,0.0009157303138636053,0.1659434735774994,0.007750106975436211,0.11898581683635712,0.13155962526798248,1.2438160181045532,1.7646595,1.7628471,100,28636,28736,0.96778524,-0.072897777,0.32012266,0.9975550174713135,0.98362494,2.914471,7.785854,0,1.6516743,1.8280388116836548,2.2725088596343994,1.391950249671936,0.03365491330623627,2.9182649,7.785854,0,1.6531881
A549,4,DAC,6,2,20.55,3,0.1674436330795288,0.0029176799580454826,0.1692267507314682,0.0026470001321285963,,,,,,,,,2.0124915,2.0124915,0,18032,18032,0.9444039,,0.5844479,,0.97911114,3.3333025,6.6485963,0,0.64605826,,,,,3.3333025,6.6485963,0,0.64605826
A549,4,DAC,6,2,20.55,4,0.25452375411987305,0.012376130558550358,0.28295794129371643,0.005713058635592461,0.18609103560447693,1.9865226745605469,0.0016696039820089936,0.2967401146888733,0.07481645792722702,0.21957232058048248,0.23800933361053467,1.4109724760055542,1.9895985,1.9792464,300,16468,16768,0.6886776,-0.001801036,0.33974704,0.9944438338279724,0.9800742,2.7971096,7.9061265,0,1.5198524,1.9865226745605469,2.740079879760742,1.357886791229248,0.07025989890098572,2.8118758,7.9061265,0,1.5340723
A549,4,DAC,60,2,20.55,1,0.06767439842224121,0.009269345551729202,0.1870936155319214,0.003283589845523238,0.13464196026325226,1.4949387311935425,0.002480237977579236,0.28787142038345337,0,0.17324836552143097,0.196007639169693,0.8290943503379822,1.0836542,1.0805442,1200,97024,98224,0.6745076,0.04109463095664978,0.45183775,0.9902684688568115,0.9702416,0.88173103,6.24227,0,1.6462309,1.4949387311935425,2.6191766262054443,0,0.17380042374134064,0.8741469,6.24227,0,1.6597337
A549,4,DAC,60,2,20.55,2,0.10554840415716171,0.0022889445535838604,0.1108967661857605,0.0018118151929229498,0.05040205642580986,0.5867157578468323,0.00040637238998897374,0.11296510696411133,0,0.0662664920091629,0.0763062834739685,0.42441070079803467,0.9252181,0.9168315,758,44506,45264,0.48197263,0.4818935990333557,0.35000667,0.9844213128089905,0.9334432,1.3625199,3.0037813,0,0.32511702,0.5867157578468323,0.9929561614990234,0.3214946687221527,0.013109024614095688,1.3757329,3.0037813,0,0.32000563
A549,4,DAC,60,2,20.55,3,0.14738829433918,0.002239694120362401,0.15540578961372375,0.0011155604152008891,0.10100521147251129,1.18393874168396,0.0005278565222397447,0.166301429271698,0.02997322753071785,0.11945138871669769,0.1285077929496765,0.8489903211593628,1.2210826,1.2151783,800,49616,50416,0.95743173,-0.632698178,0.7452557,0.9640397429466248,0.9728081,1.7327473,3.6273427,0,0.3462039,1.18393874168396,1.7919669151306152,0.48108118772506714,0.08798982948064804,1.7415961,3.6273427,0,0.3454326
A549,4,DAC,60,2,20.55,4,0.18433864414691925,0.0017693983390927315,0.18434244394302368,0.0017687371000647545,0.13175295293331146,2.194300889968872,0.0008595844265073538,0.21748141944408417,0.06336582452058792,0.15643632411956787,0.16942153871059418,1.500228762626648,2.130338,2.1229398,572,48148,48720,0.8355798,0.04133891314268112,0.3109477,0.9816782474517822,0.9736686,3.2548096,5.8109565,1.288504,0.5587584,2.194300889968872,3.1115636825561523,1.2885040044784546,0.16165970265865326,3.2674081,5.8109565,1.3725245,0.5499559
A549,4,DAC,60,2,20.55,5,0.10517112165689468,0.007660622242838144,0.1608486920595169,0.0027604890055954456,0.12701599299907684,2.5068249702453613,0.0016612346516922116,0.24224646389484406,0.02948623336851597,0.1601729542016983,0.1834438592195511,1.592014193534851,1.2844064,1.286456,300,44724,45024,0.76652676,0.15338492393493652,0.8801693,0.964581310749054,0.9212329,1.7919712,6.0714717,0,2.3326232,2.5068249702453613,3.9505534172058105,1.5757416486740112,0.43281614780426025,1.7871761,6.0714717,0,2.341916
A549,4,DAC,60,2,20.55,6,0.06583728641271591,0.0011154052335768938,0.07140009105205536,0.0008124643936753273,0.056508902460336685,0.8745968341827393,0.00035188510082662106,0.10762041062116623,0.007649380248039961,0.07145305722951889,0.08030667901039124,0.5872389674186707,0.7480084,0.7470456,300,49796,50096,0.8898054,0.09441373497247696,0.6275549,0.9977396130561829,0.98411477,1.1733264,2.7654538,0,0.1913392,0.8745968341827393,1.1557722091674805,0.7071561813354492,0.004946238361299038,1.1751262,2.7654538,0,0.19192128
A549,4,DAC,60,2,20.55,7,0.031146030873060226,0.0021556257270276546,0.08591517806053162,0.001240712939761579,0.06147655472159386,0.6890449523925781,0.0008140777936205268,0.14008696377277374,0,0.0841575637459755,0.09872473031282425,0.4864688813686371,0.6055768,0.60496134,200,38504,38704,0.9306997,0.7255544066429138,0.66061294,0.9900199174880981,0.9865295,0.39391714,2.484607,0,0.29652768,0.6890449523925781,1.1090593338012695,0,0.034831929951906204,0.39238414,2.484607,0,0.29743218
A549,4,DAC,61,2,20.55,1,0.15440458059310913,0.0013806315837427974,0.15440458059310913,0.0013806315837427974,0.08566801249980927,1.106292486190796,0.00021789157472085208,0.12260956317186356,0.04292679578065872,0.09752484411001205,0.10376343131065369,0.7876379489898682,1.4399807,1.4354758,200,28760,28960,0.4384063,0.8320186138153076,-0.12285885,0.9980242848396301,0.97002953,2.0661702,3.8555338,0.89841425,0.2469546,1.106292486190796,1.3079348802566528,0.8984142541885376,0.0054637957364320755,2.0728452,3.8555338,0.91725546,0.24218214
A549,4,DAC,61,2,20.55,2,0.10283451527357101,0.007765872869640589,0.15214453637599945,0.003987424075603485,0.10100747644901276,1.6574774980545044,0.001814361079595983,0.20903828740119934,0,0.13361306488513947,0.1482180953025818,1.1135882139205933,1.2275684,1.2260727,1000,75208,76208,0.764876,0.12807410955429077,0.6946611,0.9646425843238831,0.90890795,1.7249196,6.037703,0,1.9957386,1.6574774980545044,2.767648220062256,0.6755337715148926,0.1957751363515854,1.7258165,6.037703,0,2.0196106
A549,4,DAC,61,2,20.55,3,0.08857425302267075,0.0023452031891793013,0.0966043546795845,0.0017820749199017882,0.052765946835279465,1.5471440553665161,0.0005869792075827718,0.15768173336982727,0,0.07197552919387817,0.08399675041437149,0.9650756120681763,1.5347885,1.5252934,636,37524,38160,0.76322407,-0.327489048,0.38698918,0.9709387421607971,0.9607185,2.8002973,9.062752,0,1.4086981,1.5471440553665161,2.958237886428833,0.7303889393806458,0.2083989679813385,2.821537,9.062752,0,1.4019741
A549,4,DAC,61,2,20.55,4,0.26201292872428894,0.0017138512339442968,0.26201292872428894,0.0017138512339442968,0.23980720341205597,2.2055060863494873,0.0011421763338148594,0.3165641129016876,0.16343949735164642,0.26722654700279236,0.28150758147239685,1.9067065715789795,2.2151463,2.2098575,400,22928,23328,0.82352614,0.4229760468006134,0.7969117,0.983854353427887,0.98110545,2.5515735,3.6088352,1.372866,0.15701783,2.2055060863494873,2.9074177742004395,1.5537232160568237,0.10674116760492325,2.557611,3.6088352,1.372866,0.15576911
A549,4,DAC,61,2,20.55,5,0.04391339421272278,0.004097311291843653,0.12518766522407532,0.0015060199657455087,0.13861028850078583,1.562208890914917,0.0006365604931488633,0.22529856860637665,0.06777390837669373,0.15841111540794373,0.17052465677261353,1.0446975231170654,0.7839862,0.7862307,300,34548,34848,0.8730573,0.6173622608184814,0.8982726,0.9867858290672302,0.97948325,0.5132285,2.6856353,0,0.51026046,1.562208890914917,2.225959300994873,1.1561405658721924,0.06096027418971062,0.50411963,2.6856353,0,0.50452393
A549,4,DAC,61,2,20.55,6,0.123212531208992,0.002637888304889202,0.12884052097797394,0.0020332662388682365,0.07936844229698181,2.257948875427246,0.0008983873412944376,0.17759588360786438,0,0.10322321206331253,0.11788469552993774,1.3383628129959106,1.8447818,1.8375912,458,31798,32256,0.7807288,-0.555227995,0.4576174,0.9609524607658386,0.97319365,3.6175754,8.567601,0,1.4915663,2.257948875427246,4.444592475891113,0.9542492032051086,0.5478892922401428,3.6371589,8.567601,0,1.4781489
A549,4,DAC,61,2,20.55,7,0.24119071662425995,0.0014310572296380997,0.24119071662425995,0.0014310572296380997,0.16129866242408752,1.4762829542160034,0.0005975188105367124,0.23150351643562317,0.08761836588382721,0.18069373071193695,0.19152289628982544,1.156179666519165,1.8259579,1.8158562,500,32652,33152,0.7968889,0.16806098818778992,0.3093797,0.9878934025764465,0.98309165,2.2210271,3.3042061,1.016844,0.11237992,1.4762829542160034,1.9436860084533691,1.0168440341949463,0.044818215072155,2.2324317,3.3042061,1.1170628,0.104791164
A549,4,DAC,61,2,20.55,8,0.15134835243225098,0.035566993057727814,0.33907416462898254,0.016029736027121544,0.19618549942970276,1.6392831802368164,0.0013422220945358276,0.27923038601875305,0.13558420538902283,0.22961406409740448,0.24162285029888153,1.291159987449646,1.3315665,1.3314635,200,78376,78576,0.97601324,-0.726449847,0.67089677,0.9793791174888611,0.86724836,1.3808746,6.366662,0,3.0261135,1.6392831802368164,2.1723883152008057,1.167068362236023,0.0891655832529068,1.3802153,6.366662,0,3.0334375
A549,4,DAC,61,2,20.55,9,0.15389783680438995,0.008729525841772556,0.19269852340221405,0.0034535767044872046,0.12434739619493484,1.560354471206665,0.0007541014347225428,0.19854752719402313,0.047448813915252686,0.14617592096328735,0.1597275286912918,1.0261774063110352,1.3643163,1.3633444,500,173452,173952,0.9857241,0.2420957088470459,0.605254,0.9925320744514465,0.9500138,2.3053975,7.613696,0,2.144425,1.560354471206665,2.213367223739624,1.0531747341156006,0.045369360595941544,2.3075452,7.613696,0,2.1488712
A549,4,DAC,61,2,20.55,10,0.0986177995800972,0.0021528226789087057,0.11054421216249466,0.0010947808623313904,0.09615813195705414,1.1254369020462036,0.0005059464019723237,0.17218856513500214,0.026396233588457108,0.11434134840965271,0.12648575007915497,0.8097936511039734,0.7681751,0.76858616,500,50108,50608,0.77457905,-0.004670806,0.9053066,0.9896506667137146,0.9792957,1.0683713,2.5737977,0,0.21322781,1.1254369020462036,1.6672927141189575,0.7691056132316589,0.028006471693515778,1.067802,2.5737977,0,0.21504316
A549,4,DAC,61,2,20.55,11,0.2845723330974579,0.05233924090862274,0.4582303762435913,0.0047034695744514465,0.39602357149124146,3.8270130157470703,0.00331425154581666,0.5359141826629639,0.1809975802898407,0.4406626224517822,0.46109217405319214,2.4793014526367188,2.5247877,2.5241094,499,32957,33456,0.9361381,0.37645310163497925,0.76630515,0.9873849749565125,0.97602206,2.8198824,7.0549817,0,5.096275,3.8270130157470703,4.883833408355713,2.3129191398620605,0.2305040955543518,2.8046334,7.0549817,0,5.154357
A549,4,DAC,61,2,20.55,12,0.15473833680152893,0.00216715969145298,0.1557224988937378,0.002027686918154359,0.14071165025234222,1.7874699831008911,0.0008909120224416256,0.20596586167812347,0.055761776864528656,0.16441360116004944,0.17758603394031525,1.2528278827667236,1.2960112,1.2957226,296,44008,44304,0.76180774,-0.617232621,0.68319225,0.9921268820762634,0.97652465,1.9478319,3.441777,0,0.1804992,1.7874699831008911,2.3160407543182373,1.3127906322479248,0.047578468918800354,1.9489104,3.441777,0,0.18121909
A549,4,DAC,61,2,20.55,13,0.16180820763111115,0.007720163092017174,0.19077353179454803,0.003576335497200489,0.1534000039100647,4.077851295471191,0.0012173107825219631,0.2636756896972656,0.03949356824159622,0.18122005462646484,0.19632118940353394,2.4027321338653564,2.6954384,2.6919363,643,53101,53744,0.8496019,0.4192008376121521,0.81867105,0.9932661056518555,0.96597016,4.6633267,12.159936,0,5.290228,4.077851295471191,4.991157054901123,2.856844663619995,0.2126891016960144,4.670416,12.159936,0,5.3475113
A549,4,DAC,62,2,20.55,1,0.10346873104572296,0.01812061294913292,0.2663736045360565,0.003256788244470954,0.19564494490623474,2.308598518371582,0.0008537789690308273,0.2505761981010437,0.11997771263122559,0.21985015273094177,0.23288023471832275,1.3692277669906616,1.3339924,1.3340632,100,49548,49648,0.9841683,-0.309628218,0.8494453,0.9971680045127869,0.9669653,1.3677332,6.509182,0,3.1186018,2.308598518371582,3.0361058712005615,1.7945510149002075,0.04265744239091873,1.3658344,6.509182,0,3.12302
A549,4,DAC,62,2,20.55,2,0.039782240986824036,0.0025912770070135593,0.09208052605390549,0.0011821537045761943,0.04278099536895752,0.43334710597991943,0.001215904369018972,0.140789195895195,0,0.07280729711055756,0.08780363947153091,0.3778911530971527,0.4743352,0.47279403,901,55483,56384,0.75581366,-0.145932302,0.6713417,0.9725244641304016,0.9733204,0.40590104,2.0072331,0,0.2427411,0.43334710597991943,1.126524806022644,0,0.08703507483005524,0.40545535,2.0072331,0,0.24525723
A549,4,DAC,62,2,20.55,3,0.046881113201379776,0.0010432894341647625,0.05862895026803017,0.0006159618496894836,0.038176313042640686,0.8740406632423401,0.0002213333937106654,0.07233671098947525,0,0.05021420121192932,0.05676142871379852,0.5776985883712769,0.7307991,0.72992676,200,34904,35104,0.8609736,0.8294514417648315,0.81120336,0.9914171695709229,0.97146064,1.0324748,3.4589498,0,0.32964775,0.8740406632423401,1.2608615159988403,0.6135199069976807,0.02188238874077797,1.0333824,3.4589498,0,0.33126652
A549,4,DAC,62,2,20.55,4,0.09107206761837006,0.005006284452974796,0.1291457861661911,0.0021821605041623116,0.06899400055408478,0.8423069715499878,0.0012934012338519096,0.17084085941314697,0,0.09828151762485504,0.11636703461408615,0.5366964340209961,0.8285383,0.8257668,626,65294,65920,0.93146527,0.5045019388198853,0.5694032,0.9721413254737854,0.9763608,1.2707556,4.435526,0,0.8374891,0.8423069715499878,1.5209360122680664,0,0.07732637226581573,1.2748634,4.435526,0,0.84300035
A549,4,DAC,62,2,20.55,5,0.1829243004322052,0.01989409700036049,0.2614886164665222,0.00789475254714489,0.15428762137889862,1.7576793432235718,0.002917319303378463,0.34814882278442383,0.02124057151377201,0.1971973329782486,0.2293209582567215,1.1202075481414795,1.5002512,1.49701,1000,116264,117264,0.51646894,0.3254650831222534,0.5503641,0.9672128558158875,0.89468086,2.1360824,7.782571,0,2.9531667,1.7576793432235718,3.4953365325927734,1.0211181640625,0.26440075039863586,2.1393373,7.782571,0,2.9750512
A549,4,DAC,63,2,20.55,1,0.14360995590686798,0.005113021470606327,0.16085617244243622,0.0029528893064707518,0.09843617677688599,1.1809985637664795,0.00045092060463503003,0.15633878111839294,0.03625506907701492,0.11517895013093948,0.1268903911113739,0.8035464286804199,1.1841065,1.1804432,400,41152,41552,0.9488046,0.05160997807979584,0.6817716,0.9961193799972534,0.9642577,1.826153,5.3790894,0,0.7843027,1.1809985637664795,1.5412135124206543,0.8951901197433472,0.01271806564182043,1.8324243,5.3790894,0,0.7877175
A549,4,DAC,63,2,20.55,2,0.07724279910326004,0.0053915479220449924,0.12870658934116364,0.002359991893172264,0.0889817401766777,1.1984971761703491,0.0009829950286075473,0.20068855583667755,0.0009096752619370818,0.11401621997356415,0.12915848195552826,0.7099926471710205,0.8092927,0.8081363,700,59412,60112,0.9128299,-0.186481684,0.68248236,0.9883980751037598,0.965525,1.1190937,6.602389,0,1.0398883,1.1984971761703491,2.0044236183166504,0.6527432203292847,0.053758654743433,1.1181582,6.602389,0,1.0514317
A549,4,DAC,63,2,20.55,3,0.16299067437648773,0.0045068347826600075,0.1709437072277069,0.003367221914231777,0.11255420744419098,1.4643703699111938,0.0007802710169926286,0.20386072993278503,0.0430644266307354,0.13524438440799713,0.14925675094127655,0.9973187446594238,1.5308547,1.5277997,200,34728,34928,0.6081745,-0.70770514,0.544705,0.9835754632949829,0.9378043,2.3025272,5.4034047,0,0.86288196,1.4643703699111938,2.289422035217285,0.9332156181335449,0.07531831413507462,2.3073547,5.4034047,0,0.8633485
A549,4,DAC,63,2,20.55,4,0.09723783284425735,0.005909351631999016,0.14231567084789276,0.0022335455287247896,0.09330691397190094,1.2681379318237305,0.0014959871768951416,0.21452836692333221,0.016477417200803757,0.12453793734312057,0.14733891189098358,0.8003219962120056,0.92570764,0.9245098,396,41060,41456,0.9547651,-0.551790655,0.78614104,0.9096388220787048,0.96284664,1.3486918,5.1486425,0,1.0445503,1.2681379318237305,2.8460259437561035,0.5067152380943298,0.3791084289550781,1.3494687,5.1486425,0,1.050905
A549,4,DAC,63,2,20.55,5,0.18554233014583588,0.0026344035286456347,0.18555036187171936,0.0026330293621867895,0.1284952312707901,2.154243230819702,0.0008343611261807382,0.21772758662700653,0.05001213401556015,0.15157198905944824,0.1641710251569748,1.4229217767715454,1.9722489,1.9593325,1088,45184,46272,0.7782879,-0.083649695,0.38045365,0.9793356657028198,0.97006494,3.1313798,6.206312,1.0165128,0.54976046,2.154243230819702,3.1909468173980713,1.0165127515792847,0.19451217353343964,3.1549087,6.206312,1.2942065,0.53477013
A549,4,DAC,63,2,20.55,6,0.1682075709104538,0.0018222442595288157,0.1682414412498474,0.0018169124377891421,0.11690850555896759,2.2639102935791016,0.0005025484715588391,0.19035878777503967,0.04699255898594856,0.1343931257724762,0.14443984627723694,1.4898079633712769,1.9899805,1.9832476,468,34300,34768,0.6167476,0.2995120584964752,0.4236902,0.9919477701187134,0.9703614,3.176245,6.0552926,0,0.5636448,2.2639102935791016,3.138847827911377,1.630071997642517,0.0829753652215004,3.1886933,6.0552926,0,0.5586913
A549,4,DAC,63,2,20.55,7,0.10107541084289551,0.007945534773170948,0.15641294419765472,0.0036401115357875824,0.08636403828859329,0.5527817010879517,0.0007823205087333918,0.1740739494562149,0.015367110259830952,0.10863050818443298,0.12340667098760605,0.4079541862010956,0.6936237,0.6911483,400,45760,46160,0.88031507,0.1718095988035202,0.47119677,0.9944794774055481,0.94562507,0.8144665,3.732426,0,0.57521707,0.5527817010879517,0.8215276002883911,0.36820051074028015,0.00531781418249011,0.81675404,3.732426,0,0.57959485
A549,4,DAC,63,2,20.55,8,0.213428795337677,0.004544761497527361,0.21617291867733002,0.0040099890902638435,0.10054650902748108,0.8656347393989563,0.0011991852661594748,0.23820707201957703,0.037201836705207825,0.12599694728851318,0.14852042496204376,0.6297247409820557,1.3174852,1.311128,600,64312,64912,0.7903573,-0.364404559,0.44267166,0.9714942574501038,0.92791814,1.9401243,4.5035334,0,0.4658027,0.8656347393989563,2.0647835731506348,0.504025936126709,0.0776914432644844,1.9501486,4.5035334,0,0.4585519
A549,4,DAC,63,2,20.55,9,0.061795324087142944,0.009751477278769016,0.20519864559173584,0.002954761264845729,0.1367843896150589,1.1078717708587646,0.006135084200650454,0.3323585093021393,0,0.19723419845104218,0.2256370186805725,0.7672868967056274,0.7745471,0.7745059,500,87596,88096,0.5723991,-0.019680958,0.7756022,0.9063237309455872,0.9704021,0.49273294,3.7427013,0,0.627501,1.1078717708587646,2.601790189743042,0,0.5008293986320496,0.48922178,3.7427013,0,0.62605184
A549,4,DAC,63,2,20.55,10,0.07805974781513214,0.0038793834391981363,0.11262612789869308,0.0017041723476722836,0.0687573254108429,0.675473153591156,0.0014462878461927176,0.16942521929740906,0,0.09929085522890091,0.11458160728216171,0.4690358340740204,0.5587227,0.55721176,600,35016,35616,0.9552734,-0.253002346,0.74229187,0.9832574129104614,0.9794961,0.67541826,2.2665772,0,0.24601322,0.675473153591156,1.0902113914489746,0,0.028878455981612206,0.6754173,2.2665772,0,0.24973382
A549,4,DAC,7,2,20.55,1,0.05272243544459343,0.0019906489178538322,0.07258577644824982,0.0012988360831514,0.01992877386510372,0.24282564222812653,0.00044674696982838213,0.07109653949737549,0,0.03898189589381218,0.048983920365571976,0.38822224736213684,0.85645026,0.85240823,100,11484,11584,0.18474393,-0.082526378,-0.4070105,0.9962742924690247,0.9453272,0.9447125,3.726469,0,0.5380305,0.24282564222812653,0.5378556847572327,0,0.050952158868312836,0.9508243,3.726469,0,0.5379447
A549,4,DAC,7,2,20.55,2,0.05078255385160446,0.005131641868501902,0.11620746552944183,0.004140050150454044,0.020395653322339058,0.769263744354248,0.0010238930117338896,0.13821382820606232,0,0.040791306644678116,0.07017616927623749,1.1415866613388062,1.601041,1.598484,100,17868,17968,0.3398565,0.02823420986533165,-0.2553519,0.996399998664856,0.9813984,1.7418829,7.290332,0,3.8632104,0.769263744354248,2.3795125484466553,0,0.9046151041984558,1.7473263,7.290332,0,3.8744442
A549,4,DAC,7,2,20.55,3,0.283583402633667,0.018756479024887085,0.32880014181137085,0.0068798912689089775,0.23385532200336456,2.327169418334961,0.0018412783974781632,0.3613791763782501,0.1082381010055542,0.2679777443408966,0.28900012373924255,1.6348481178283691,2.1917315,2.1803942,400,19248,19648,0.5049438,0.3279714286327362,0.2018481,0.9954826831817627,0.97699744,2.9391685,7.4929276,0,2.0227435,2.327169418334961,3.595797061920166,1.6360405683517456,0.09406722337007523,2.9518864,7.4929276,0,2.054879
A549,4,DAC,7,2,20.55,4,0.10479272902011871,0.0036329003050923347,0.1133827418088913,0.0029567352030426264,0.06877051293849945,1.314679741859436,0.000999917509034276,0.16671472787857056,0,0.09426996111869812,0.10939988493919373,0.9674054980278015,1.59237,1.5823545,400,24560,24960,0.32808706,-0.334762484,-0.20533323,0.9823336601257324,0.9636834,2.593298,8.530801,0,1.7030594,1.314679741859436,2.385270118713379,0,0.10805925726890564,2.6141224,8.530801,0,1.7019765
A549,4,DAC,7,2,20.55,5,0.05461486428976059,0.0013000102480873466,0.06648330390453339,0.0007934644818305969,0.031891535967588425,0.43266963958740234,0.000621759973000735,0.12658102810382843,0,0.052569448947906494,0.06452307850122452,0.4522698223590851,0.8138899,0.80593973,700,31140,31840,0.30673853,-0.42577827,-0.01866322,0.9680546522140503,0.9659814,0.8951112,2.0490303,0,0.21812876,0.43266963958740234,1.011808156967163,0,0.07047280669212341,0.9055065,2.0490303,0,0.21653265
A549,4,DAC,8,2,20.55,1,0.24525120854377747,0.06973844021558762,0.5215296745300293,0.004212222062051296,,,,,,,,,4.3318567,4.3318567,0,24608,24608,0.68486226,,0.1671297,,0.98568004,2.8794832,9.498017,0,9.682481,,,,,2.8794832,9.498017,0,9.682481
A549,4,DAC,8,2,20.55,2,0.08343631774187088,0.01688302494585514,0.2608092427253723,0.006513269618153572,0.19842247664928436,3.828842878341675,0.0037861482705920935,0.3956705331802368,0,0.24759183824062347,0.2768157720565796,2.146759271621704,2.744466,2.7387505,485,50235,50720,0.67713535,0.28068286180496216,0.22207648,0.9917430281639099,0.95004684,1.7345085,12.865291,0,7.0753584,3.828842878341675,4.995699405670166,2.2860283851623535,0.3570770025253296,1.7142884,12.865291,0,7.0974646
A549,4,DAC,9,2,20.55,1,0.1022660955786705,0.0033896458335220814,0.12181464582681656,0.0016562904929742217,0.0778423324227333,1.013095736503601,0.0005026098806411028,0.147138312458992,0.004691362846642733,0.09523370862007141,0.10649476200342178,0.7573707699775696,1.1568817,1.1497324,400,21952,22352,0.93125063,-0.169139296,0.5862327,0.9856930375099182,0.9699759,1.4887033,4.140496,0,0.6222386,1.013095736503601,1.6496498584747314,0.6039266586303711,0.04370083287358284,1.4973698,4.140496,0,0.62858355
A549,4,DAC,9,2,20.55,2,0.10056094080209732,0.006541074253618717,0.1528978794813156,0.001943168812431395,0.10906923562288284,0.9088556170463562,0.000509349163621664,0.18547971546649933,0.05600891262292862,0.12748800218105316,0.13812416791915894,0.7160488963127136,0.9471456,0.9436791,300,19700,20000,0.9325391,-0.264233202,0.7656852,0.9932842254638672,0.9730226,0.9457373,2.9018006,0,0.5716689,0.9088556170463562,1.2984102964401245,0.5821784734725952,0.016632992774248123,0.94629896,2.9018006,0,0.58010024
A549,4,DAC,9,2,20.55,3,0.16561245918273926,0.04096771404147148,0.4025399386882782,0.0042039076797664165,,,,,,,,,5.571656,5.571656,0,23120,23120,0.9845836,,0.46335942,,0.99006116,4.341519,17.741835,0,28.082193,,,,,4.341519,17.741835,0,28.082193
A549,4,GEF,0,3,85.79,1,0.11509236693382263,0.003309026127681136,0.1278420239686966,0.002045650966465473,0.0749487578868866,0.7168161273002625,0.0007120953523553908,0.1364174783229828,0,0.09600988030433655,0.10739081352949142,0.4891762435436249,0.8369432,0.83381015,400,44000,44400,0.381196,-0.434399307,0.39569747,0.9787819385528564,0.94822156,1.4217036,4.0294886,0,0.52547526,0.7168161273002625,1.3292580842971802,0.4626154899597168,0.04146888107061386,1.4281117,4.0294886,0,0.5253174
A549,4,GEF,0,3,85.79,2,0.11440674960613251,0.004063716623932123,0.13797207176685333,0.0016493992879986763,0.10492559522390366,1.0589123964309692,0.0008100144332274795,0.1939615160226822,0.025433577597141266,0.1280987560749054,0.14150571823120117,0.6615949273109436,0.72390765,0.7231948,300,25924,26224,0.6950749,0.3383362293243408,0.72401154,0.9878082275390625,0.9815902,1.139065,3.3268032,0,0.35880256,1.0589123964309692,1.6215745210647583,0.7346494197845459,0.040840961039066315,1.1399927,3.3268032,0,0.36240688
A549,4,GEF,0,3,85.79,3,0.10743115097284317,0.007773490156978369,0.1561204195022583,0.003695152932778001,0.0656915158033371,0.5200157761573792,0.0005173917743377388,0.16561216115951538,0.009123500436544418,0.08385572582483292,0.09474203735589981,0.3798952102661133,0.7177006,0.71497136,500,61388,61888,0.99259645,-0.391180485,0.5381534,0.9843839406967163,0.92800903,1.001623,4.402627,0,0.70013535,0.5200157761573792,0.9930731058120728,0.32329297065734863,0.017148207873106003,1.0055456,4.402627,0,0.70379364
A549,4,GEF,0,3,85.79,4,0.047304630279541016,0.0007367215002886951,0.05114753916859627,0.0006000156281515956,0.02239818498492241,0.1915028691291809,0.0003235842159483582,0.07863226532936096,0,0.03642359375953674,0.047888655215501785,0.1599113643169403,0.3615168,0.35992986,200,25208,25408,0.8664731,0.7311861515045166,0.4656522,0.9673909544944763,0.95133805,0.47390234,1.5449615,0,0.037368406,0.1915028691291809,0.34702903032302856,0.1119198277592659,0.00320330704562366,0.4761429,1.5449615,0,0.037001718
A549,4,GEF,0,3,85.79,5,0.055635616183280945,0.0017700113821774721,0.07302886992692947,0.001053157146088779,0.027009248733520508,0.31302449107170105,0.0007467850809916854,0.14298363029956818,0,0.0476875975728035,0.06552644073963165,0.23757249116897583,0.45523706,0.4539299,400,66208,66608,0.98280674,-0.648617506,0.57826,0.9511107802391052,0.9356759,0.55254835,2.527627,0,0.14912336,0.31302449107170105,0.5939272046089172,0.12755118310451508,0.012816186062991619,0.55399555,2.527627,0,0.14959815
A549,4,GEF,0,3,85.79,6,0.16741496324539185,0.006350109353661537,0.16741496324539185,0.006350109353661537,0.10765041410923004,0.7947844862937927,0.0003800530394073576,0.14871524274349213,0.07201161235570908,0.12401118874549866,0.1354338526725769,0.6101396679878235,1.2191974,1.2148912,300,42132,42432,0.088246986,-0.753205836,0.059979152,0.9824315905570984,0.85805696,1.4552258,4.966746,0.56378144,0.63065195,0.7947844862937927,1.1144477128982544,0.6321223974227905,0.020739659667015076,1.4599285,4.966746,0.56378144,0.6318668
A549,4,GEF,1,3,85.79,1,0.06892480701208115,0.0065974644385278225,0.14365075528621674,0.0030157743021845818,0.084284707903862,0.5587523579597473,0.0008407685672864318,0.14968366920948029,0,0.10672255605459213,0.11952213943004608,0.39498504996299744,0.74423474,0.74323165,100,34716,34816,0.24228482,-0.271194935,0.32285246,0.9958498477935791,0.9520488,0.77525073,4.6279206,0,0.91743094,0.5587523579597473,0.8248113393783569,0,0.014706368558108807,0.77587426,4.6279206,0,0.9198957
A549,4,GEF,1,3,85.79,2,0.0623808316886425,0.0014104711590334773,0.07046245038509369,0.0010237513342872262,0.03150613233447075,0.554470956325531,0.00035890773870050907,0.10430403053760529,0,0.046354152262210846,0.05703592672944069,0.38060298562049866,0.5937225,0.59161764,506,50726,51232,0.9964716,0.5367529988288879,0.64145577,0.9800922870635986,0.95604354,0.89517295,2.5480037,0,0.176466,0.554470956325531,1.0951485633850098,0.30969876050949097,0.024883149191737175,0.89857143,2.5480037,0,0.17680864
A549,4,GEF,1,3,85.79,3,0.14528223872184753,0.0032384712249040604,0.14528223872184753,0.0032384712249040604,0.08720159530639648,1.0630966424942017,4.258345870766789e-05,0.10183782875537872,0.06863577663898468,0.09249050915241241,0.09525502473115921,0.7863432168960571,1.6532443,1.6492352,200,43048,43248,0.1123737,0.6817334294319153,0.09077956,0.9993433356285095,0.8893536,2.126302,5.619276,0.970765,1.0001421,1.0630966424942017,1.1997454166412354,0.9707649946212769,0.0014074374921619892,2.1312413,5.619276,0.98763394,0.99950594
A549,4,GEF,1,3,85.79,4,0.07006184011697769,0.003945063333958387,0.11561920493841171,0.0012430151691660285,0.11190634965896606,1.4443529844284058,6.930470408406109e-05,0.131895050406456,0.09341726452112198,0.11855220794677734,0.12214775383472443,1.074863314628601,0.77934754,0.7802167,100,33900,34000,0.99907464,0.8097080588340759,0.9689178,0.9989947080612183,0.9665302,0.9634616,3.2351313,0,0.6938354,1.4443529844284058,1.5834389925003052,1.290340542793274,0.003789203707128763,0.962043,3.2351313,0,0.6951867
A549,4,GEF,1,3,85.79,5,0.0921691507101059,0.009486084803938866,0.18005692958831787,0.002706727012991905,0.1412023901939392,1.5521942377090454,0.0007984904223121703,0.20706786215305328,0.07724059373140335,0.164314866065979,0.17709091305732727,0.8641893863677979,1.0188756,1.0178481,100,14956,15056,0.79519874,0.39610373973846436,0.5113034,0.9984268546104431,0.9739192,1.1499946,4.8091702,0,1.5409155,1.5521942377090454,1.8064261674880981,1.2879199981689453,0.013275009579956532,1.1473053,4.8091702,0,1.5500408
A549,4,GEF,1,3,85.79,6,0.11537696421146393,0.004069633781909943,0.13256829977035522,0.002396987983956933,0.06384580582380295,0.8016741871833801,0.0005053089698776603,0.12912355363368988,0,0.0823899582028389,0.09243770688772202,0.5398725867271423,0.85478055,0.8510742,493,41395,41888,0.9963367,-0.209701955,0.7165987,0.9876655340194702,0.96693385,1.386157,4.197745,0,0.51250076,0.8016741871833801,1.4750312566757202,0.4826934039592743,0.022086994722485542,1.3931179,4.197745,0,0.5142244
A549,4,GEF,1,3,85.79,7,0.21662724018096924,0.005278469063341618,0.22364820539951324,0.0038793187122792006,0.16783441603183746,2.2253682613372803,0.0002691565896384418,0.20612630248069763,0.125183567404747,0.1808224469423294,0.18896877765655518,1.5036832094192505,1.8005477,1.7977195,200,20792,20992,0.8887587,0.7161810398101807,0.7850871,0.9955215454101562,0.9732609,3.2564929,7.7338233,0,1.4767942,2.2253682613372803,2.8184502124786377,1.5747319459915161,0.046641770750284195,3.266411,7.7338233,0,1.4802254
A549,4,GEF,1,3,85.79,8,0.12290280312299728,0.0011475125793367624,0.12290280312299728,0.0011475125793367624,0.06600846350193024,0.810822606086731,0.0006195051246322691,0.1759709268808365,0.011671892367303371,0.0857248306274414,0.09996523708105087,0.5633541941642761,0.9346432,0.9272214,592,29024,29616,0.562335,-0.334932089,0.3472491,0.9589934349060059,0.96050745,1.4499712,3.0405354,0.37599516,0.14929067,0.810822606086731,1.7713972330093384,0.3759951591491699,0.06583096832036972,1.4630078,3.0405354,0.45127878,0.14249067
A549,4,GEF,1,3,85.79,9,0.05752605199813843,0.0049495757557451725,0.12872374057769775,0.001910635270178318,0.06794397532939911,0.6891440749168396,0.0028380046132951975,0.19169984757900238,0,0.11384151130914688,0.1318921148777008,0.4921623468399048,0.54981786,0.54907465,568,43496,44064,0.72265613,0.42857831716537476,0.45461643,0.9299761056900024,0.93941426,0.59263396,3.1798868,0,0.49578822,0.6891440749168396,1.7260380983352661,0,0.2762654721736908,0.5913738,3.1798868,0,0.49853164
A549,4,GEF,1,3,85.79,10,0.18549737334251404,0.006552502978593111,0.18624548614025116,0.006439600605517626,0.0754392221570015,0.6992278695106506,0.0006023364257998765,0.18431368470191956,0.005253898911178112,0.0948232039809227,0.10792408138513565,0.4757334887981415,1.0999348,1.0870111,1500,70948,72448,0.02191131,0.3892263174057007,-0.16758624,0.9871534109115601,0.902532,1.9992212,5.9551525,0,0.87821287,0.6992278695106506,1.6763761043548584,0.4134425222873688,0.023846585303544998,2.0267062,5.9551525,0,0.85979056
A549,4,GEF,1,3,85.79,11,0.08830051869153976,0.00097789301071316,0.08886118978261948,0.000934279931243509,0.05541927367448807,0.5418559312820435,0.0005553419468924403,0.13994652032852173,0,0.07455571740865707,0.08664043247699738,0.3818790316581726,0.5611751,0.5572714,804,36124,36928,0.37885535,-0.043817498,0.03599897,0.9858026504516602,0.9709117,0.86254156,1.7747985,0,0.058552496,0.5418559312820435,0.9334502816200256,0.31185099482536316,0.01301766186952591,0.8696788,1.7747985,0,0.057226148
A549,4,GEF,10,3,85.79,1,0.23177874088287354,0.00603391882032156,0.23671378195285797,0.004994200076907873,0.11002490669488907,0.8728525042533875,0.0008078553364612162,0.21767522394657135,0.02390230819582939,0.1319846659898758,0.14637815952301025,0.610344648361206,1.1938314,1.1861588,591,44353,44944,0.869297,0.7208294868469238,0.35495964,0.9919947385787964,0.96187055,1.8939738,4.3916645,0,0.4361138,0.8728525042533875,1.2723478078842163,0.5343716144561768,0.015124100260436535,1.9075799,4.3916645,0,0.4276445
A549,4,GEF,10,3,85.79,2,0.11327637732028961,0.0016960672801360488,0.11423974484205246,0.0016004375647753477,0.07019996643066406,0.4972124695777893,0.0005636888672597706,0.14860299229621887,0.014570062980055809,0.08885874599218369,0.10236316919326782,0.3648223578929901,0.5906532,0.58817077,700,62980,63680,0.2509847,0.2834174931049347,0.22928365,0.962422251701355,0.9347197,0.8798665,2.387189,0,0.12166108,0.4972124695777893,1.067908525466919,0.284513384103775,0.022999323904514313,0.88411945,2.387189,0,0.12111214
A549,4,GEF,10,3,85.79,3,0.19232545793056488,0.004009893164038658,0.1941065788269043,0.003701303619891405,0.09459102898836136,1.1211116313934326,0.0006478590075857937,0.18633787333965302,0.02867458388209343,0.11483149230480194,0.12864701449871063,0.7426429986953735,1.4003248,1.3903236,1291,83605,84896,0.65865403,0.5282899737358093,0.32165024,0.9842687249183655,0.94336075,2.4810905,7.0302544,0,0.9280112,1.1211116313934326,2.0709428787231445,0.6319611668586731,0.0577203594148159,2.5020905,7.0302544,0,0.91244876
A549,4,GEF,10,3,85.79,4,0.23161949217319489,0.008445840328931808,0.24525122344493866,0.005599710624665022,0.13285009562969208,2.2983803749084473,0.001672492129728198,0.2934892177581787,0.03779158741235733,0.16558276116847992,0.18797895312309265,1.391852855682373,2.2837489,2.2747288,867,84861,85728,0.7446191,0.08157762885093689,0.2712282,0.9688014388084412,0.9545481,4.3072143,10.77806,0,3.1379912,2.2983803749084473,4.603393077850342,1.0540181398391724,0.3976001441478729,4.3277373,10.77806,0,3.1243393
A549,4,GEF,10,3,85.79,5,0.152609720826149,0.003305219579488039,0.15353034436702728,0.0031838114373385906,0.08960176259279251,0.6853882074356079,0.0010970154544338584,0.18187078833580017,0.01020061131566763,0.1167001724243164,0.1340457797050476,0.4953906536102295,0.8154853,0.81177616,800,68240,69040,0.46663406,-0.158891082,0.3758828,0.9489042162895203,0.9186607,1.2422141,3.17584,0,0.24968165,0.6853882074356079,1.2782597541809082,0.3204519748687744,0.053720470517873764,1.2487419,3.17584,0,0.24830146
A549,4,GEF,11,3,85.79,1,0.10806281119585037,0.004567923489958048,0.13583610951900482,0.0019693125505000353,0.09900098294019699,1.6742358207702637,0.0008700450998730958,0.2019534856081009,0.014183382503688335,0.12276092171669006,0.13645058870315552,0.9333595633506775,1.1251541,1.1231928,700,67748,68448,0.8595179,0.2979806959629059,0.7107988,0.9905303120613098,0.985583,2.0019045,6.6034117,0,1.3882512,1.6742358207702637,2.913416624069214,1.0059401988983154,0.08532886952161789,2.0052903,6.6034117,0,1.4005928
A549,4,GEF,11,3,85.79,2,0.2509864866733551,0.007445220369845629,0.2509864866733551,0.007445220369845629,0.15663568675518036,2.7598416805267334,0.000824547722004354,0.2512010633945465,0.09870553761720657,0.1785198450088501,0.19910016655921936,2.0460691452026367,4.412779,4.3747916,594,36414,37008,0.079841726,-0.190688133,-0.220749,0.9654229283332825,0.89091724,5.445408,11.278063,1.7167467,4.7134585,2.7598416805267334,4.996309280395508,1.8133383989334106,0.4814794361591339,5.489216,11.278063,1.7167467,4.662924
A549,4,GEF,11,3,85.79,3,0.09115540236234665,0.014643865637481213,0.22177162766456604,0.006660031620413065,0.13590708374977112,1.6151267290115356,0.001774498843587935,0.2889178395271301,0,0.16950340569019318,0.19051413238048553,0.8294460773468018,1.4497485,1.4428093,828,73188,74016,0.31828904,0.2668575048446655,0.27974644,0.9860239624977112,0.92950374,1.4393024,8.870764,0,4.0466657,1.6151267290115356,2.791591167449951,0,0.15608428418636322,1.4373134,8.870764,0,4.090327
A549,4,GEF,11,3,85.79,4,0.42727112770080566,0.016602065414190292,0.4431820213794708,0.010168851353228092,0.3404523432254791,4.019794464111328,0.000309459661366418,0.40127676725387573,0.2907024621963501,0.35436055064201355,0.36308714747428894,3.462542772293091,4.6613727,4.657123,200,56232,56432,0.24319422,0.07191106677055359,0.49305278,0.9987446665763855,0.89966697,4.979893,10.579569,0,2.793494,4.019794464111328,4.6633195877075195,3.6078951358795166,0.03791821375489235,4.983308,10.579569,0,2.8000047
A549,4,GEF,11,3,85.79,5,0.2532458007335663,0.00848902203142643,0.25545135140419006,0.007999541237950325,0.12177109718322754,1.268630027770996,0.0009472981910221279,0.2636522650718689,0.04683198407292366,0.14578884840011597,0.1631895750761032,0.8548043370246887,1.7606598,1.7479221,1500,105172,106672,0.07735203,0.04517181217670441,0.11078083,0.979500949382782,0.8939862,2.971773,8.864773,0,1.4256097,1.268630027770996,3.0788228511810303,0.7854279279708862,0.09392444044351578,2.9960637,8.864773,0,1.4026419
A549,4,GEF,11,3,85.79,6,0.07721506804227829,0.00932660885155201,0.1797475814819336,0.003281276673078537,0.04331624507904053,0.3601717948913574,0.004679868463426828,0.2670392692089081,0,0.08671344816684723,0.15163381397724152,0.46138647198677063,0.677786,0.67412716,1071,62273,63344,0.1954261,0.007043123245239258,0.1888688,0.921736478805542,0.938684,0.70239204,4.855647,0,0.83239156,0.3601717948913574,2.2015788555145264,0,0.316069096326828,0.7082777,4.855647,0,0.83922267
A549,4,GEF,11,3,85.79,7,0.03179815039038658,0.0020456742495298386,0.0855044350028038,0.0009086420177482069,0.029259512200951576,0.21093730628490448,0.001182233914732933,0.12623117864131927,0,0.05851903185248375,0.07876601815223694,0.292949378490448,0.4197687,0.4171853,1100,52900,54000,0.8670615,0.09380555152893066,0.66985714,0.9906279444694519,0.9846212,0.22625397,1.4749833,0,0.09422255,0.21093730628490448,0.6385728120803833,0,0.04725778475403786,0.22657247,1.4749833,0,0.09519417
A549,4,GEF,12,3,85.79,1,0.2820570766925812,0.017411477863788605,0.32290351390838623,0.006743471138179302,0.20849095284938812,2.3290653228759766,0.0010799475712701678,0.3319813907146454,0.14010591804981232,0.2346469908952713,0.2511609196662903,1.5313162803649902,2.1613202,2.1566803,300,40436,40736,0.84423226,0.045826785266399384,0.6330226,0.9914819598197937,0.9582286,3.2939277,7.991164,0,2.377236,2.3290653228759766,3.1997833251953125,1.5892071723937988,0.10870562493801117,3.3010862,7.991164,0,2.387108
A549,4,GEF,12,3,85.79,2,0.049705252051353455,0.0004492846201173961,0.051088910549879074,0.00039110190118663013,0.021351249888539314,0.26525452733039856,0.00030516396509483457,0.09205642342567444,0,0.034906841814517975,0.046012938022613525,0.19567064940929413,0.42757747,0.42606762,500,76300,76800,0.99198306,0.020576797425746918,0.7158461,0.9577062129974365,0.95447946,0.61783767,1.6170819,0,0.03747055,0.26525452733039856,0.47680601477622986,0.1301746815443039,0.006060639396309853,0.6201482,1.6170819,0,0.036856398
A549,4,GEF,12,3,85.79,3,0.08162382990121841,0.005067502148449421,0.13033315539360046,0.0017431123415008187,0.10139404237270355,1.0133639574050903,0.001070310128852725,0.18397928774356842,0.022567853331565857,0.1277938336133957,0.1422249972820282,0.634727418422699,0.6592117,0.6590635,200,32856,33056,0.5975684,0.35556650161743164,0.8219307,0.9948071241378784,0.9443787,0.8378903,2.9692595,0,0.5349414,1.0133639574050903,1.345832109451294,0.700961709022522,0.013715224340558052,0.8368223,2.9692595,0,0.5379255
A549,4,GEF,13,3,85.79,1,0.1323947012424469,0.0015903395833447576,0.1327691525220871,0.0015451208455488086,0.07682789117097855,1.1943286657333374,0.0005738836480304599,0.17288227379322052,0.017821278423070908,0.09568008780479431,0.10841437429189682,0.7984709143638611,1.3037585,1.2957779,700,43620,44320,0.88183576,-0.607650757,0.5103446,0.9788711071014404,0.9763337,2.207928,4.6057167,0,0.2772308,1.1943286657333374,2.153050184249878,0.7643547058105469,0.0771339163184166,2.2241936,4.6057167,0,0.26369023
A549,4,GEF,13,3,85.79,2,0.24297316372394562,0.00785096362233162,0.2429770529270172,0.007850129157304764,0.15387964248657227,2.0728447437286377,0.0005476679652929306,0.23110541701316833,0.0787203386425972,0.17246229946613312,0.18432971835136414,1.4891849756240845,2.7104418,2.6905334,1000,60344,61344,0.013033125,0.03426423668861389,-0.1852487,0.9883192777633667,0.8990291,3.62923,12.553655,1.1082995,2.2585256,2.0728447437286377,2.918259620666504,1.3760037422180176,0.1015777736902237,3.6550221,12.553655,1.1082995,2.2534626
A549,4,GEF,13,3,85.79,3,0.28286612033843994,0.0028484223876148462,0.28286612033843994,0.0028484223876148462,0.19508711993694305,2.288487672805786,0.00046549143735319376,0.26137837767601013,0.1401236355304718,0.21276994049549103,0.2235001176595688,1.7092026472091675,2.6083488,2.593002,485,27931,28416,0.7443748,0.5539897680282593,0.4547878,0.9959548711776733,0.9809806,3.5207572,6.239238,1.7571467,0.48874688,2.288487672805786,2.9128949642181396,1.7571467161178589,0.038595423102378845,3.5421546,6.239238,1.9507389,0.46973822
A549,4,GEF,13,3,85.79,4,0.19260655343532562,0.014318356290459633,0.25230956077575684,0.0036930337082594633,0.16725951433181763,1.4767647981643677,0.0010608938755467534,0.25325798988342285,0.0755244567990303,0.1932416558265686,0.20917408168315887,0.9148834347724915,1.1857452,1.1828758,400,37360,37760,0.12087799,0.19672806560993195,0.6885552,0.9955060482025146,0.9508935,1.7424525,5.087346,0,1.1643168,1.4767647981643677,1.99812912940979,1.1253573894500732,0.031236130744218826,1.7452972,5.087346,0,1.1756846
A549,4,GEF,13,3,85.79,5,0.11251250654459,0.0025103178340941668,0.11296993494033813,0.002468846971169114,0.04699524864554405,0.3258441984653473,0.00047647481551393867,0.12482674419879913,0,0.06425675749778748,0.07478772848844528,0.2527450919151306,0.58933973,0.5852598,461,37571,38032,0.5325076,0.20373204350471497,0.13537997,0.9501388072967529,0.9176242,0.8736763,2.5055869,0,0.15721183,0.3258441984653473,0.6300480365753174,0.1444525569677353,0.008846726268529892,0.8803982,2.5055869,0,0.1553046
A549,4,GEF,13,3,85.79,6,0.20393899083137512,0.019895095378160477,0.28415778279304504,0.004925982560962439,0.2288132756948471,3.2764930725097656,0.002094871364533901,0.36766210198402405,0.10865885019302368,0.26590532064437866,0.2893291413784027,1.9513697624206543,2.0469449,2.045876,483,42701,43184,0.16407047,0.45212358236312866,0.7209859,0.9675939679145813,0.9392506,3.0177999,8.561431,0,4.372173,3.2764930725097656,4.956668853759766,1.8267685174942017,0.5131574869155884,3.0148737,8.561431,0,4.4150567
A549,4,GEF,13,3,85.79,7,0.15114480257034302,0.004719190299510956,0.16490444540977478,0.0028797811828553677,0.08941621333360672,0.7832294702529907,0.0010532769374549389,0.17925064265727997,0.001177832018584013,0.11461218446493149,0.1295182853937149,0.5680258274078369,0.8964132,0.8898392,500,24476,24976,0.97856826,-0.648779631,0.70433116,0.96660315990448,0.96260357,1.2644415,3.006004,0,0.26405716,0.7832294702529907,1.270364761352539,0.36229208111763,0.03451577574014664,1.2742718,3.006004,0,0.26391917
A549,4,GEF,14,3,85.79,1,0.03532927483320236,0.001190834678709507,0.05752149596810341,0.0006623323424719274,0.04404577240347862,0.35377833247184753,0.00031068490352481604,0.0940844863653183,0,0.05756838619709015,0.06581825762987137,0.2747800350189209,0.39045283,0.38946065,300,34676,34976,0.93546027,0.5470263957977295,0.70118725,0.9941057562828064,0.98306865,0.38830176,1.5119212,0,0.10887951,0.35377833247184753,0.5284265875816345,0,0.006823725067079067,0.38860047,1.5119212,0,0.10975202
A549,4,GEF,14,3,85.79,2,0.21949337422847748,0.007650610525161028,0.2338784784078598,0.004787645768374205,0.11832762509584427,1.1689749956130981,0.0013299499405547976,0.27979445457458496,0.03366595506668091,0.14689044654369354,0.16717277467250824,0.7373649477958679,1.2454985,1.2374393,1549,96115,97664,0.39602304,-0.092262737,0.27005693,0.9690357446670532,0.95852786,2.2984967,5.509086,0,0.7932072,1.1689749956130981,2.6295485496520996,0.5443903207778931,0.11929692327976227,2.3167005,5.509086,0,0.7831754
A549,4,GEF,14,3,85.79,3,0.18403446674346924,0.007487586699426174,0.2069898396730423,0.00367001467384398,0.12425503134727478,1.1157439947128296,0.0004619422252289951,0.19823211431503296,0.07920558005571365,0.1410420536994934,0.1519303172826767,0.7056986093521118,1.1077619,1.1067994,100,41676,41776,0.9954719,-0.153064594,0.3923868,0.9979533553123474,0.9733633,2.0090446,4.6625633,0,0.90784305,1.1157439947128296,1.361367106437683,0.9306470155715942,0.007750005926936865,2.011188,4.6625633,0,0.9080835
A549,4,GEF,14,3,85.79,4,0.055414341390132904,0.0007945536635816097,0.061432745307683945,0.0005111209466122091,0.04028179869055748,0.3226923942565918,0.00025167668354697526,0.11183536052703857,0.0015599043108522892,0.05244116112589836,0.0612548403441906,0.24288301169872284,0.39025736,0.3878799,700,42692,43392,0.6246709,-0.178900838,0.41406035,0.9646609425544739,0.9584041,0.5285248,1.3704861,0,0.06501943,0.3226923942565918,0.67076575756073,0.17514382302761078,0.011190004646778107,0.53189975,1.3704861,0,0.06519598
A549,4,GEF,14,3,85.79,5,0.14293277263641357,0.013655043207108974,0.22192850708961487,0.0036704784724861383,0.1334422528743744,1.074060082435608,0.0007990262238308787,0.24577602744102478,0.012804563157260418,0.1555216908454895,0.16753876209259033,0.6712957620620728,1.0560783,1.0540094,700,129492,130192,0.87779194,0.3018741309642792,0.5469275,0.9930465817451477,0.9747345,1.4000806,4.7592435,0,1.3538337,1.074060082435608,1.9585624933242798,0.7066548466682434,0.034973591566085815,1.4018426,4.7592435,0,1.3603853
A549,4,GEF,14,3,85.79,6,0.22906140983104706,0.009917082265019417,0.2298000603914261,0.00977932196110487,0.11783463507890701,1.7739967107772827,0.00043755711521953344,0.19521111249923706,0.05814262852072716,0.1336292326450348,0.14520111680030823,1.2432249784469604,2.5271204,2.5156572,400,44400,44800,0.096631296,0.5635074973106384,0.15400702,0.9960216879844666,0.87869203,3.7099142,9.139402,0,2.6481743,1.7739967107772827,2.405747652053833,1.4660674333572388,0.029454505071043968,3.727355,9.139402,0,2.6376982
A549,4,GEF,15,3,85.79,1,0.09942587465047836,0.004333822522312403,0.1220976710319519,0.0025538781192153692,0.051729969680309296,0.669793426990509,0.0009088676306419075,0.1548100709915161,0,0.07478915899991989,0.09321668744087219,0.45529958605766296,0.7771539,0.77124906,900,48156,49056,0.9372177,0.033348023891448975,0.5371762,0.9506803750991821,0.9457629,1.2275394,4.024022,0,0.58540565,0.669793426990509,1.6975709199905396,0.3026314973831177,0.07112337648868561,1.2379632,4.024022,0,0.5890947
A549,4,GEF,15,3,85.79,2,0.166887566447258,0.0025879591703414917,0.16706770658493042,0.0025606625713407993,0.09510549902915955,1.1756068468093872,0.0004739098367281258,0.18350958824157715,0.03725473955273628,0.1124332919716835,0.1224701851606369,0.7982509136199951,1.4149597,1.4056832,600,39288,39888,0.72417414,0.3897053003311157,0.2946274,0.9908421635627747,0.95566875,2.3858554,5.5081778,0,0.6026218,1.1756068468093872,1.7744559049606323,0.7264105081558228,0.030796531587839127,2.4043381,5.5081778,0,0.58864427
A549,4,GEF,15,3,85.79,3,0.1346827894449234,0.0034250332973897457,0.13737644255161285,0.0031234894413501024,0.05931983143091202,0.6019960641860962,0.00042777418275363743,0.12459217756986618,0.010976576246321201,0.07581309229135513,0.0865330770611763,0.429635226726532,0.85377365,0.8491875,600,54888,55488,0.7564554,-0.04418439,0.34525457,0.9751662611961365,0.9329203,1.3641722,4.4437404,0,0.37628666,0.6019960641860962,1.1176643371582031,0.3605615496635437,0.024997403845191002,1.3725039,4.4437404,0,0.37370718
A549,4,GEF,15,3,85.79,4,0.2135569453239441,0.007817599922418594,0.22665855288505554,0.005327622871845961,0.125568225979805,1.9657543897628784,0.001380641246214509,0.25516918301582336,0.024485250934958458,0.1551859825849533,0.1724148988723755,1.3061437606811523,1.9841447,1.9754434,1399,107609,109008,0.8922172,-0.147703469,0.584815,0.9778897166252136,0.9578993,3.3096628,8.342112,0,1.7439493,1.9657543897628784,3.285738945007324,1.21725594997406,0.18101716041564941,3.3271344,8.342112,0,1.7404828
A549,4,GEF,16,3,85.79,1,0.06316543370485306,0.009388777427375317,0.19928056001663208,0.002495541935786605,0.15305541455745697,1.7021515369415283,0.001461475738324225,0.2768242657184601,0.03789088502526283,0.18291574716567993,0.2030339241027832,0.9300738573074341,0.9955364,0.9949739,600,69240,69840,0.6245754,0.5303946137428284,0.7475108,0.9833926558494568,0.9702292,0.7234994,5.913155,0,1.240886,1.7021515369415283,2.7436540126800537,0.9404962658882141,0.13768982887268066,0.71501887,5.913155,0,1.2420745
A549,4,GEF,16,3,85.79,2,0.084455706179142,0.0020846445113420486,0.09217225760221481,0.0015638620825484395,0.035962775349617004,0.3494277894496918,0.0002688317617867142,0.08461253345012665,0,0.0490642711520195,0.05722193792462349,0.2547244727611542,0.61611146,0.613625,583,84153,84736,0.96485215,0.22574427723884583,0.42699447,0.91585373878479,0.88830554,0.91334,3.0549703,0,0.29997763,0.3494277894496918,0.6579652428627014,0.1489512324333191,0.018380720168352127,0.9172467,3.0549703,0,0.29971018
A549,4,GEF,16,3,85.79,3,0.05444382503628731,0.004088668152689934,0.11779578775167465,0.0013837319565936923,0.042273763567209244,0.24951492249965668,0.0016183694824576378,0.1340874433517456,0,0.07862778007984161,0.09493249654769897,0.30835482478141785,0.45655423,0.45571414,200,35080,35280,0.5941942,0.7373648881912231,0.43287787,0.9953804612159729,0.97336936,0.4071715,1.7205038,0,0.21463723,0.24951492249965668,0.7217358350753784,0,0.046170998364686966,0.4080703,1.7205038,0,0.21545516
A549,4,GEF,16,3,85.79,4,0.14345265924930573,0.002839629305526614,0.14371554553508759,0.002807051409035921,0.0811363235116005,0.8398779034614563,0.0005866865394636989,0.14403995871543884,0.022121040150523186,0.10093730688095093,0.11349375545978546,0.5436750054359436,0.8993429,0.8939212,300,19380,19680,0.31830013,0.0743556022644043,-0.31009138,0.9879190325737,0.9593858,1.5968369,4.6864614,0,0.33183992,0.8398779034614563,1.290967583656311,0.5282983779907227,0.02526862546801567,1.6085546,4.6864614,0,0.32757854
A549,4,GEF,16,3,85.79,5,0.18224957585334778,0.0047166976146399975,0.18821316957473755,0.00374860898591578,0.11533080041408539,1.339565396308899,0.0010347514180466533,0.2373373955488205,0.01226520910859108,0.14105185866355896,0.15612873435020447,0.8452914357185364,1.19941,1.1918898,878,40466,41344,0.7289235,0.016233637928962708,0.4892589,0.9884716272354126,0.96592325,2.1922755,5.9797807,0,0.7266747,1.339565396308899,2.157224655151367,0.7727910280227661,0.05131010338664055,2.2107768,5.9797807,0,0.72520953
A549,4,GEF,16,3,85.79,6,0.33925148844718933,0.019756490364670753,0.3655186593532562,0.011685035191476345,0.18432950973510742,2.7774176597595215,0.0004695527895819396,0.24760136008262634,0.1293141394853592,0.20133939385414124,0.2136211097240448,2.0279393196105957,3.8617904,3.8494968,300,44452,44752,0.9951234,-0.592585385,0.63053596,0.9917577505111694,0.9506344,5.5771227,11.833867,0,5.0239067,2.7774176597595215,3.74937105178833,2.1470696926116943,0.13080845773220062,5.5960174,11.833867,0,5.0036726
A549,4,GEF,17,3,85.79,1,0.07122328877449036,0.011000001803040504,0.21306324005126953,0.002685435814782977,0.17730140686035156,1.9223270416259766,0.0019240421243011951,0.3247535824775696,0.07443981617689133,0.21186581254005432,0.23558875918388367,0.9510159492492676,1.077532,1.0765126,300,36932,37232,0.7571484,-0.21057117,0.7418133,0.990509569644928,0.97399044,0.9045921,5.3209257,0,1.7780509,1.9223270416259766,3.067944288253784,1.156843662261963,0.13258954882621765,0.896325,5.3209257,0,1.7829347
A549,4,GEF,17,3,85.79,2,0.09558305144309998,0.004817765671759844,0.13787618279457092,0.0011182936141267419,0.0881192535161972,0.8410081267356873,0.0003851905057672411,0.16119864583015442,0.03573709726333618,0.10389647632837296,0.11254607886075974,0.5831618905067444,0.66877925,0.6677827,700,59444,60144,0.97241175,0.32630372047424316,0.8388446,0.9836568832397461,0.9529345,0.88555306,3.2197173,0,0.4804504,0.8410081267356873,1.334274172782898,0.46314454078674316,0.029279960319399834,0.8860775,3.2197173,0,0.48573962
A549,4,GEF,17,3,85.79,3,0.18639156222343445,0.0063158562406897545,0.20842956006526947,0.0024692348670214415,0.1507619321346283,1.310838222503662,0.0006490778177976608,0.2386155128479004,0.07788307219743729,0.1707860678434372,0.1835498958826065,0.8118144273757935,1.167773,1.1627672,700,49076,49776,0.86500937,0.05766371637582779,0.5226719,0.9928744435310364,0.9692473,2.0871174,5.1045294,0,0.90531456,1.310838222503662,2.033592700958252,0.857692539691925,0.03651975840330124,2.09819,5.1045294,0,0.90898865
A549,4,GEF,17,3,85.79,4,0.09432366490364075,0.0039826356805861,0.12043625861406326,0.001940287882462144,0.08092067390680313,1.0983119010925293,0.0008449973538517952,0.18670308589935303,0,0.10349539667367935,0.11801391839981079,0.6374579071998596,0.9641213,0.96182466,300,42372,42672,0.48011246,-0.49508062,0.32489735,0.9709916114807129,0.9640619,1.6811954,5.1892514,0,1.1974977,1.0983119010925293,2.0596811771392822,0.584423303604126,0.13214266300201416,1.6853223,5.1892514,0,1.202618
A549,4,GEF,17,3,85.79,5,0.11948669701814651,0.004735195077955723,0.13635003566741943,0.00310416123829782,0.0670023187994957,0.47323930263519287,0.00044437844189815223,0.1260896623134613,0.009356253780424595,0.0841398611664772,0.09451191127300262,0.3416764736175537,0.61199147,0.6088816,400,34368,34768,0.63976115,0.17369911074638367,0.11999045,0.9916955232620239,0.9479262,0.9758608,3.4454412,0,0.3292012,0.47323930263519287,0.7724581360816956,0.3201391398906708,0.006675361189991236,0.9817106,3.4454412,0,0.32998046
A549,4,GEF,17,3,85.79,6,0.24669583141803741,0.008756891824305058,0.2559018135070801,0.00672784261405468,0.13184385001659393,1.4503148794174194,0.0012882603332400322,0.23987193405628204,0.051707688719034195,0.16115790605545044,0.17738156020641327,0.9752091765403748,1.6490357,1.6428936,300,32612,32912,0.6050656,-0.827370286,0.2840489,0.9554868936538696,0.9483321,2.7902772,6.5216117,0,1.2325125,1.4503148794174194,2.6932268142700195,0.7580556869506836,0.1876240223646164,2.8026032,6.5216117,0,1.2254556
A549,4,GEF,17,3,85.79,7,0.07105037569999695,0.009414583444595337,0.18470238149166107,0.0034823347814381123,,,,,,,,,1.219135,1.219135,0,51680,51680,0.4384218,,0.85334396,,0.79087085,1.5297846,12.798861,0,5.418609,,,,,1.5297846,12.798861,0,5.418609
A549,4,GEF,17,3,85.79,8,0.3099040687084198,0.00469200499355793,0.3099040687084198,0.00469200499355793,,,,,,,,,6.888068,6.888068,0,26240,26240,0.8402286,,0.2711604,,0.9700396,8.720363,17.72895,4.0029383,3.1848452,,,,,8.720363,17.72895,4.0029383,3.1848452
A549,4,GEF,17,3,85.79,9,0.30832239985466003,0.0023268605582416058,0.30832239985466003,0.0023268605582416058,0.1879289597272873,4.683380603790283,0.00029533792985603213,0.22534942626953125,0.14553654193878174,0.20203296840190887,0.21013174951076508,3.450294017791748,5.9495006,5.94368,55,23561,23616,0.83179134,0.22843435406684875,0.74690664,0.9989581108093262,0.97912574,8.433096,16.104483,4.1963925,1.8280946,4.683380603790283,4.9997992515563965,4.19639253616333,0.04616581276059151,8.441851,16.104483,4.6449203,1.7993556
A549,4,GEF,17,3,85.79,10,0.27389881014823914,0.014619287103414536,0.30828744173049927,0.005853184498846531,0.1756533831357956,3.8009777069091797,0.000695028284098953,0.250294029712677,0.1087571308016777,0.1970963180065155,0.20942631363868713,2.256894826889038,4.2197037,4.203725,282,34358,34640,0.41162834,-0.165544629,0.2349406,0.9887619018554688,0.9621998,7.3200254,15.578698,0,11.236865,3.8009777069091797,4.996063709259033,2.7304182052612305,0.36222732067108154,7.3489094,15.578698,0,11.223646
A549,4,GEF,17,3,85.79,11,0.08721467852592468,0.0016915785381570458,0.09216941148042679,0.0013310034992173314,0.05431926250457764,0.4388273358345032,0.0004073437594342977,0.12441787123680115,0.003231459530070424,0.0702274814248085,0.08062205463647842,0.3204771876335144,0.5345156,0.5313283,700,46308,47008,0.33762014,0.3105998933315277,0.23567319,0.9837682843208313,0.93562675,0.7792477,2.3794775,0,0.15079068,0.4388273358345032,0.7080417275428772,0.2847006618976593,0.00825910922139883,0.78439355,2.3794775,0,0.15116698
A549,4,GEF,17,3,85.79,12,0.18719525635242462,0.003688784083351493,0.18726254999637604,0.0036775032058358192,0.12495546042919159,1.1661938428878784,0.0009159761248156428,0.21784628927707672,0.04422208294272423,0.14943721890449524,0.16435609757900238,0.8189614415168762,1.1872625,1.1780958,900,35260,36160,0.30521062,0.06978192925453186,0.29323307,0.9797912836074829,0.9330684,1.7038556,4.351807,0,0.3690471,1.1661938428878784,2.0312066078186035,0.7746012806892395,0.05437333136796951,1.7175792,4.351807,0,0.36951202
A549,4,GEF,18,3,85.79,1,0.13092096149921417,0.004084007814526558,0.1512153595685959,0.001648256555199623,0.10869880765676498,1.1181018352508545,0.0004949555732309818,0.17594026029109955,0.04581187292933464,0.12656746804714203,0.1375105232000351,0.737105131149292,0.8786209,0.87748116,300,36948,37248,0.994768,0.5651193857192993,0.7762178,0.9926697015762329,0.9754622,1.4024416,3.2390158,0,0.40896785,1.1181018352508545,1.5742493867874146,0.7969213724136353,0.02867802605032921,1.4047505,3.2390158,0,0.41139385
A549,4,GEF,18,3,85.79,2,0.2662632465362549,0.006778554525226355,0.2662632465362549,0.006778554525226355,0.207086443901062,2.8981051445007324,0.0007838505553081632,0.28592872619628906,0.12781274318695068,0.23062460124492645,0.24386948347091675,2.2629661560058594,3.2652547,3.2410219,800,32288,33088,0.55825245,0.07167843729257584,0.16866675,0.9830038547515869,0.93594396,4.0132766,8.692545,1.7525287,1.5999732,2.8981051445007324,4.202605247497559,2.1042351722717285,0.2193790078163147,4.0409074,8.692545,1.7525287,1.6026038
A549,4,GEF,18,3,85.79,3,0.07136952131986618,0.0050491876900196075,0.13317829370498657,0.001190392766147852,0.12451871484518051,1.3592699766159058,0.0006197404582053423,0.18537092208862305,0.04810060188174248,0.14462773501873016,0.15475958585739136,0.9419655203819275,0.58384025,0.5858937,300,52020,52320,0.9598146,0.6756943464279175,0.85415584,0.9682825207710266,0.92320967,0.6793411,2.9053302,0,0.46191418,1.3592699766159058,2.2513649463653564,0.7230091094970703,0.13917884230613708,0.6754199,2.9053302,0,0.46109384
A549,4,GEF,18,3,85.79,4,0.12546055018901825,0.001684871967881918,0.12994492053985596,0.0011623735772445798,0.0782470628619194,0.8483349084854126,0.00043915558489970863,0.13754504919052124,0.026016879826784134,0.09553094953298569,0.10402777791023254,0.6122414469718933,0.93482393,0.932913,189,31715,31904,0.9982019,-0.375509143,0.8019031,0.9754367470741272,0.9653387,1.3353561,2.949779,0,0.22704345,0.8483349084854126,1.4244489669799805,0.5370214581489563,0.03595186024904251,1.3382585,2.949779,0,0.22676031
A549,4,GEF,18,3,85.79,5,0.0814591571688652,0.012828795239329338,0.2182823270559311,0.004510649014264345,0.14814120531082153,1.1478466987609863,0.0007265642052516341,0.22319771349430084,0.08370386809110641,0.16963361203670502,0.18363358080387115,0.767307460308075,0.60910344,0.6095826,300,98740,99040,0.68286747,0.16241225600242615,0.67879564,0.9907775521278381,0.8448128,0.68061304,5.0188107,0,1.0358278,1.1478466987609863,1.8264260292053223,0.7759051322937012,0.035469476133584976,0.6791934,5.0188107,0,1.0382019
A549,4,GEF,19,3,85.79,1,0.14084549248218536,0.020117804408073425,0.24619844555854797,0.009228269569575787,0.09640398621559143,1.0168797969818115,0.003726613475009799,0.2322627454996109,0,0.14459183812141418,0.163265660405159,0.8910343647003174,1.841205,1.8343515,600,82584,83184,0.050398346,-0.69301033,0.03374129,0.9773200750350952,0.91878086,2.0196402,8.755043,0,4.2540293,1.0168797969818115,2.331716537475586,0,0.4072049856185913,2.0269253,8.755043,0,4.274619
A549,4,GEF,19,3,85.79,2,0.19722437858581543,0.00395639892667532,0.1976560652256012,0.003879732917994261,0.09300598502159119,1.8499901294708252,0.0005945407319813967,0.16088572144508362,0.028179127722978592,0.1131448969244957,0.12381099164485931,1.3243813514709473,2.7521205,2.7434585,500,81916,82416,0.70231944,-0.83605206,0.32883543,0.9681810736656189,0.9450176,4.3706203,10.38982,0,1.6807475,1.8499901294708252,3.0831046104431152,0.8299446702003479,0.21528255939483643,4.386006,10.38982,0,1.6506746
A549,4,GEF,19,3,85.79,3,0.16517840325832367,0.00575938168913126,0.1652136892080307,0.005754782352596521,0.07206305861473083,0.49965789914131165,0.00021341443061828613,0.1224866509437561,0.03918323293328285,0.08370114862918854,0.09161613881587982,0.4177970886230469,1.2366419,1.23227,300,55892,56192,0.03715958,0.21572820842266083,-0.07473039,0.9932764172554016,0.8672869,1.7162036,4.732403,0,0.69908243,0.49965789914131165,0.713887631893158,0.36575767397880554,0.004025970119982958,1.7227333,4.732403,0,0.6948268
A549,4,GEF,19,3,85.79,4,0.12729249894618988,0.0017508165910840034,0.12729249894618988,0.0017508165910840034,0.06782029569149017,0.6843858957290649,0.0003305452992208302,0.11571446061134338,0.023190679028630257,0.08269630372524261,0.09111291915178299,0.5199331641197205,1.1359559,1.1315137,300,41300,41600,0.9431451,-0.420161635,0.38680226,0.9652069211006165,0.9311644,1.4522984,3.4909537,0.40318716,0.24536844,0.6843858957290649,1.0469050407409668,0.4031871557235718,0.029468612745404243,1.4578763,3.4909537,0.44347146,0.24262215
A549,4,GEF,19,3,85.79,5,0.1800074726343155,0.005116694141179323,0.1800074726343155,0.005116694141179323,0.09507537633180618,0.9572299122810364,0.0003033452667295933,0.1438273936510086,0.04076084867119789,0.10935236513614655,0.11741717159748077,0.7402606010437012,1.4944144,1.4822348,600,36552,37152,0.15471746,0.13595452904701233,-0.16603433,0.9912781715393066,0.9161657,2.0337312,4.889946,0.63733345,0.79621893,0.9572299122810364,1.471721887588501,0.6373334527015686,0.019746916368603706,2.0514016,4.889946,0.6658306,0.7896298
A549,4,GEF,19,3,85.79,6,0.1702309250831604,0.00562506215646863,0.18420681357383728,0.003512423485517502,0.05840468779206276,0.5913776159286499,0.00028696353547275066,0.11449458450078964,0.031049946323037148,0.07191751152276993,0.0814492329955101,0.45695292949676514,1.5009671,1.4984701,100,41708,41808,0.97128135,0.07310530543327332,0.5118714,0.997040867805481,0.9191033,1.9543991,4.542344,0,0.7295547,0.5913776159286499,0.7506799101829529,0.521273672580719,0.0022236951626837254,1.957667,4.542344,0,0.72683346
A549,4,GEF,19,3,85.79,7,0.022551923990249634,0.0008283272036351264,0.04871739447116852,0.0005146656185388565,0.005441232118755579,0.10356922447681427,0.00017238716827705503,0.07102363556623459,0,0.010894142091274261,0.021788284182548523,0.3513232469558716,0.6585449,0.65373033,933,58603,59536,0.3308116,-0.024183422,0.0601985,0.9842182993888855,0.96249086,0.47501102,2.3024063,0,0.29437527,0.10356922447681427,0.6013711094856262,0,0.03544732928276062,0.4809246,2.3024063,0,0.29626596
A549,4,GEF,19,3,85.79,8,0.5114198327064514,0.031811587512493134,0.5600250363349915,0.007614846341311932,,,,,,,,,7.9788604,7.9788604,0,45984,45984,0.4104133,,0.41334856,,0.9501692,8.639885,21.752033,0,9.931105,,,,,8.639885,21.752033,0,9.931105
A549,4,GEF,19,3,85.79,9,0.26500773429870605,0.008525766432285309,0.26594018936157227,0.00830779317766428,0.13207878172397614,1.9806952476501465,0.0018639981281012297,0.24378721415996552,0.05661119893193245,0.16861853003501892,0.19123826920986176,1.3837428092956543,2.577032,2.5706928,200,37448,37648,0.01131727,-0.179651454,0.06859642,0.9616064429283142,0.93196875,4.1900754,11.292527,0,2.1028035,1.9806952476501465,3.5223405361175537,1.0799823999404907,0.44954004883766174,4.2018747,11.292527,0,2.0854237
A549,4,GEF,2,3,85.79,1,0.19999311864376068,0.0024145622737705708,0.20201636850833893,0.0020302606280893087,0.17166583240032196,2.4078235626220703,0.001311947125941515,0.2943098545074463,0.0784207284450531,0.19992466270923615,0.22056588530540466,1.4320719242095947,1.5886766,1.5864764,700,49124,49824,0.5456567,-0.671119034,0.5296423,0.9677445888519287,0.963073,3.010011,6.041246,0,0.6400552,2.4078235626220703,4.203202247619629,1.2770954370498657,0.4128905236721039,3.0185924,6.041246,0,0.6380512
A549,4,GEF,2,3,85.79,2,0.15779581665992737,0.01056212279945612,0.19441428780555725,0.005894039291888475,0.11998016387224197,1.3763447999954224,0.00023449798754882067,0.172444686293602,0.07943718880414963,0.13193032145500183,0.1399855613708496,0.9820113778114319,1.4962053,1.4922191,500,63996,64496,0.90135133,0.6531065702438354,0.5651438,0.988184928894043,0.8568686,1.9973702,6.8990183,0,2.5420947,1.3763447999954224,2.1258578300476074,0.9215173125267029,0.04123988747596741,2.0022223,6.8990183,0,2.558597
A549,4,GEF,2,3,85.79,3,0.12126319110393524,0.0024475979153066874,0.12127649784088135,0.002446250757202506,0.07486426085233688,0.5947139263153076,0.0003526372602209449,0.1324181854724884,0.004677634220570326,0.08968435972929001,0.09862691909074783,0.41796496510505676,0.71578187,0.7070584,800,26512,27312,0.09181129,0.22565950453281403,-0.020768903,0.986668050289154,0.90562457,1.08842,4.205077,0,0.35216853,0.5947139263153076,0.9535053372383118,0.38426268100738525,0.011428424157202244,1.1033176,4.205077,0,0.35487342
A549,4,GEF,2,3,85.79,4,0.0755513533949852,0.013273787684738636,0.22621595859527588,0.00566165940836072,0.2312248945236206,2.0168380737304688,0.0011616874253377318,0.29369089007377625,0.1500280350446701,0.2590245306491852,0.270166277885437,1.2026715278625488,0.63251895,0.635865,100,16940,17040,0.59307456,0.3104100227355957,0.8008053,0.9832486510276794,0.7607048,0.7422905,4.778329,0,1.4618424,2.0168380737304688,2.862410068511963,1.3833670616149902,0.12769098579883575,0.73476654,4.778329,0,1.4600722
A549,4,GEF,2,3,85.79,5,0.09376180917024612,0.003200178500264883,0.10279932618141174,0.0025795861147344112,0.04727983847260475,0.486386239528656,0.00036446619196794927,0.10951536148786545,0,0.061932340264320374,0.07067136466503143,0.3402533233165741,0.7274007,0.72200304,700,49508,50208,0.19491218,0.33218780159950256,0.19968918,0.9777349829673767,0.91084623,1.2381155,4.094514,0,0.6134942,0.486386239528656,0.9162324666976929,0.23387624323368073,0.01589546725153923,1.2487444,4.094514,0,0.61384076
A549,4,GEF,2,3,85.79,6,0.047807205468416214,0.0004424337821546942,0.048254288733005524,0.0004249976191204041,0.02042464166879654,0.20458827912807465,0.00017897624638862908,0.05674246326088905,0,0.03160287067294121,0.03789125382900238,0.15319406986236572,0.3743744,0.3726078,200,24840,25040,0.15423441,-0.000708304,0.09528153,0.9963365793228149,0.9204285,0.5446989,1.3500081,0.15985994,0.056759853,0.20458827912807465,0.2735433578491211,0.15985994040966034,0.0004222636634949595,0.54743725,1.3500081,0.18199484,0.056274604
A549,4,GEF,20,3,85.79,1,0.11131835728883743,0.017756711691617966,0.2557295262813568,0.003861956764012575,0.14942866563796997,1.3082770109176636,0.000311212643282488,0.20568855106830597,0.10969839245080948,0.16293062269687653,0.17200465500354767,1.0047616958618164,1.0971699,1.0969642,100,44844,44944,0.5595214,0.030664853751659393,0.70103496,0.9976334571838379,0.9111163,0.9983403,4.948623,0,1.4177812,1.3082770109176636,1.5527766942977905,1.121860146522522,0.008607989177107811,0.99764913,4.948623,0,1.4207094
A549,4,GEF,20,3,85.79,2,0.060978781431913376,0.008945963345468044,0.1933658868074417,0.0027688192203640938,0.16334103047847748,1.771977186203003,0.0019213358173146844,0.29664620757102966,0,0.19748187065124512,0.21848902106285095,1.1182602643966675,1.1260524,1.1259598,600,49848,50448,0.7165152,0.19569921493530273,0.70330137,0.9942631125450134,0.98387736,0.6725491,4.2516828,0,1.0366886,1.771977186203003,2.7766029834747314,0,0.08668674528598785,0.6593158,4.2516828,0,1.0333992
A549,4,GEF,21,3,85.79,1,0.055036209523677826,0.006105063483119011,0.1436339020729065,0.0032074074260890484,0.06486260890960693,1.021683931350708,0.001995111582800746,0.17528395354747772,0,0.1017867773771286,0.11741500347852707,0.8101189136505127,1.2653191,1.2615776,500,60332,60832,0.14742358,0.8900381326675415,0.6988172,0.975869357585907,0.98278993,0.88219696,4.7451653,0,1.3822147,1.021683931350708,2.1093831062316895,0,0.3666113317012787,0.88104093,4.7451653,0,1.3904688
A549,4,GEF,21,3,85.79,2,0.19317050278186798,0.0072435420006513596,0.20280061662197113,0.005651663523167372,0.24892015755176544,2.368168830871582,0.0008832077728584409,0.3348609507083893,0.185829296708107,0.2716715335845947,0.2880922257900238,1.9140782356262207,1.4343065,1.435753,100,33068,33168,0.3898033,-0.168680176,0.81181294,0.9887968301773071,0.9110548,2.0807247,5.3202133,0,0.71680146,2.368168830871582,3.1346826553344727,1.877034068107605,0.10028569400310516,2.0798557,5.3202133,0,0.71841514
A549,4,GEF,21,3,85.79,3,0.33279067277908325,0.010290665552020073,0.3468744456768036,0.005840868689119816,0.17435888946056366,1.6484867334365845,0.00012176710879430175,0.20464439690113068,0.15179401636123657,0.18298685550689697,0.18943661451339722,1.3141893148422241,2.7801332,2.7774265,100,54060,54160,0.9549215,-0.119710043,0.6995139,0.9981527924537659,0.94942635,3.4901116,9.302229,0,1.1603404,1.6484867334365845,1.8632737398147583,1.4225751161575317,0.010445499792695045,3.4935186,9.302229,0,1.1561822
A549,4,GEF,21,3,85.79,4,0.10136913508176804,0.0015145211946219206,0.10183259844779968,0.0014742498751729727,0.043882351368665695,0.6491408348083496,0.0004000524349976331,0.12419325113296509,0,0.05913494899868965,0.07140553742647171,0.4837675392627716,1.16087,1.1533766,800,71488,72288,0.87760293,0.135041281580925,0.24106073,0.9701440930366516,0.92189795,1.7469287,5.9438233,0,0.44257048,0.6491408348083496,1.2467520236968994,0.34245428442955017,0.031279806047677994,1.7592137,5.9438233,0,0.43353584
A549,4,GEF,21,3,85.79,5,0.07773352414369583,0.004365001805126667,0.11891911178827286,0.0017799573251977563,0.05459539219737053,0.581663966178894,0.0015887502813711762,0.15362480282783508,0,0.08817511051893234,0.10410644859075546,0.55702143907547,0.8803485,0.87562716,571,38533,39104,0.668473,-0.235281751,0.4095361,0.9858015179634094,0.9760844,0.8988689,3.5141692,0,0.5636208,0.581663966178894,1.2030961513519287,0,0.1203579306602478,0.90356934,3.5141692,0,0.5686762
A549,4,GEF,22,3,85.79,1,0.0910683199763298,0.0187880527228117,0.26929911971092224,0.0075609576888382435,0.18058834969997406,2.6681747436523438,0.0009655446629039943,0.2954207956790924,0.10358965396881104,0.20523831248283386,0.22031979262828827,1.6800543069839478,1.5800947,1.5805856,300,60788,61088,0.6707577,-0.078653991,0.43057084,0.9945831298828125,0.87466156,1.3815153,9.218619,0,4.2441397,2.6681747436523438,3.6308140754699707,1.7650659084320068,0.12048814445734024,1.3751656,9.218619,0,4.256281
A549,4,GEF,22,3,85.79,2,0.07513516396284103,0.00794085394591093,0.15063387155532837,0.004547469317913055,0.04531789943575859,0.5696033835411072,0.0010412425035610795,0.12642458081245422,0,0.0715746134519577,0.08445099741220474,0.6160334348678589,1.3935537,1.388115,400,56784,57184,0.1080228,0.1280391961336136,0.09875746,0.9948641061782837,0.9170368,1.4279642,7.931133,0,2.8803768,0.5696033835411072,1.201326608657837,0,0.12785769999027252,1.4340106,7.931133,0,2.8945398
A549,4,GEF,22,3,85.79,3,0.24448619782924652,0.00585045013576746,0.25282731652259827,0.003941192291676998,0.16514715552330017,2.1438252925872803,0.0004984706174582243,0.23142074048519135,0.1034899428486824,0.1827259361743927,0.19346192479133606,1.5481756925582886,2.356672,2.3472867,500,42572,43072,0.955962,0.6212558746337891,0.532724,0.996679961681366,0.9775662,3.417399,9.434389,0,1.1002464,2.1438252925872803,2.7245829105377197,1.7292836904525757,0.038538698107004166,3.4323568,9.434389,0,1.0934422
A549,4,GEF,22,3,85.79,4,0.07904444634914398,0.004912370350211859,0.1296418011188507,0.0014973098877817392,0.07253443449735641,1.1761846542358398,0.0005724332295358181,0.1419924646615982,0.008482515811920166,0.09170825779438019,0.10364997386932373,0.8696756958961487,1.246239,1.2425306,900,90492,91392,0.9983444,-0.234534279,0.8348427,0.9804854393005371,0.9612491,1.2657192,4.658172,0,1.2223771,1.1761846542358398,2.029428720474243,0.671466052532196,0.06534554064273834,1.2666094,4.658172,0,1.233804
A549,4,GEF,22,3,85.79,5,0.11913158744573593,0.029944347217679024,0.3139335811138153,0.017753956839442253,,,,,,,,,2.7457042,2.7457042,0,134368,134368,0.90632904,,0.78382444,,0.77845913,2.6216304,16.07106,0,15.071717,,,,,2.6216304,16.07106,0,15.071717
A549,4,GEF,22,3,85.79,6,0.07291238009929657,0.0009722613031044602,0.07394280284643173,0.0009098098380491138,0.03967990726232529,0.5925664901733398,0.0006805490120314062,0.13634684681892395,0,0.06049138680100441,0.07478447258472443,0.48777762055397034,0.8947471,0.88691545,783,39905,40688,0.05688807,0.46849673986434937,-0.04813335,0.992733895778656,0.94553286,1.2541274,3.600111,0,0.32236677,0.5925664901733398,0.8999874591827393,0,0.00856085866689682,1.2671082,3.600111,0,0.31976798
A549,4,GEF,23,3,85.79,1,0.1476329118013382,0.004720946773886681,0.15180103480815887,0.0042215087451040745,0.10182218998670578,1.4787229299545288,0.0019482759525999427,0.2077879011631012,0.03770753741264343,0.13723918795585632,0.1674092411994934,1.1030369997024536,1.4608133,1.4573784,300,30948,31248,0.25163844,0.3028857707977295,0.016111232,0.9105160236358643,0.9216733,2.0807605,5.5743446,0,0.9307252,1.4787229299545288,2.9594480991363525,0.748668372631073,0.5268355011940002,2.0865963,5.5743446,0,0.9310929
A549,4,GEF,23,3,85.79,2,0.3475242853164673,0.010255208238959312,0.35018566250801086,0.009401771239936352,0.18837286531925201,2.876729726791382,0.001597265130840242,0.2975810468196869,0.09958554804325104,0.22099533677101135,0.24501830339431763,2.0824291706085205,4.2740097,4.2499585,400,36048,36448,0.16328646,0.3947073221206665,-0.16256678,0.9760652780532837,0.9410573,5.915447,13.435836,0,4.0648584,2.876729726791382,4.489405155181885,1.7631415128707886,0.43930894136428833,5.9491663,13.435836,0,4.0014906
A549,4,GEF,23,3,85.79,3,0.2101029008626938,0.0019173923647031188,0.2105623483657837,0.0018248450942337513,0.14356626570224762,1.1083393096923828,0.0007406944641843438,0.2086133062839508,0.08383297175168991,0.1664961725473404,0.17920120060443878,0.8896628618240356,1.2153234,1.2117102,300,26740,27040,0.35737038,0.589495062828064,0.48235992,0.9765903353691101,0.9842973,1.5855473,3.4717338,0,0.12677544,1.1083393096923828,1.5755809545516968,0.7011639475822449,0.06550440192222595,1.5909011,3.4717338,0,0.12487928
A549,4,GEF,23,3,85.79,4,0.095675989985466,0.0006255367188714445,0.09584420174360275,0.0006105132633820176,0.044222623109817505,0.2699328064918518,0.00023502603289671242,0.08034619688987732,0.014691909775137901,0.05711693316698074,0.06469201296567917,0.21992425620555878,0.48604694,0.48503152,100,26108,26208,0.03940806,-0.045575641,0.24257506,0.9970464706420898,0.948304,0.5867373,1.2620071,0,0.02671611,0.2699328064918518,0.33754396438598633,0.22408677637577057,0.0005895455833524466,0.58795065,1.2620071,0,0.026430286
A549,4,GEF,23,3,85.79,5,0.2539823651313782,0.00420638220384717,0.25604236125946045,0.0037130534183233976,0.15965214371681213,1.3572113513946533,0.0006675452459603548,0.22813700139522552,0.09933408349752426,0.18076206743717194,0.1933899074792862,1.070959210395813,1.737671,1.7245879,400,19984,20384,0.9074413,0.23370996117591858,0.11112276,0.9898925423622131,0.9671562,2.18266,4.6382675,0,0.40648144,1.3572113513946533,1.9852080345153809,0.986067533493042,0.039553865790367126,2.1991825,4.6382675,0,0.39991465
A549,4,GEF,23,3,85.79,6,0.15244965255260468,0.0012003835290670395,0.15305039286613464,0.0011131699429824948,0.1036451980471611,0.6771965026855469,0.0007363546174019575,0.18853867053985596,0.043292127549648285,0.12356923520565033,0.13791131973266602,0.5397678017616272,0.8771416,0.87349993,286,26210,26496,0.98671746,0.38836726546287537,0.511154,0.930499792098999,0.95603764,1.0613339,2.242929,0,0.085872754,0.6771965026855469,1.1772656440734863,0.3321247398853302,0.047262463718652725,1.0655257,2.242929,0,0.08466632
A549,4,GEF,23,3,85.79,7,0.13334958255290985,0.0016770847141742706,0.13430814445018768,0.0015603987267240882,0.0543602854013443,0.9390703439712524,0.0008016768842935562,0.15599334239959717,0,0.07552199810743332,0.09275148063898087,0.7035539150238037,1.5703082,1.5603677,556,47924,48480,0.60654587,0.6635621190071106,-0.019499699,0.9636579155921936,0.94078493,2.2829766,4.5583315,0,0.48342454,0.9390703439712524,1.920937418937683,0.5046025514602661,0.07592661678791046,2.298568,4.5583315,0,0.46695536
A549,4,GEF,24,3,85.79,1,0.23380018770694733,0.025295687839388847,0.3304464817047119,0.0038157771341502666,,,,,,,,,3.657553,3.657553,0,113440,113440,0.9737095,,0.98795384,,0.9585442,4.2135463,10.408975,0,7.867027,,,,,4.2135463,10.408975,0,7.867027
A549,4,GEF,24,3,85.79,2,0.08162210136651993,0.012410280294716358,0.20223098993301392,0.00635747704654932,0.0974968671798706,1.5705534219741821,0.0006801365525461733,0.18572600185871124,0.030782921239733696,0.11776204407215118,0.13203810155391693,1.1255863904953003,1.656539,1.6536304,900,163388,164288,0.9917936,0.5099561810493469,0.8197194,0.9808211326599121,0.9619959,1.2823975,9.293921,0,3.0118856,1.5705534219741821,2.7603399753570557,0.8746004700660706,0.12249097973108292,1.2808104,9.293921,0,3.0273411
A549,4,GEF,24,3,85.79,3,0.13358737528324127,0.0009689295548014343,0.13358737528324127,0.0009689295548014343,0.07839173823595047,0.9108457565307617,0.00025481474585831165,0.13589924573898315,0.043951667845249176,0.09103807061910629,0.10008354485034943,0.7032045722007751,1.21908,1.2101732,500,28460,28960,0.24325217,-0.033463653,0.09121548,0.9923577904701233,0.96990246,1.659397,2.8645568,0.61405617,0.14694971,0.9108457565307617,1.4422171115875244,0.6826353073120117,0.01639479026198387,1.6725478,2.8645568,0.61405617,0.13922629
A549,4,GEF,24,3,85.79,4,0.11047030240297318,0.0017452748725190759,0.11047030240297318,0.0017452748725190759,0.04500650241971016,0.4398328363895416,0.00041353353299200535,0.14679747819900513,0.012745511718094349,0.06002015992999077,0.07222655415534973,0.3582305908203125,0.8933798,0.88912046,400,49856,50256,0.2524652,0.1911178082227707,0.13644359,0.9649993777275085,0.9188478,1.1806799,2.8454816,0.23678906,0.21879983,0.4398328363895416,0.8793516755104065,0.2367890626192093,0.012997280806303024,1.1866238,2.8454816,0.25057292,0.21601215
A549,4,GEF,24,3,85.79,5,0.36175987124443054,0.0041545359417796135,0.36231759190559387,0.003958870656788349,0.23752674460411072,2.9552903175354004,0.000176022105733864,0.27183863520622253,0.20286047458648682,0.24817653000354767,0.25415149331092834,2.4884798526763916,4.195769,4.192169,100,47324,47424,0.91628164,0.008896139450371265,0.77076346,0.9989466071128845,0.97803724,4.973819,9.75056,0,0.83137196,2.9552903175354004,3.4165196418762207,2.639930248260498,0.016944322735071182,4.978084,9.75056,0,0.824465
A549,4,GEF,24,3,85.79,6,0.19321945309638977,0.045231275260448456,0.40947166085243225,0.00730519276112318,0.19870656728744507,1.7128769159317017,0.018739614635705948,0.479731023311615,0,0.31374213099479675,0.3558098375797272,1.4121179580688477,2.1534464,2.1391456,1000,50840,51840,0.7291688,-0.381450206,0.49765694,0.9410758018493652,0.9558011,1.695133,6.2334995,0,3.4812305,1.7128769159317017,4.201882839202881,0,1.3668429851531982,1.694784,6.2334995,0,3.5228133
A549,4,GEF,24,3,85.79,7,0.15912224352359772,0.03376771882176399,0.3447234034538269,0.009173526428639889,0.22029361128807068,3.7917850017547607,0.0026063784025609493,0.38325950503349304,0.11039826273918152,0.2606782913208008,0.2859368622303009,2.914297103881836,2.6346972,2.6365576,812,121252,122064,0.94219553,-0.154740393,0.8511846,0.9755736589431763,0.91805667,2.6371593,11.781633,0,9.345789,3.7917850017547607,4.997413635253906,2.2104523181915283,0.4660678207874298,2.629427,11.781633,0,9.396266
A549,4,GEF,24,3,85.79,8,0.04096626117825508,0.004155902657657862,0.12699200212955475,0.0019583716057240963,0.02334161289036274,0.22865799069404602,0.0012604519724845886,0.13086873292922974,0,0.04668322578072548,0.07778919488191605,0.5547712445259094,0.93974555,0.93630826,200,22200,22400,0.50306386,0.1626545637845993,0.23680912,0.9964026808738708,0.957909,0.47560084,2.8881211,0,0.56316745,0.22865799069404602,0.8088482022285461,0,0.10277976840734482,0.47782555,2.8881211,0,0.5667608
A549,4,GEF,25,3,85.79,1,0.31544438004493713,0.00940761249512434,0.31599411368370056,0.009250294417142868,0.18422549962997437,2.339212417602539,0.0006097384612075984,0.256419837474823,0.10198318213224411,0.2039341777563095,0.21617881953716278,1.5987628698349,2.923785,2.9095554,500,46060,46560,0.12776189,0.5914762020111084,-0.19824818,0.9961344599723816,0.9279988,4.5098343,10.972416,0,2.4323614,2.339212417602539,3.0260393619537354,1.68661630153656,0.05372757837176323,4.533397,10.972416,0,2.406481
A549,4,GEF,25,3,85.79,2,0.11707933247089386,0.0018391426419839263,0.11923888325691223,0.0016155638732016087,0.08321031928062439,1.0059614181518555,0.00045658598537556827,0.14476501941680908,0.021451866254210472,0.1003299281001091,0.11096428334712982,0.73061203956604,1.0053895,0.99775684,500,17500,18000,0.11874209,0.07703281939029694,-0.13554314,0.9973938465118408,0.9778858,1.5604655,3.689297,0,0.26956528,1.0059614181518555,1.3241424560546875,0.7513474225997925,0.010723503306508064,1.5763085,3.689297,0,0.26792476
A549,4,GEF,25,3,85.79,3,0.30109837651252747,0.04970194771885872,0.4357927441596985,0.013236956670880318,0.07796505093574524,0.9188100695610046,0.00015329301822930574,0.10540053993463516,0.04873364791274071,0.08741263300180435,0.09484009444713593,0.6861780881881714,4.5384965,4.5333066,76,56340,56416,0.29083943,-0.218962073,0.025677182,0.9976024627685547,0.92342204,4.8160915,13.548995,0,13.139307,0.9188100695610046,1.1901943683624268,0.7512390613555908,0.0062939017079770565,4.821349,13.548995,0,13.136507
A549,4,GEF,25,3,85.79,4,0.14298424124717712,0.0019452867563813925,0.14416441321372986,0.0017912036273628473,0.09731418639421463,1.1168969869613647,0.0007095421897247434,0.17749179899692535,0.029065575450658798,0.11911711096763611,0.1325206309556961,0.7994166612625122,1.1577584,1.1550794,200,26552,26752,0.5622906,-0.3336716,0.32948264,0.9935117363929749,0.9854568,1.9232222,4.8134356,0,0.297257,1.1168969869613647,1.5279383659362793,0.7404364943504333,0.025625839829444885,1.9292959,4.8134356,0,0.2943689
A549,4,GEF,25,3,85.79,5,0.1640240103006363,0.004122823942452669,0.164650097489357,0.004035476595163345,0.07276546210050583,0.8254782557487488,0.0003252724127378315,0.15265117585659027,0.018635524436831474,0.08686047047376633,0.09584219008684158,0.6244819164276123,1.439372,1.4276793,1400,96168,97568,0.042147566,0.19334928691387177,-0.067579836,0.986726701259613,0.9112319,2.4466095,6.878108,0,1.1308773,0.8254782557487488,1.8332699537277222,0.46100863814353943,0.02746521309018135,2.4702096,6.878108,0,1.1081246
A549,4,GEF,25,3,85.79,6,0.23974332213401794,0.00789425615221262,0.23974332213401794,0.00789425615221262,0.12873302400112152,1.3655441999435425,0.0002806056581903249,0.18993277847766876,0.08615037053823471,0.14192476868629456,0.15057054162025452,1.024429202079773,2.0025485,1.9876924,600,38904,39504,0.08951681,0.7280421257019043,0.018431284,0.9957256317138672,0.90650046,2.7058141,6.0036182,0.9659293,1.1263667,1.3655441999435425,2.03166127204895,1.0683960914611816,0.01888221502304077,2.7264845,6.0036182,0.9659293,1.1153158
A549,4,GEF,25,3,85.79,7,0.11744339019060135,0.001555205904878676,0.11839395761489868,0.0014552519423887134,0.0816694051027298,0.9217932820320129,0.0008528326288796961,0.17871533334255219,0.01574554666876793,0.1053197979927063,0.12244916707277298,0.693942666053772,1.0296593,1.0244137,1300,81900,83200,0.3329511,-0.049425602,0.3073906,0.9481372237205505,0.9622769,1.5380905,3.439706,0,0.21093893,0.9217932820320129,1.9610416889190674,0.4160948097705841,0.10985536128282547,1.5478728,3.439706,0,0.2064188
A549,4,GEF,25,3,85.79,8,0.178731769323349,0.0023287099320441484,0.178731769323349,0.0023287099320441484,0.11305568367242813,1.5072661638259888,0.00019914265430998057,0.1612301617860794,0.08475331962108612,0.12458173930644989,0.131893128156662,1.1164757013320923,1.808654,1.8028563,249,29479,29728,0.628593,-0.102275014,0.103542954,0.9948537349700928,0.96244466,2.468216,5.292084,0.9505126,0.44005346,1.5072661638259888,1.9997326135635376,1.203385829925537,0.027530668303370476,2.4763327,5.292084,0.9505126,0.43567213
A549,4,GEF,25,3,85.79,9,0.1540331095457077,0.0018075576517730951,0.1540657877922058,0.0018029065104201436,0.13159812986850739,1.598803997039795,0.0019815084524452686,0.24984540045261383,0.027608336880803108,0.163799449801445,0.1990227848291397,1.1533313989639282,1.3123004,1.3104273,500,41932,42432,0.19366118,0.6008123755455017,0.46072692,0.9365280270576477,0.9650314,2.0299706,5.127337,0,0.37195393,1.598803997039795,3.2567291259765625,0.8831969499588013,0.2848358750343323,2.0351121,5.127337,0,0.37074956
A549,4,GEF,25,3,85.79,10,0.1435265839099884,0.004082107916474342,0.15569481253623962,0.002533660037443042,0.07974866032600403,0.7820581197738647,0.0009839358972385526,0.1457226425409317,0,0.10240811109542847,0.11363483965396881,0.6445776224136353,1.0904487,1.0867082,500,59100,59600,0.30440557,0.3311588764190674,0.3636058,0.9930118322372437,0.96554554,1.61765,5.3074117,0,0.42396653,0.7820581197738647,1.1602208614349365,0,0.0697583556175232,1.6247194,5.3074117,0,0.42100617
A549,4,GEF,25,3,85.79,11,0.16764883697032928,0.0018122371984645724,0.16764883697032928,0.0018122371984645724,0.09169518947601318,0.7957353591918945,0.00016859419702086598,0.12254612892866135,0.06419488787651062,0.1024351641535759,0.10760524868965149,0.6142593026161194,1.2177184,1.2152833,90,22214,22304,0.46657062,-0.122667424,0.057310008,0.9978527426719666,0.97145027,1.5864788,2.954136,0.6697479,0.12987195,0.7957353591918945,0.908872127532959,0.6697478890419006,0.0031604396644979715,1.5896825,2.954136,0.71717316,0.12784177
A549,4,GEF,25,3,85.79,12,0.18927155435085297,0.0017069848254323006,0.18927155435085297,0.0017069848254323006,0.14555086195468903,1.7478914260864258,0.0002893007476814091,0.19273507595062256,0.08749572932720184,0.1592520922422409,0.16735419631004333,1.271479845046997,1.5821317,1.5788777,600,56680,57280,0.9033237,0.46710070967674255,0.69365,0.997736394405365,0.98508334,2.2995977,5.0314846,1.1596158,0.27128914,1.7478914260864258,2.276061773300171,1.43070387840271,0.013702239841222763,2.3054378,5.0314846,1.1596158,0.2707597
A549,4,GEF,25,3,85.79,13,0.2177983522415161,0.0038042005617171526,0.22159452736377716,0.003029296640306711,0.14976951479911804,2.0867538452148438,0.0008759123738855124,0.24363553524017334,0.05918314680457115,0.17392899096012115,0.18785041570663452,1.3701635599136353,1.9655614,1.9545807,900,47900,48800,0.49111933,0.3111773133277893,0.40487397,0.9933789372444153,0.97581875,3.300191,6.935948,0,0.85944766,2.0867538452148438,3.0675716400146484,1.3618311882019043,0.08810251206159592,3.3229902,6.935948,0,0.8457551
A549,4,GEF,25,3,85.79,14,0.11618375033140182,0.0030752450693398714,0.13461588323116302,0.0010818629525601864,,,,,,,,,0.9163816,0.9163816,0,32288,32288,0.4214472,,0.62806153,,0.9826174,1.1345394,2.7569396,0,0.28837705,,,,,1.1345394,2.7569396,0,0.28837705
A549,4,GEF,25,3,85.79,15,0.2113511860370636,0.0012797864619642496,0.2113511860370636,0.0012797864619642496,0.16472522914409637,1.5784811973571777,0.00027765746926888824,0.2085980921983719,0.12416225671768188,0.17821034789085388,0.1862618625164032,1.1821167469024658,1.5833402,1.5818028,100,25996,26096,0.96414685,0.11443667858839035,0.5556129,0.9987059831619263,0.989514,2.2414565,3.4722202,1.2835401,0.11257075,1.5784811973571777,1.7736361026763916,1.3883118629455566,0.007498730905354023,2.2440066,3.4722202,1.2835401,0.11127765
A549,4,GEF,25,3,85.79,16,0.24092867970466614,0.009098226204514503,0.2429713010787964,0.00867906492203474,0.09190700203180313,1.2250556945800781,0.0005268921959213912,0.16064628958702087,0.03910297155380249,0.11072975397109985,0.11953415721654892,0.9125373959541321,2.4871953,2.476344,400,57648,58048,0.953715,-0.114048064,0.52279824,0.97015780210495,0.90610933,3.7183888,9.704487,0,2.5575962,1.2250556945800781,1.708634376525879,0.677781343460083,0.06716450303792953,3.735689,9.704487,0,2.5314417
A549,4,GEF,25,3,85.79,17,0.09636736661195755,0.0015755478525534272,0.1044926792383194,0.0008593549719080329,0.06935600936412811,0.8294885158538818,0.0005344359087757766,0.1269197314977646,0.004024715628474951,0.08802291005849838,0.09848377853631973,0.6295403838157654,0.9164777,0.91460276,161,24479,24640,0.90736943,0.09409230947494507,0.59060305,0.9965459108352661,0.9867548,1.2688247,2.6551409,0,0.22656755,0.8294885158538818,1.0541629791259766,0.6440175175666809,0.0069832284934818745,1.2717142,2.6551409,0,0.22673394
A549,4,GEF,26,3,85.79,1,0.20797398686408997,0.0026446194387972355,0.20797398686408997,0.0026446194387972355,0.13838371634483337,1.1897900104522705,0.0005461821565404534,0.22521688044071198,0.0826471596956253,0.156997948884964,0.17019866406917572,0.8973551988601685,1.3111482,1.301431,700,29108,29808,0.6155215,0.3018226623535156,0.22911537,0.9939040541648865,0.9773782,1.7909367,3.7944803,0.8108456,0.20389123,1.1897900104522705,1.588057518005371,0.8553869128227234,0.02130729705095291,1.8053933,3.7944803,0.8108456,0.19938253
A549,4,GEF,26,3,85.79,2,0.11426923424005508,0.0016537116607651114,0.11435073614120483,0.0016455709701403975,0.0670662373304367,0.640884518623352,0.00029873460880480707,0.12105606496334076,0.02481953613460064,0.08075708895921707,0.08966094255447388,0.5096954703330994,0.8526426,0.84361356,591,21857,22448,0.036850154,-0.330631196,-0.26376265,0.992077112197876,0.9563266,1.2118121,3.1108775,0,0.1860425,0.640884518623352,1.0674439668655396,0.41671234369277954,0.011263718828558922,1.2272496,3.1108775,0,0.1817164
A549,4,GEF,26,3,85.79,3,0.11143134534358978,0.006880873814225197,0.14300450682640076,0.004315408878028393,0.0625237375497818,0.9332780838012695,0.0006877408595755696,0.14962303638458252,0,0.08299804478883743,0.09593841433525085,0.6875820159912109,1.2071507,1.1987692,900,54892,55792,0.77156544,0.4588680565357208,0.3061186,0.9856294989585876,0.95018524,1.7309824,7.908424,0,1.6615114,0.9332780838012695,1.9880231618881226,0,0.07376611977815628,1.7440616,7.908424,0,1.6769396
A549,4,GEF,26,3,85.79,4,0.3503125011920929,0.004541382193565369,0.35032135248184204,0.004538396839052439,0.20114873349666595,1.9788964986801147,0.0003201977233402431,0.2588833272457123,0.17066867649555206,0.21565571427345276,0.22463437914848328,1.5058529376983643,2.683272,2.6802974,100,39484,39584,0.8923193,0.05149459466338158,0.314843,0.9985082745552063,0.97631884,3.6121132,6.329805,0,0.5094756,1.9788964986801147,2.3192756175994873,1.7151366472244263,0.013076757080852985,3.6162496,6.329805,0,0.50396013
A549,4,GEF,26,3,85.79,5,0.04868355020880699,0.004853828810155392,0.1387147605419159,0.0013414297718554735,0.0020880866795778275,0.018235240131616592,0.0001458490005461499,0.09214448183774948,0,0.004176173359155655,0.00835234671831131,0.42953255772590637,0.7508812,0.7493666,200,42232,42432,0.40580767,-0.045506682,0.29288393,0.996068000793457,0.9744677,0.41306335,2.4423387,0,0.33448154,0.018235240131616592,0.6930822730064392,0,0.01086873933672905,0.41493312,2.4423387,0,0.33527237
A549,4,GEF,26,3,85.79,6,0.05412856861948967,0.004915660712867975,0.12486127018928528,0.002507441909983754,0.03523750230669975,0.6878079175949097,0.0015215035527944565,0.15374064445495605,0,0.06991410255432129,0.08996451646089554,0.6004011631011963,0.9104508,0.9060611,1916,133412,135328,0.40062603,0.41938698291778564,0.12593523,0.8979701995849609,0.83837515,1.1305285,9.050442,0,2.2006423,0.6878079175949097,2.796555757522583,0,0.5156353116035461,1.1368866,9.050442,0,2.2219865
A549,4,GEF,26,3,85.79,7,0.19691476225852966,0.006459892261773348,0.20730243623256683,0.004647273104637861,0.1041160449385643,1.2056704759597778,0.001382652553729713,0.24377715587615967,0.0080359922721982,0.13347692787647247,0.15457408130168915,0.8474188446998596,1.447205,1.435128,962,46814,47776,0.14626674,-0.202207968,0.007751733,0.9610037207603455,0.9506173,2.3496778,8.247469,0,1.0502673,1.2056704759597778,2.749933958053589,0.5792160630226135,0.17400088906288147,2.3731866,8.247469,0,1.0408274
A549,4,GEF,26,3,85.79,8,0.08335413783788681,0.013414910063147545,0.2187974750995636,0.005578329320997,0.10307081788778305,1.161468505859375,0.00210753851570189,0.2252354770898819,0,0.14099988341331482,0.16213089227676392,0.8249314427375793,0.99478126,0.99314463,1000,102776,103776,0.9391697,-0.324603915,0.75214386,0.9515661597251892,0.92486936,0.90669936,5.9345064,0,1.5824007,1.161468505859375,2.3202500343322754,0.4492569863796234,0.15245845913887024,0.90422046,5.9345064,0,1.5956765
A549,4,GEF,26,3,85.79,9,0.10599114000797272,0.007490062154829502,0.16020874679088593,0.002635316690430045,0.10524041950702667,1.0087711811065674,0.00047665313468314707,0.1577349454164505,0,0.12181656062602997,0.13232958316802979,0.7376534342765808,1.0105022,1.0090619,200,37688,37888,0.9470479,0.06972913444042206,0.612795,0.9956104755401611,0.98320746,1.1478521,3.9766173,0,0.83642364,1.0087711811065674,1.4350523948669434,0,0.022821420803666115,1.1485901,3.9766173,0,0.8406381
A549,4,GEF,27,3,85.79,1,0.21642014384269714,0.0032883749809116125,0.21642014384269714,0.0032883749809116125,0.10919977724552155,1.0504403114318848,0.0007166428840719163,0.17477324604988098,0.04713341221213341,0.13111357390880585,0.14363640546798706,0.7625796794891357,1.4960444,1.4851527,364,24148,24512,0.21513236,0.3057389259338379,0.02405192,0.9846706986427307,0.9591752,2.1686845,4.4436727,0.6745687,0.3257514,1.0504403114318848,1.5837234258651733,0.6745687127113342,0.03609369695186615,2.1855407,4.4436727,0.8441225,0.31098428
A549,4,GEF,27,3,85.79,2,0.21034395694732666,0.007361473515629768,0.23046669363975525,0.003428098512813449,0.19973932206630707,1.6144176721572876,0.0006280079251155257,0.2768023908138275,0.14244872331619263,0.21963483095169067,0.23420923948287964,1.3131664991378784,1.4055295,1.4049437,400,62672,63072,0.9826195,-0.165733993,0.9057161,0.9900211691856384,0.96546084,1.8676959,4.4958963,0,0.63106257,1.6144176721572876,2.2027342319488525,1.2220087051391602,0.048797618597745895,1.8693125,4.4958963,0,0.6343668
A549,4,GEF,27,3,85.79,3,0.08405337482690811,0.007646366488188505,0.15935936570167542,0.002496266271919012,0.15932773053646088,1.461258053779602,0.0014036684297025204,0.23523882031440735,0.07031573355197906,0.19025824964046478,0.20585116744041443,0.9357337951660156,0.85731757,0.8575453,100,34332,34432,0.119564496,0.4109858274459839,0.74365705,0.9878563284873962,0.9745246,0.87062013,3.986479,0,0.7346823,1.461258053779602,2.156191825866699,1.1034363508224487,0.05794159322977066,0.86889976,3.986479,0,0.7356344
A549,4,GEF,27,3,85.79,4,0.15542136132717133,0.002051770919933915,0.1565430611371994,0.0018909850623458624,,,,,,,,,0.9097926,0.9097926,0,31680,31680,0.8830652,,0.9494277,,0.96825975,1.423366,2.7405112,0,0.09604621,,,,,1.423366,2.7405112,0,0.09604621
A549,4,GEF,27,3,85.79,5,0.08966437727212906,0.007716016843914986,0.16531309485435486,0.0017202029703184962,0.15027394890785217,1.2335838079452515,0.0006614057929255068,0.2211623340845108,0.08025992661714554,0.17100287973880768,0.1841411143541336,0.8193385601043701,0.8431467,0.84293103,300,32820,33120,0.76599646,0.4651806652545929,0.76780695,0.9827861785888672,0.98175013,0.8571497,3.4611783,0,0.68497276,1.2335838079452515,1.8593369722366333,0.7870040535926819,0.07711008191108704,0.85370874,3.4611783,0,0.689222
A549,4,GEF,27,3,85.79,6,0.20958122611045837,0.002078263321891427,0.20958122611045837,0.002078263321891427,0.15183125436306,1.129614233970642,0.0002744783414527774,0.19235537946224213,0.11404979974031448,0.1651003062725067,0.17232276499271393,0.8951479196548462,1.4059583,1.4040103,100,26124,26224,0.98833877,-0.09151385,0.17276883,0.9957402944564819,0.95495075,1.689203,3.0639367,0.61829185,0.16238923,1.129614233970642,1.4276684522628784,0.9485474228858948,0.011734473519027233,1.691345,3.0639367,0.61829185,0.16176265
A549,4,GEF,27,3,85.79,7,0.16966594755649567,0.0013643810525536537,0.16966594755649567,0.0013643810525536537,,,,,,,,,1.0447867,1.0447867,0,25264,25264,0.66847986,,0.8880311,,0.9789907,1.563341,3.4933536,0.65049803,0.10716846,,,,,1.563341,3.4933536,0.65049803,0.10716846
A549,4,GEF,27,3,85.79,8,0.05829388648271561,0.005965136922895908,0.1497042328119278,0.0016345231560990214,0.04840358346700668,0.40045464038848877,0.0025246646255254745,0.15042199194431305,0,0.09680718183517456,0.11147402971982956,0.47803443670272827,0.6563218,0.6557035,200,57464,57664,0.6971465,0.7863371968269348,0.7865456,0.977511465549469,0.9702962,0.49331424,3.1732883,0,0.42339003,0.40045464038848877,0.9565784335136414,0,0.16247481107711792,0.49363744,3.1732883,0,0.42426807
A549,4,GEF,27,3,85.79,9,0.10003217309713364,0.001512999995611608,0.10004822164773941,0.0015116373542696238,0.06257927417755127,1.0551434755325317,0.00038901023799553514,0.1326938271522522,0.014132593758404255,0.07843682169914246,0.08842115849256516,0.7316006422042847,1.290493,1.2815288,300,18404,18704,0.021530185,0.54954993724823,0.08314934,0.9960847496986389,0.9378209,2.131319,5.725292,0.81261605,0.74288714,1.0551434755325317,1.501455307006836,0.8453990817070007,0.01301479246467352,2.1488614,5.725292,0.81261605,0.73559797
A549,4,GEF,27,3,85.79,10,0.18007045984268188,0.004476508591324091,0.1807912439107895,0.004364115186035633,0.08101203292608261,1.7841546535491943,0.0006950810784474015,0.17956770956516266,0.023049743846058846,0.10120842605829239,0.11615242063999176,1.1959413290023804,2.4554226,2.425885,400,16656,17056,0.75547326,-0.075322576,0.3444512,0.9878476858139038,0.9543902,4.3573303,12.290559,0,2.9589305,1.7841546535491943,2.9059364795684814,1.2541146278381348,0.09823936223983765,4.419126,12.290559,0,2.8648007
A549,4,GEF,27,3,85.79,11,0.1522723138332367,0.0020173140801489353,0.1522723138332367,0.0020173140801489353,0.07518438994884491,1.3189351558685303,0.0005658063455484807,0.13718436658382416,0.004524842370301485,0.09411139041185379,0.10388751327991486,0.9292135834693909,1.7163388,1.7073506,300,25972,26272,0.52750945,0.6066511273384094,0.21016093,0.9942027926445007,0.9552332,2.6183443,7.3484793,0.99932283,0.79818046,1.3189351558685303,1.7484822273254395,0.9993228316307068,0.02491000108420849,2.6333537,7.3484793,1.0832689,0.7873839
A549,4,GEF,28,3,85.79,1,0.07774335145950317,0.004786784294992685,0.11831104755401611,0.00248499633744359,0.09124578535556793,2.5369298458099365,0.00043634421308524907,0.16186684370040894,0.0387568399310112,0.10793311893939972,0.11800271272659302,1.5827826261520386,1.7044029,1.703257,400,42048,42448,0.9319132,0.6379982233047485,0.7905994,0.9957813024520874,0.9632906,2.390605,13.640356,0,4.0748725,2.5369298458099365,3.480557680130005,1.9443553686141968,0.074738509953022,2.3892128,13.640356,0,4.11272
A549,4,GEF,28,3,85.79,2,0.1525694578886032,0.004340235609561205,0.1591244637966156,0.0034836495760828257,0.09037141501903534,2.126734972000122,0.0011332255089655519,0.17671871185302734,0,0.11833899468183517,0.13266581296920776,1.3377453088760376,2.2091062,2.194574,400,23584,23984,0.96620256,-0.660956979,0.25394034,0.975680410861969,0.9659648,3.9400547,8.591179,0,1.5667012,2.126734972000122,3.3462231159210205,1.2402081489562988,0.25956404209136963,3.9708102,8.591179,0,1.5321563
A549,4,GEF,28,3,85.79,3,0.031217582523822784,0.0032081580720841885,0.10209524631500244,0.0032558164093643427,0.05441375821828842,1.0292829275131226,0.0012375855585560203,0.15132613480091095,0,0.0830877274274826,0.09993007034063339,0.699113130569458,0.9303439,0.9280036,400,39120,39520,0.19644924,-0.173965782,0.6357718,0.9886952042579651,0.96225786,0.5496119,4.189507,0,0.80145615,1.0292829275131226,1.9592816829681396,0,0.1540735960006714,0.5447073,4.189507,0,0.80569893
A549,4,GEF,28,3,85.79,4,0.10032209008932114,0.012192843481898308,0.18579284846782684,0.006700847297906876,0.11156321316957474,1.5914905071258545,0.0017208707286044955,0.2299167364835739,0.0008706447551958263,0.14398224651813507,0.1659468710422516,0.96133953332901,1.2694325,1.2671564,300,40308,40608,0.49250942,0.7906432151794434,0.6791239,0.9944544434547424,0.93780327,1.4986242,5.2235317,0,2.2497275,1.5914905071258545,2.2611494064331055,1.22185480594635,0.032322145998477936,1.497933,5.2235317,0,2.2661664
A549,4,GEF,28,3,85.79,5,0.21120525896549225,0.004513652063906193,0.21121761202812195,0.004511305131018162,0.08398008346557617,0.8779079914093018,0.000538497930392623,0.1610359251499176,0.025374017655849457,0.10221488773822784,0.11571761965751648,0.6481645107269287,1.5657223,1.5549833,400,33776,34176,0.8222109,0.18485921621322632,0.37402752,0.9806200265884399,0.9129364,2.2459738,4.9488206,0,0.5565033,0.8779079914093018,1.620160698890686,0.5826951265335083,0.041110266000032425,2.2621753,4.9488206,0,0.54017955
A549,4,GEF,28,3,85.79,6,0.10692029446363449,0.0010940278880298138,0.10726179927587509,0.0010608915472403169,0.057675767689943314,0.9935714602470398,0.00032247553463093936,0.11932428181171417,0.01253276877105236,0.07172925770282745,0.08139065653085709,0.6996525526046753,1.2910346,1.2884552,100,22828,22928,0.07153503,0.06410090625286102,0.09196347,0.9971984624862671,0.96563023,2.0414913,4.445949,0,0.31879443,0.9935714602470398,1.225511074066162,0.8203014135360718,0.006050789263099432,2.0460818,4.445949,0,0.31533283
A549,4,GEF,28,3,85.79,7,0.2869325578212738,0.004840442910790443,0.2869325578212738,0.004840442910790443,0.20804038643836975,2.192476272583008,0.0027002778369933367,0.32077503204345703,0.0851411372423172,0.2466612011194229,0.2612321078777313,1.835925817489624,2.8714464,2.8581765,700,53924,54624,0.8280586,0.20331965386867523,0.47292405,0.9666353464126587,0.9518487,3.2629418,5.980206,1.0573485,0.6673558,2.192476272583008,3.1197686195373535,1.0573484897613525,0.24148733913898468,3.2768378,5.980206,1.0773653,0.6578159
A549,4,GEF,28,3,85.79,8,0.08383301645517349,0.0036987594794481993,0.0988239273428917,0.0028787071350961924,0.06048451364040375,1.8905763626098633,0.0009383612778037786,0.16717186570167542,0,0.08466062694787979,0.09962292015552521,1.0213055610656738,1.4496673,1.4441059,500,38012,38512,0.53778076,-0.533961296,0.11533736,0.9794686436653137,0.9672994,2.8624983,9.690339,0,2.4329212,1.8905763626098633,3.2546229362487793,0.9748824834823608,0.2701415717601776,2.8752823,9.690339,0,2.448781
A549,4,GEF,28,3,85.79,9,0.15623638033866882,0.008145715110003948,0.18902315199375153,0.0036576627753674984,0.10550102591514587,1.6446409225463867,0.0008868272416293621,0.17007853090763092,0.030418774113059044,0.13011674582958221,0.1418432742357254,0.960985004901886,1.3606766,1.3595446,100,35212,35312,0.30340263,0.15276174247264862,0.5348655,0.9978817701339722,0.9849271,2.236364,5.9426622,0,1.4244312,1.6446409225463867,2.041172981262207,1.3414196968078613,0.02302958257496357,2.2380445,5.9426622,0,1.4274138
A549,4,GEF,28,3,85.79,10,0.14916585385799408,0.0015548845985904336,0.14917059242725372,0.0015542275505140424,0.11586318165063858,2.1448488235473633,0.0006103978957980871,0.19727547466754913,0.045549243688583374,0.13554047048091888,0.14725442230701447,1.3513503074645996,1.750224,1.739095,879,30625,31504,0.11307766,0.2834332585334778,0.43471557,0.9936750531196594,0.96848875,3.0331495,6.494331,1.5769943,0.5532804,2.1448488235473633,2.9628472328186035,1.577693223953247,0.07444038987159729,3.0586455,6.494331,1.5769943,0.5437259
A549,4,GEF,28,3,85.79,11,0.2946712076663971,0.005720947869122028,0.2946712076663971,0.005720947869122028,0.1278572827577591,1.668444275856018,0.0013327613705769181,0.2543650269508362,0.043041665107011795,0.15510590374469757,0.17862705886363983,1.190728783607483,2.511538,2.4881477,478,26514,26992,0.3533726,0.4617883265018463,0.21307528,0.9835749864578247,0.9473122,3.6108117,6.3111143,1.1684645,0.84722334,1.668444275856018,2.5849249362945557,1.1684645414352417,0.10194704681634903,3.6458292,6.3111143,1.1932144,0.7914165
A549,4,GEF,28,3,85.79,12,0.12213286757469177,0.008226663805544376,0.16974550485610962,0.0033517407719045877,0.13503636419773102,2.057981252670288,0.001438533654436469,0.24775995314121246,0.023790063336491585,0.16467222571372986,0.18007755279541016,1.187130331993103,1.4911271,1.490128,200,60664,60864,0.8143946,0.899249792098999,0.6686405,0.9969366788864136,0.99109334,2.4356596,7.260986,0,2.6354876,2.057981252670288,2.895686626434326,1.4847424030303955,0.10841593146324158,2.436905,7.260986,0,2.6433475
A549,4,GEF,28,3,85.79,13,0.18264366686344147,0.013508723117411137,0.22442954778671265,0.007221312262117863,0.14075328409671783,3.792940139770508,0.0020460926461964846,0.2868663966655731,0.0545031800866127,0.17671696841716766,0.201211079955101,2.058405637741089,2.8927948,2.8858142,274,32478,32752,0.48294434,-0.680945396,0.4225074,0.9883525967597961,0.9664621,5.350318,15.420882,0,8.674917,3.792940139770508,4.991838455200195,2.5773651599884033,0.39694684743881226,5.363457,15.420882,0,8.724121
A549,4,GEF,28,3,85.79,14,0.09319838881492615,0.0055071585811674595,0.11963538825511932,0.003906538709998131,0.05242243409156799,1.8154093027114868,0.0008138215052895248,0.142502099275589,0,0.07534345239400864,0.09018037468194962,0.9926381707191467,1.4793309,1.4746125,300,30644,30944,0.19554168,-0.183002755,0.102869704,0.9947471022605896,0.97421765,2.6762264,7.784767,0,2.925256,1.8154093027114868,2.7431726455688477,1.315403699874878,0.07964404672384262,2.6846538,7.784767,0,2.9457893
A549,4,GEF,29,3,85.79,1,0.17672747373580933,0.0036640469916164875,0.17793545126914978,0.003474149852991104,0.07765273004770279,1.026055932044983,0.0003385570889804512,0.15099547803401947,0.036521296948194504,0.09208311885595322,0.10164975374937057,0.7838461399078369,1.8466264,1.8346552,370,32478,32848,0.79955184,0.5693008303642273,0.30392462,0.985390841960907,0.91654444,2.7006059,5.8867292,0,0.8966607,1.026055932044983,2.0294487476348877,0.6134389042854309,0.0509447418153286,2.7196832,5.8867292,0,0.87398595
A549,4,GEF,29,3,85.79,2,0.251883327960968,0.0043645258992910385,0.251883327960968,0.0043645258992910385,0.18341277539730072,2.8995773792266846,0.0017845453694462776,0.28412291407585144,0.0681576058268547,0.21533849835395813,0.2280084639787674,2.328139543533325,3.5606048,3.5455642,700,56660,57360,0.8436401,0.35442405939102173,0.5057158,0.9749357104301453,0.95638365,4.3575983,8.194887,1.4398762,1.2957835,2.8995773792266846,4.309441089630127,1.5070298910140991,0.36396655440330505,4.3756104,8.194887,1.4398762,1.2807078
A549,4,GEF,29,3,85.79,3,0.2589085102081299,0.027548735961318016,0.3445996642112732,0.007137417793273926,0.22319363057613373,2.7126946449279785,0.0019932303112000227,0.3754352927207947,0.12652987241744995,0.2587594985961914,0.2845797538757324,2.0245509147644043,2.807536,2.794636,693,41371,42064,0.9315679,0.2298520803451538,0.7368915,0.9798473715782166,0.95149326,3.4657218,11.615957,0,5.244748,2.7126946449279785,4.538738250732422,1.842797875404358,0.29835599660873413,3.4783356,11.615957,0,5.3179464
A549,4,GEF,29,3,85.79,4,0.2621220648288727,0.004483417142182589,0.26213106513023376,0.004481214098632336,0.12521231174468994,1.857909917831421,0.0008120076381601393,0.21490101516246796,0.07389535009860992,0.14789585769176483,0.16619078814983368,1.337097406387329,2.7758522,2.7614903,291,28861,29152,0.45887518,0.8836002349853516,0.22252585,0.9876770973205566,0.9514379,4.3178463,7.5432224,0,1.3370264,1.857909917831421,2.891589403152466,1.2729612588882446,0.14654426276683807,4.3426495,7.5432224,0,1.2874007
A549,4,GEF,29,3,85.79,5,0.21429426968097687,0.012683478184044361,0.21440190076828003,0.012666775844991207,0.09186983853578568,1.4630993604660034,0.0004065660759806633,0.156417578458786,0.03791485354304314,0.10814797878265381,0.1176559329032898,1.088289737701416,2.74478,2.7301087,300,33572,33872,0.011521855,-0.090831719,-0.19087838,0.9931257367134094,0.85566854,4.076184,16.890266,0,5.8233337,1.4630993604660034,2.077864646911621,1.1266207695007324,0.03877890110015869,4.0995345,16.890266,0,5.813462
A549,4,GEF,29,3,85.79,6,0.08055281639099121,0.0014562488067895174,0.08225926011800766,0.00134672736749053,0.02973930910229683,0.7505015730857849,0.0003564287326298654,0.07680384814739227,0,0.04513102024793625,0.056174710392951965,0.5745332837104797,1.2552943,1.250768,200,29880,30080,0.61500156,0.3591867685317993,0.16152787,0.9904209971427917,0.93890566,1.8269926,5.58362,0,0.60669756,0.7505015730857849,1.0836676359176636,0.5347191691398621,0.015054288320243359,1.8341981,5.58362,0,0.60284925
A549,4,GEF,29,3,85.79,7,0.12456534802913666,0.015250512398779392,0.22473081946372986,0.005003486759960651,0.10736848413944244,1.0826303958892822,0.0016036992892622948,0.23637616634368896,0.0026024351827800274,0.1392577886581421,0.15850140154361725,0.8521090745925903,1.1646209,1.1610227,600,51512,52112,0.9795436,-0.356034964,0.626564,0.9630836844444275,0.91154957,1.2059646,4.3651214,0,1.4027151,1.0826303958892822,2.128920316696167,0.5273481011390686,0.10575839877128601,1.2074012,4.3651214,0,1.4176424
A549,4,GEF,3,3,85.79,1,0.12192826718091965,0.020427528768777847,0.27708685398101807,0.0034299674443900585,0.21157211065292358,2.2805967330932617,0.0013029198162257671,0.3623223900794983,0.10840627551078796,0.2400256097316742,0.25815895199775696,1.2687824964523315,1.4183348,1.4163996,500,38140,38640,0.99273646,0.450435072183609,0.66795427,0.9889696836471558,0.95309,1.4228574,6.4334445,0,2.7927713,2.2805967330932617,3.6553635597229004,1.2058844566345215,0.1595364660024643,1.4116129,6.4334445,0,2.8175204
A549,4,GEF,3,3,85.79,2,0.15635733306407928,0.001744620269164443,0.15636266767978668,0.0017438465729355812,0.11516664177179337,1.5151292085647583,0.0004957343335263431,0.18319819867610931,0.054391127079725266,0.13347573578357697,0.14487862586975098,0.9531594514846802,1.1732895,1.1697788,468,28876,29344,0.7596242,-0.016387552,0.43836948,0.9918009042739868,0.98151493,2.0743692,4.1702743,0,0.24291676,1.5151292085647583,2.181602716445923,0.9868952035903931,0.04679906368255615,2.083433,4.1702743,0,0.24094434
A549,4,GEF,3,3,85.79,3,0.12763702869415283,0.003962291870266199,0.1399766355752945,0.002618099795654416,0.0941351056098938,1.1274542808532715,0.00037330889608711004,0.17182546854019165,0.04153883829712868,0.10926273465156555,0.11927033215761185,0.7548751831054688,1.1450028,1.13979,400,29536,29936,0.19772881,0.09041785448789597,0.38782877,0.9872501492500305,0.91730857,1.8491066,6.0150046,0,1.0920026,1.1274542808532715,1.752173900604248,0.8028352856636047,0.037459805607795715,1.8588798,6.0150046,0,1.0991358
A549,4,GEF,3,3,85.79,4,0.18828324973583221,0.003278577234596014,0.1883220225572586,0.003271952038630843,0.10058102756738663,1.0590782165527344,0.0003175876336172223,0.15459056198596954,0.06021593511104584,0.1146068125963211,0.12423478811979294,0.7445182800292969,1.2483431,1.2470468,100,38764,38864,0.98657894,-0.10720399,0.5057816,0.9970029592514038,0.9235935,1.9819483,5.9144115,0,0.6735369,1.0590782165527344,1.2702951431274414,0.874538779258728,0.0076639968901872635,1.9843291,5.9144115,0,0.67305183
A549,4,GEF,3,3,85.79,5,0.15083661675453186,0.012250819243490696,0.21293187141418457,0.00407207990065217,0.17951709032058716,2.191882848739624,0.0011000852100551128,0.28000137209892273,0.0827602669596672,0.2052849680185318,0.22288914024829865,1.5421850681304932,1.3253545,1.3287472,900,56620,57520,0.7932058,0.022959649562835693,0.8544975,0.9765594601631165,0.91881573,1.7801797,5.038984,0,1.8286408,2.191882848739624,4.220790386199951,1.1905791759490967,0.2280808836221695,1.7736356,5.038984,0,1.8513454
A549,4,GEF,3,3,85.79,6,0.16530169546604156,0.006658551748842001,0.1747453510761261,0.005388714838773012,0.1306120604276657,1.4009071588516235,0.0007560932426713407,0.2061830759048462,0.057833168655633926,0.15310066938400269,0.16721776127815247,0.9460335969924927,1.0890733,1.087131,700,50852,51552,0.72903204,0.2244759351015091,0.5604234,0.9881963729858398,0.92099494,1.7466031,6.212152,0,0.8577245,1.4009071588516235,2.035691261291504,0.980313241481781,0.04966798052191734,1.7513618,6.212152,0,0.86718005
A549,4,GEF,30,3,85.79,1,0.28441083431243896,0.018322335556149483,0.3031643033027649,0.013845086097717285,0.1258111149072647,1.4545445442199707,0.0002834178158082068,0.18835102021694183,0.07026032358407974,0.13918209075927734,0.14742916822433472,1.1008198261260986,2.86746,2.8566773,400,65136,65536,0.15673843,-0.210468531,0.09847602,0.9929710626602173,0.87875766,4.1122303,12.085997,0,4.3953433,1.4545445442199707,2.3237392902374268,1.1114352941513062,0.03597148507833481,4.128551,12.085997,0,4.3784723
A549,4,GEF,30,3,85.79,2,0.11143629252910614,0.0038532139733433723,0.12525169551372528,0.002600515726953745,0.05469793826341629,0.6377019286155701,0.00014239089796319604,0.0886160209774971,0.030553890392184258,0.0645369216799736,0.07092790305614471,0.5064828991889954,1.244368,1.2414126,200,49736,49936,0.7256629,0.40298372507095337,0.30918047,0.9935330748558044,0.9332136,1.684004,6.378242,0,0.91036063,0.6377019286155701,0.851805567741394,0.4674638509750366,0.006306484341621399,1.6882112,6.378242,0,0.90957606
A549,4,GEF,30,3,85.79,3,0.11184976994991302,0.0154672646895051,0.23249311745166779,0.004101809114217758,0.10934125632047653,0.944770872592926,0.0015441185096278787,0.24664990603923798,0.012259283103048801,0.14081750810146332,0.1597900539636612,0.7463674545288086,0.9805986,0.97893584,378,52870,53248,0.82770145,-0.575187147,0.56116855,0.9540587067604065,0.89090574,0.92549187,3.6565592,0,1.046688,0.944770872592926,1.7162357568740845,0.4176822602748871,0.08741854131221771,0.9253539,3.6565592,0,1.0535438
A549,4,GEF,30,3,85.79,4,0.06335986405611038,0.010977967642247677,0.20782159268856049,0.0059856828302145,0.1230999156832695,1.3297629356384277,0.0009658331400714815,0.22963455319404602,0.051307227462530136,0.1470114141702652,0.16485364735126495,0.9946326613426208,1.0304803,1.0302637,500,82268,82768,0.9695014,-0.58961463,0.778369,0.9775989055633545,0.9208471,0.78358763,7.7379627,0,1.7811522,1.3297629356384277,2.627081871032715,0.8271818161010742,0.13539324700832367,0.78026813,7.7379627,0,1.7893307
A549,4,GEF,30,3,85.79,5,0.24098877608776093,0.01255711354315281,0.24812300503253937,0.011158687993884087,0.13073061406612396,2.3663313388824463,0.0004961509839631617,0.21084855496883392,0.0731678307056427,0.14866577088832855,0.1602039635181427,1.7411032915115356,3.5675745,3.5485702,600,57064,57664,0.23556899,0.10328017920255661,0.2887481,0.9794014096260071,0.87177646,5.0336995,12.679792,0,5.9660196,2.3663313388824463,3.7786242961883545,1.435271143913269,0.23612624406814575,5.061745,12.679792,0,5.9506717
A549,4,GEF,30,3,85.79,6,0.12283119559288025,0.005442823749035597,0.14224493503570557,0.0035415675956755877,0.06918011605739594,0.8187803030014038,0.0006029733340255916,0.15640555322170258,0.012064632959663868,0.08853314071893692,0.10083058476448059,0.6344091892242432,1.1934501,1.1834214,500,27372,27872,0.9683046,-0.255642056,0.45009238,0.9758074283599854,0.9316963,1.4757689,5.7578135,0,0.7734104,0.8187803030014038,1.611500859260559,0.48042523860931396,0.03917262330651283,1.4877702,5.7578135,0,0.778794
A549,4,GEF,30,3,85.79,7,0.31533196568489075,0.011334809474647045,0.3240441083908081,0.008824851363897324,0.23159867525100708,4.066429138183594,0.0015989539679139853,0.36070284247398376,0.11062873154878616,0.264272540807724,0.28215712308883667,2.6905605792999268,4.0363264,4.026172,593,77999,78592,0.22699934,0.28661322593688965,0.23400085,0.9918228983879089,0.9314054,6.2316175,22.727648,0,4.634044,4.066429138183594,4.995391368865967,2.4921233654022217,0.31324106454849243,6.2480783,22.727648,0,4.6309814
A549,4,GEF,30,3,85.79,8,0.1721944510936737,0.0028616758063435555,0.1731976866722107,0.00270459265448153,0.09606766700744629,1.4036760330200195,0.0004665747983381152,0.15658718347549438,0.04084154590964317,0.11339527368545532,0.124421626329422,1.0206414461135864,1.7318585,1.7270541,400,58816,59216,0.033291437,0.6817368268966675,0.13741475,0.9940697550773621,0.95126134,2.7367163,7.3439794,0,0.8643285,1.4036760330200195,2.2897913455963135,0.9659667015075684,0.03647264838218689,2.7457824,7.3439794,0,0.85779136
A549,4,GEF,30,3,85.79,9,0.13956360518932343,0.0023753386922180653,0.1400412619113922,0.0023165768943727016,0.03790794312953949,0.5912163853645325,0.0005928417085669935,0.11010698229074478,0,0.057079512625932693,0.07026083767414093,0.45506155490875244,1.336564,1.3310517,198,31466,31664,0.8452694,0.9064806699752808,0.33668628,0.989547848701477,0.9308581,1.8642415,4.553651,0,0.33930504,0.5912163853645325,1.05015230178833,0.44020429253578186,0.011397114023566246,1.872252,4.553651,0,0.33110663
A549,4,GEF,31,3,85.79,1,0.08694937080144882,0.002826996613293886,0.095985047519207,0.0022534839808940887,0.035470448434352875,0.5349975228309631,0.00023512719781138003,0.0911557674407959,0.004430163186043501,0.04751439020037651,0.056319501250982285,0.4160325825214386,1.0015439,0.9980634,500,83612,84112,0.14238125,0.017428159713745117,0.058663208,0.9654101729393005,0.901014,1.5452632,5.5256944,0,0.946144,0.5349975228309631,1.387959361076355,0.28452610969543457,0.03009304404258728,1.5513047,5.5256944,0,0.945482
A549,4,GEF,31,3,85.79,2,0.2741170823574066,0.006922506261616945,0.2770047187805176,0.006195535883307457,0.13560751080513,1.7562484741210938,0.0011823109816759825,0.2506571114063263,0.06274648010730743,0.1628725379705429,0.18510793149471283,1.2011220455169678,2.3309097,2.32733,200,62920,63120,0.26451316,-0.573913574,-0.038262997,0.9808570742607117,0.9579776,4.1823955,8.510053,0,1.8454189,1.7562484741210938,2.8827972412109375,1.1599512100219727,0.17047268152236938,4.1901073,8.510053,0,1.8319733
A549,4,GEF,31,3,85.79,3,0.228957399725914,0.007364281453192234,0.23934662342071533,0.005211822688579559,0.12162812799215317,1.4402024745941162,0.0007446140516549349,0.21267986297607422,0.05567615479230881,0.14355839788913727,0.15856000781059265,1.0178232192993164,1.8217154,1.8095334,900,58492,59392,0.44619256,-0.025095612,0.27396297,0.9751113057136536,0.9417456,2.7744887,7.4615116,0,1.1901678,1.4402024745941162,2.6789562702178955,0.7510445713996887,0.12209102511405945,2.7950187,7.4615116,0,1.1787872
A549,4,GEF,31,3,85.79,4,0.20925337076187134,0.01179923303425312,0.21057409048080444,0.011595596559345722,0.08977028727531433,0.7742018103599548,0.00043109271791763604,0.17135494947433472,0.039950836449861526,0.10608357191085815,0.11772740632295609,0.593383252620697,1.4681262,1.4579663,900,76588,77488,0.033820316,0.15406747162342072,-0.17594497,0.9879617691040039,0.86215806,2.1745799,7.808984,0,1.7216226,0.7742018103599548,1.359886646270752,0.4905264973640442,0.01800118386745453,2.1910362,7.808984,0,1.7183264
A549,4,GEF,31,3,85.79,5,0.04661000147461891,0.004955395124852657,0.13633765280246735,0.0022616360802203417,0.04678161442279816,0.9336279630661011,0.0034415340051054955,0.2345104068517685,0,0.09365183115005493,0.133684441447258,0.9609037637710571,1.1489292,1.1449581,1057,48991,50048,0.6650088,-0.064887881,0.53481156,0.9891110062599182,0.98429704,0.9191121,5.3672776,0,1.7560663,0.9336279630661011,3.4843435287475586,0,1.1002312898635864,0.9187989,5.3672776,0,1.7702116
A549,4,GEF,31,3,85.79,6,0.19219622015953064,0.004221127834171057,0.19559456408023834,0.003631067695096135,0.10151269286870956,1.7461426258087158,0.000701804761774838,0.18159063160419464,0.028617748990654945,0.12232656031847,0.1355639547109604,1.2196825742721558,2.1463902,2.1297624,600,32840,33440,0.49602824,0.5900231003761292,0.46596876,0.9863588213920593,0.9488724,3.380077,9.006627,0,1.3934451,1.7461426258087158,2.8452811241149902,1.1047954559326172,0.10632283240556717,3.4099298,9.006627,0,1.3672929
A549,4,GEF,31,3,85.79,7,0.0984974205493927,0.007223682943731546,0.1368577629327774,0.004787073936313391,0.06702559441328049,0.45285725593566895,0.000636057578958571,0.14466595649719238,0,0.08706683665513992,0.10069244354963303,0.3845162093639374,0.9324015,0.9226765,900,49804,50704,0.0618447,0.3611874580383301,0.21127108,0.9898940920829773,0.8979575,0.9676667,5.5901976,0,0.84234756,0.45285725593566895,0.6889879703521729,0,0.005881656892597675,0.9769697,5.5901976,0,0.85258716
A549,4,GEF,32,3,85.79,1,0.0453508198261261,0.0047792405821383,0.13075830042362213,0.002612067386507988,0.0760001614689827,0.8817528486251831,0.0004137781506869942,0.13937941193580627,0.016288388520479202,0.09215748310089111,0.1027430072426796,0.6506474018096924,0.79757804,0.79606986,900,86780,87680,0.9826489,0.012820892035961151,0.8245782,0.9813005924224854,0.93284047,0.6214909,6.2022367,0,0.9150543,0.8817528486251831,1.5975583791732788,0.5178536772727966,0.04070218652486801,0.61879164,6.2022367,0,0.9234127
A549,4,GEF,32,3,85.79,2,0.12680678069591522,0.0017080759862437844,0.12704773247241974,0.0016807079082354903,0.04340003430843353,0.5892239212989807,0.0002499103138688952,0.08967689424753189,0.005871208384633064,0.05613832175731659,0.06368526816368103,0.4420292377471924,1.2160169,1.2114983,197,33547,33744,0.8283748,0.9173977375030518,0.37851703,0.9934191703796387,0.9417098,1.8611788,4.761467,0,0.35235545,0.5892239212989807,0.9728996753692627,0.42131343483924866,0.01050847303122282,1.868648,4.761467,0,0.34480637
A549,4,GEF,32,3,85.79,3,0.04792886599898338,0.006525855977088213,0.15306764841079712,0.004747902043163776,0.12490417808294296,1.1550840139389038,0.002131544053554535,0.2646995782852173,0.03012622334063053,0.16113066673278809,0.18996064364910126,0.8555377125740051,0.8043644,0.80474645,384,51056,51440,0.632588,-0.406413376,0.6018129,0.9567330479621887,0.90931904,0.48140788,4.0425987,0,0.66211706,1.1550840139389038,2.4476842880249023,0.665921688079834,0.14087282121181488,0.47634107,4.0425987,0,0.6625984
A549,4,GEF,32,3,85.79,4,0.1225816085934639,0.006652855779975653,0.15251675248146057,0.003711910219863057,0.062322601675987244,0.9470077157020569,0.0008613943355157971,0.19622626900672913,0,0.08486275374889374,0.10124389827251434,0.6652920842170715,1.3249732,1.3193386,697,80903,81600,0.961985,0.5432363152503967,0.4580671,0.9739111661911011,0.94318783,1.9866058,7.272701,0,1.8281127,0.9470077157020569,2.489034414291382,0.5026730298995972,0.10012397170066833,1.9955626,7.272701,0,1.8336086
A549,4,GEF,32,3,85.79,5,0.14996415376663208,0.005083880852907896,0.15858888626098633,0.004008473362773657,0.08751221001148224,0.7365591526031494,0.0012510831002146006,0.23261456191539764,0.00348266470246017,0.11470656096935272,0.13505816459655762,0.5669912695884705,1.051465,1.0429624,1397,78203,79600,0.11305329,-0.390031695,0.003235199,0.934715747833252,0.8981268,1.4055862,4.1529765,0,0.6322562,0.7365591526031494,2.207850217819214,0.3447388708591461,0.10828405618667603,1.4175377,4.1529765,0,0.6334776
A549,4,GEF,33,3,85.79,1,0.07821392267942429,0.011570998467504978,0.2043227255344391,0.00446068961173296,0.0929766297340393,0.7149609327316284,0.0031043291091918945,0.21571172773838043,0,0.1351029872894287,0.15555083751678467,0.6750414371490479,0.9941983,0.9913949,400,45136,45536,0.94600713,0.09001307189464569,0.5142219,0.9911447763442993,0.97050005,0.6697486,3.7682798,0,0.8406207,0.7149609327316284,1.4454623460769653,0,0.1577742099761963,0.66934794,3.7682798,0,0.8466539
A549,4,GEF,33,3,85.79,2,0.23478417098522186,0.0034257452934980392,0.23478417098522186,0.0034257452934980392,0.12417770177125931,1.033324956893921,0.0011530553456395864,0.21318072080612183,0.052823856472969055,0.15242920815944672,0.16779059171676636,0.8070580959320068,1.7272966,1.7176812,546,51710,52256,0.91986257,0.21170826256275177,0.45128497,0.9584587216377258,0.9317214,2.2226517,5.0295215,0.59408617,0.5352336,1.033324956893921,1.7474071979522705,0.5940861701965332,0.0802198275923729,2.23521,5.0295215,0.6756399,0.52494484
A549,4,GEF,33,3,85.79,3,0.22513623535633087,0.007933939807116985,0.23017798364162445,0.006951118353754282,0.12697218358516693,1.1949381828308105,0.0010892468271777034,0.23192983865737915,0.04930022358894348,0.15400664508342743,0.1714271456003189,0.9155832529067993,1.7449379,1.7347949,598,48298,48896,0.9190644,0.4846910238265991,0.37542522,0.9774109125137329,0.91384476,2.2646644,7.07557,0,1.19418,1.1949381828308105,2.3253889083862305,0.7268862724304199,0.07528822124004364,2.277909,7.07557,0,1.19369
A549,4,GEF,33,3,85.79,4,0.06262847036123276,0.004124872386455536,0.11442062258720398,0.001609946833923459,0.05818930268287659,0.5781154036521912,0.001654092688113451,0.17398042976856232,0,0.091013602912426,0.1082790195941925,0.5825002789497375,0.86532015,0.8632201,400,53472,53872,0.9551871,0.5120992064476013,0.60610867,0.9928687810897827,0.9737123,0.8089837,4.963473,0,0.6928741,0.5781154036521912,1.0843313932418823,0,0.11407805234193802,0.8107107,4.963473,0,0.69680226
A549,4,GEF,33,3,85.79,5,0.08307341486215591,0.0017874010372906923,0.09203918278217316,0.0011551056522876024,0.048369817435741425,0.6819550395011902,0.0005798704223707318,0.1342231035232544,0,0.06772245466709137,0.08019689470529556,0.5193114280700684,0.83009756,0.8221693,700,26740,27440,0.9371787,-0.172025874,0.39238733,0.9651017785072327,0.95642984,1.0933286,3.0054665,0,0.30505934,0.6819550395011902,1.5462464094161987,0.3682509660720825,0.05595787987112999,1.1040975,3.0054665,0,0.30703428
A549,4,GEF,34,3,85.79,1,0.2173568308353424,0.002387778600677848,0.2173568308353424,0.002387778600677848,0.14042803645133972,1.5716310739517212,0.0005067698075436056,0.20355463027954102,0.07541151344776154,0.15883229672908783,0.17005302011966705,1.2032510042190552,1.9509498,1.9439946,1000,106504,107504,0.7974906,0.4931855797767639,0.5084634,0.9863833785057068,0.9584566,2.5574393,5.912264,1.0263628,0.38310814,1.5716310739517212,2.555529832839966,1.0263627767562866,0.06990254670381546,2.5666955,5.912264,1.08806,0.3768385
A549,4,GEF,34,3,85.79,2,0.1998908668756485,0.003662311239168048,0.20059950649738312,0.0035331433173269033,0.11955205351114273,1.6316301822662354,0.0012096292339265347,0.2387245148420334,0.034728601574897766,0.14783456921577454,0.16628000140190125,1.1832109689712524,1.9199312,1.9071851,1768,100424,102192,0.87485534,0.163662850856781,0.49733332,0.9679870009422302,0.95548767,2.8326209,6.86577,0,0.6045809,1.6316301822662354,3.1919448375701904,0.8588622212409973,0.18965019285678864,2.8537648,6.86577,0,0.58604527
A549,4,GEF,34,3,85.79,3,0.153196781873703,0.0019166588317602873,0.1532050520181656,0.0019154943292960525,0.10329771786928177,2.2278685569763184,0.0012630188139155507,0.24889102578163147,0.014219739474356174,0.13093015551567078,0.151497021317482,1.616796612739563,2.2827587,2.2719638,1200,72832,74032,0.80103076,-0.251245469,0.6286337,0.9525136351585388,0.9489504,3.335959,6.5838933,0,0.9919396,2.2278685569763184,4.959420204162598,1.0500435829162598,0.5897204875946045,3.3542163,6.5838933,0,0.9780028
A549,4,GEF,35,3,85.79,1,0.25448837876319885,0.018248002976179123,0.29894930124282837,0.008144493214786053,0.15006095170974731,1.5993545055389404,0.0023749382235109806,0.26954185962677,0.054609689861536026,0.18997228145599365,0.21395300328731537,1.2065731287002563,2.2603796,2.25573,695,156825,157520,0.9064755,-0.324217141,0.5934818,0.9032357335090637,0.93007445,2.8944654,7.293931,0,2.3454604,1.5993545055389404,3.002504348754883,0.5798264145851135,0.32661619782447815,2.9002051,7.293931,0,2.3469408
A549,4,GEF,35,3,85.79,2,0.18063239753246307,0.007462241221219301,0.19933870434761047,0.004506145603954792,0.12040724605321884,0.8879114389419556,0.001221375074237585,0.21655051410198212,0.04988432303071022,0.14904305338859558,0.17023469507694244,0.7009420394897461,1.2005068,1.198533,474,119494,119968,0.4334684,0.5981497168540955,0.63727516,0.9562507271766663,0.8940118,1.5382763,4.007896,0,0.551776,0.8879114389419556,1.6516430377960205,0.38016849756240845,0.11459794640541077,1.5408561,4.007896,0,0.5518257
A549,4,GEF,35,3,85.79,3,0.08463897556066513,0.003566951956599951,0.09591316431760788,0.0029607394244521856,0.04771236330270767,0.9646910429000854,0.0006667528650723398,0.14354823529720306,0,0.06828334182500839,0.0816064178943634,0.68698650598526,1.3761165,1.3701493,1100,125940,127040,0.9553826,0.19071954488754272,0.5167767,0.9650077819824219,0.94244367,2.316856,9.819433,0,1.5372816,0.9646910429000854,2.6184675693511963,0.4483794569969177,0.08594460040330887,2.3286664,9.819433,0,1.5338495
A549,4,GEF,35,3,85.79,4,0.20307983458042145,0.010194670408964157,0.2388332635164261,0.0034503950737416744,0.18174287676811218,2.4126768112182617,0.0016547224950045347,0.31042200326919556,0.09305977821350098,0.21427182853221893,0.2358953356742859,1.7650840282440186,1.8664013,1.865166,700,56708,57408,0.9811962,-0.032298043,0.8451285,0.982081949710846,0.9691233,2.5395193,6.9147773,0,1.505736,2.4126768112182617,3.9470202922821045,1.5308172702789307,0.20526786148548126,2.541085,6.9147773,0,1.5215876
A549,4,GEF,35,3,85.79,5,0.048560887575149536,0.0034196488559246063,0.09685881435871124,0.0021427010651677847,0.03113197721540928,0.35564401745796204,0.0010911866556853056,0.14509129524230957,0,0.05957242473959923,0.07759250700473785,0.43548065423965454,0.79389375,0.788979,1192,85736,86928,0.019450162,0.054485633969306946,0.029087173,0.9821657538414001,0.92454207,0.7122179,4.716951,0,0.724606,0.35564401745796204,1.0471251010894775,0,0.08430511504411697,0.7171754,4.716951,0,0.73171574
A549,4,GEF,36,3,85.79,1,0.067611463367939,0.0027196919545531273,0.08868865668773651,0.0016982206143438816,0.0471620187163353,0.44292399287223816,0.00043686258140951395,0.09808920323848724,0,0.06401623040437698,0.07270976155996323,0.3380066454410553,0.61976045,0.6176676,367,49041,49408,0.9842799,-0.387001455,0.5960959,0.9696251749992371,0.95679855,0.83098793,3.2542837,0,0.3817163,0.44292399287223816,0.8972193598747253,0,0.016854997724294662,0.8338921,3.2542837,0,0.38331133
A549,4,GEF,36,3,85.79,2,0.1667541116476059,0.02261384204030037,0.2562456429004669,0.011818142607808113,0.1874886006116867,2.200178861618042,0.01574638858437538,0.435463547706604,0.005859313998371363,0.28977736830711365,0.3723854124546051,1.5347522497177124,1.479557,1.479893,289,47151,47440,0.32465327,-0.607340395,0.5293831,0.7540630102157593,0.82326764,1.9318303,9.793146,0,3.4770453,2.200178861618042,4.9888482093811035,0.6604828834533691,2.5691845417022705,1.9301857,9.793146,0,3.4821656
A549,4,GEF,36,3,85.79,3,0.06951799988746643,0.0040055434219539165,0.10301672667264938,0.0024847695603966713,0.04466633498668671,0.45502325892448425,0.00076708645792678,0.12607182562351227,0,0.06690878421068192,0.0795457512140274,0.3722350597381592,0.66381514,0.6590531,791,47641,48432,0.8776181,0.03527078032493591,0.4173808,0.9818249344825745,0.9615418,0.75218076,3.5268319,0,0.43009257,0.45502325892448425,0.9235064387321472,0,0.04364054277539253,0.7571146,3.5268319,0,0.43501854
A549,4,GEF,36,3,85.79,4,0.2303178608417511,0.007343561388552189,0.23237599432468414,0.006930912844836712,0.11813925206661224,1.127057671546936,0.0008453288464806974,0.24142538011074066,0.04244052991271019,0.14045217633247375,0.15618090331554413,0.7793124318122864,1.5443543,1.5366564,885,87067,87952,0.053023223,-0.11420574,0.06352423,0.9748602509498596,0.89211977,2.496602,6.7195544,0,1.0227835,1.127057671546936,2.689927577972412,0.6158280372619629,0.09945793449878693,2.510523,6.7195544,0,1.0129097
A549,4,GEF,36,3,85.79,5,0.23190221190452576,0.014492654241621494,0.2720574736595154,0.006077607627958059,0.1532043218612671,1.0424655675888062,0.0004103549290448427,0.20646730065345764,0.1036045178771019,0.16881972551345825,0.178489550948143,0.735302209854126,1.2831074,1.2821718,100,58444,58544,0.7685458,0.3797338008880615,0.31429276,0.9981831312179565,0.9494685,1.986011,5.6002417,0,1.2113664,1.0424655675888062,1.2799376249313354,0.882779598236084,0.005741555709391832,1.9876255,5.6002417,0,1.2119033
A549,4,GEF,36,3,85.79,6,0.20801986753940582,0.008458512835204601,0.21644841134548187,0.006976892240345478,0.09211887419223785,0.7230501770973206,0.001048894366249442,0.2821550965309143,0.02396804466843605,0.1165146604180336,0.13607998192310333,0.5232574343681335,1.1717424,1.1637056,1000,79688,80688,0.04513728,0.4666188359260559,0.13851316,0.9839890003204346,0.8782865,1.8317149,5.8343263,0,0.8286616,0.7230501770973206,1.7540297508239746,0.3924091160297394,0.023365631699562073,1.8456271,5.8343263,0,0.82314926
A549,4,GEF,36,3,85.79,7,0.1603139042854309,0.01025235466659069,0.19996583461761475,0.0048591336235404015,0.09090624004602432,1.3765231370925903,0.0010341244051232934,0.18156515061855316,0.018915867432951927,0.117503322660923,0.13345050811767578,0.90565025806427,1.5965449,1.5943362,287,89489,89776,0.9891121,0.06244435906410217,0.6303089,0.9798198342323303,0.96087986,2.6906705,8.094485,0,2.8256383,1.3765231370925903,2.1788554191589355,0.8546851873397827,0.1282607614994049,2.6948853,8.094485,0,2.8287325
A549,4,GEF,37,3,85.79,1,0.24683621525764465,0.0077565195970237255,0.25622114539146423,0.005646814592182636,0.16636209189891815,2.390462875366211,0.001158342813141644,0.27533742785453796,0.08628196269273758,0.1930793821811676,0.2098008543252945,1.7555515766143799,2.619373,2.6081333,600,45512,46112,0.9772464,-0.587725282,0.6071917,0.9707527756690979,0.9425371,3.68678,8.115878,0,1.8484265,2.390462875366211,4.198976516723633,1.3301879167556763,0.34586337208747864,3.70387,8.115878,0,1.8457894
A549,4,GEF,37,3,85.79,2,0.1162860319018364,0.01724894717335701,0.24900394678115845,0.0038879835046827793,0.20307867228984833,4.231738567352295,0.002327432157471776,0.37482813000679016,0.08385179191827774,0.24235045909881592,0.26405519247055054,2.094787359237671,2.9405973,2.9336066,251,30117,30368,0.7250731,-0.331276149,0.2523349,0.9943440556526184,0.9757491,2.6637676,15.068588,0,8.792527,4.231738567352295,4.997095584869385,2.976332902908325,0.23402586579322815,2.6506996,15.068588,0,8.843194
A549,4,GEF,37,3,85.79,3,0.08512952923774719,0.007947792299091816,0.14848341047763824,0.004455584567040205,0.046033039689064026,0.3708608150482178,0.0006397187826223671,0.1495424211025238,0,0.06602303683757782,0.07985509186983109,0.2881592810153961,0.5933124,0.58973575,800,67456,68256,0.99191433,0.5088667869567871,0.5588846,0.9543892741203308,0.918249,0.7030758,3.1905851,0,0.5329913,0.3708608150482178,1.0435945987701416,0,0.015836186707019806,0.7070158,3.1905851,0,0.53780013
A549,4,GEF,37,3,85.79,4,0.17223197221755981,0.029707593843340874,0.3300784230232239,0.004832171835005283,0.28490379452705383,3.8600540161132812,0.0019789189100265503,0.45489901304244995,0.14961405098438263,0.3202992081642151,0.34175166487693787,2.19022536277771,2.2322288,2.2316039,673,44575,45248,0.8406448,0.08859145641326904,0.591249,0.9936375021934509,0.9500425,2.3628294,9.449919,0,5.907798,3.8600540161132812,4.99961519241333,2.646805763244629,0.2558642625808716,2.340224,9.449919,0,5.9587746
A549,4,GEF,37,3,85.79,5,0.11163526028394699,0.0023567480966448784,0.1232273131608963,0.0011730118421837687,0.09532512724399567,0.7557832598686218,0.0005268394597806036,0.1703507900238037,0.03452332690358162,0.11384405195713043,0.12562865018844604,0.5387120246887207,0.7183488,0.71642965,400,37040,37440,0.95434433,0.5450668931007385,0.72782356,0.9909072518348694,0.9777675,1.0236468,2.5206354,0,0.19185142,0.7557832598686218,1.0904498100280762,0.5079838633537292,0.01280369982123375,1.0265396,2.5206354,0,0.19300178
A549,4,GEF,38,3,85.79,1,0.11990571022033691,0.0038959316443651915,0.13300210237503052,0.002579609164968133,0.05455860495567322,0.6736953258514404,0.0006211020518094301,0.14229470491409302,0,0.07429264485836029,0.08701848238706589,0.4722274839878082,0.88976777,0.8840401,836,60108,60944,0.58938414,0.5233107805252075,0.38710856,0.983178436756134,0.9596511,1.4339652,5.380012,0,0.5004595,0.6736953258514404,1.270329236984253,0.3501204550266266,0.024314802139997482,1.4445393,5.380012,0,0.4989309
A549,4,GEF,38,3,85.79,2,0.09360387921333313,0.0025828678626567125,0.10333255678415298,0.0018460281426087022,0.047809526324272156,0.3098771274089813,0.00021556248248089105,0.08506479114294052,0.010946112684905529,0.059711214154958725,0.0673065036535263,0.24609749019145966,0.64648145,0.64305663,300,34772,35072,0.9888795,0.5354449152946472,0.32403213,0.9959508776664734,0.9120894,0.9199138,2.9399993,0,0.26918074,0.3098771274089813,0.425682932138443,0.24293085932731628,0.0010505522368475795,0.92517704,2.9399993,0,0.26825568
A549,4,GEF,38,3,85.79,3,0.16890063881874084,0.00394148426130414,0.1690455973148346,0.00392036372795701,0.07028230279684067,0.7492027878761292,0.00036490202182903886,0.16032692790031433,0.016353340819478035,0.08459505438804626,0.09474773705005646,0.538946807384491,1.2454008,1.2387927,600,63544,64144,0.42174008,0.2171870768070221,0.14616475,0.9883590340614319,0.9311515,1.9721507,6.344172,0,0.60191846,0.7492027878761292,1.472399115562439,0.4975373446941376,0.01816493086516857,1.9836978,6.344172,0,0.59317523
A549,4,GEF,38,3,85.79,4,0.33273184299468994,0.012752372771501541,0.34311604499816895,0.009587382897734642,0.15955181419849396,1.4929749965667725,0.003980512265115976,0.3517901599407196,0.060867730528116226,0.21003420650959015,0.24934309720993042,1.0267479419708252,2.0639277,2.051567,532,44108,44640,0.45248315,0.00973125547170639,0.19588123,0.9449130892753601,0.9381049,3.1272418,7.151508,0,1.201175,1.4929749965667725,3.5312509536743164,0.7143709063529968,0.3431473970413208,3.1469536,7.151508,0,1.1789216
A549,4,GEF,38,3,85.79,5,0.07937491685152054,0.008412358351051807,0.1708918660879135,0.0024720614310353994,0.14827893674373627,1.7685890197753906,0.001172196469269693,0.23486965894699097,0.04381146654486656,0.17553606629371643,0.19027413427829742,1.0708717107772827,0.7893365,0.7916148,300,36772,37072,0.6877718,0.48804277181625366,0.8556688,0.9878725409507751,0.94300616,0.88796645,4.0313115,0,1.0312765,1.7685890197753906,2.5118448734283447,1.076414942741394,0.0893879160284996,0.880782,4.0313115,0,1.0325823
A549,4,GEF,38,3,85.79,6,0.16191765666007996,0.004945650231093168,0.16836754977703094,0.004056703299283981,0.07551559060811996,1.1865580081939697,0.001351886778138578,0.25641748309135437,0,0.10311131179332733,0.12300510704517365,0.778445839881897,1.4042013,1.3911065,673,31487,32160,0.88486904,-0.421009868,0.19428411,0.9632310271263123,0.9424689,2.4563997,9.384232,0,1.3456851,1.1865580081939697,2.537527084350586,0.5270202159881592,0.15095806121826172,2.483541,9.384232,0,1.3360192
A549,4,GEF,38,3,85.79,7,0.27152106165885925,0.004864403512328863,0.2731044590473175,0.004460343159735203,0.13679835200309753,2.850497007369995,0.001058898982591927,0.21920736134052277,0.056341465562582016,0.1638736128807068,0.17934386432170868,1.9908984899520874,3.7554939,3.7425058,179,24141,24320,0.995088,0.7781988382339478,0.4328397,0.9961657524108887,0.96544534,5.602284,11.5185795,0,1.9462515,2.850497007369995,3.6427032947540283,2.2389116287231445,0.09395230561494827,5.6226883,11.5185795,0,1.9034226
A549,4,GEF,38,3,85.79,8,0.15410369634628296,0.025072557851672173,0.26690950989723206,0.013317042030394077,0.08662904798984528,1.0563888549804688,0.0008991759386844933,0.19211061298847198,0.0032857705373317003,0.11063715070486069,0.12456747144460678,0.7226454615592957,2.1535497,2.1406152,700,76740,77440,0.94046587,-0.221372336,0.11761315,0.9725603461265564,0.8750185,2.018659,9.685858,0,4.671149,1.0563888549804688,2.2473909854888916,0.5344782471656799,0.07781492173671722,2.0274365,9.685858,0,4.704525
A549,4,GEF,39,3,85.79,1,0.23401406407356262,0.012700711376965046,0.27575361728668213,0.003456221427768469,0.22189855575561523,1.9978115558624268,0.0009418585686944425,0.3187832832336426,0.157491534948349,0.2460501343011856,0.2629598379135132,1.2603955268859863,1.4279437,1.4271735,200,43304,43504,0.943088,0.577656626701355,0.754949,0.9976674914360046,0.98887223,2.2601137,5.8521595,0,1.1513474,1.9978115558624268,2.5922868251800537,1.6174613237380981,0.032695118337869644,2.2613254,5.8521595,0,1.1561948
A549,4,GEF,39,3,85.79,2,0.10129231214523315,0.010592852719128132,0.19049102067947388,0.0029294388368725777,0.1471550315618515,1.3129721879959106,0.0014775899471715093,0.2743820548057556,0.05249304696917534,0.177775040268898,0.1978139877319336,0.8096662759780884,1.0057259,1.0046897,300,56468,56768,0.76692563,0.019818924367427826,0.54574597,0.994747519493103,0.9768181,0.9531833,4.329972,0,0.9379937,1.3129721879959106,2.1070432662963867,0.9149412512779236,0.04089725762605667,0.95127183,4.329972,0,0.94206846
A549,4,GEF,39,3,85.79,3,0.17715947329998016,0.036824241280555725,0.3677093982696533,0.006364818196743727,0.29266807436943054,2.4165425300598145,0.002217617817223072,0.4372311532497406,0.16958947479724884,0.3304542899131775,0.3546544909477234,1.5827420949935913,2.0398781,2.0363233,700,89316,90016,0.90449214,-0.261337638,0.5541259,0.9867051243782043,0.9654106,1.5415112,6.2866693,0,2.8485544,2.4165425300598145,3.6198160648345947,1.5736111402511597,0.19173644483089447,1.5346533,6.2866693,0,2.863329
A549,4,GEF,39,3,85.79,4,0.05581894516944885,0.003951472695916891,0.11021382361650467,0.0018070662626996636,0.06821814179420471,1.0103718042373657,0.0007192824850790203,0.1597980409860611,0,0.08959467709064484,0.1025770753622055,0.6672285795211792,0.7358407,0.73534244,900,123084,123984,0.97543633,0.03384294733405113,0.7699517,0.9895317554473877,0.9473313,0.8756143,4.6468763,0,0.9301173,1.0103718042373657,1.4584413766860962,0.6236034631729126,0.030035901814699173,0.87462896,4.6468763,0,0.9365649
A549,4,GEF,39,3,85.79,5,0.08163286745548248,0.007364517543464899,0.14378798007965088,0.00403469055891037,0.06300708651542664,0.48492276668548584,0.001122807851061225,0.17195402085781097,0,0.08916311711072922,0.10490023344755173,0.3902646005153656,0.6176737,0.6150102,871,73497,74368,0.38820407,-0.16132237,0.13785824,0.979486346244812,0.94065255,0.64728487,5.0654,0,0.45700505,0.48492276668548584,0.9906076788902283,0,0.033305276185274124,0.649209,5.0654,0,0.46171013
A549,4,GEF,4,3,85.79,1,0.16951577365398407,0.03133479505777359,0.3186160624027252,0.011390069499611855,0.30598944425582886,3.586439847946167,0.0004403056809678674,0.35720452666282654,0.25711697340011597,0.32288387417793274,0.33325231075286865,2.88590145111084,1.5299574,1.5319922,100,66540,66640,0.78682554,0.08433503657579422,0.8715363,0.998710572719574,0.8350529,1.919689,7.225047,0,4.154838,3.586439847946167,4.136214733123779,3.183149814605713,0.029992323368787766,1.917184,7.225047,0,4.1568565
A549,4,GEF,4,3,85.79,2,0.0754767581820488,0.0035310257226228714,0.1120467483997345,0.0011443289695307612,0.06397532671689987,1.095651626586914,0.00028756598476320505,0.14254771173000336,0.02512514218688011,0.07694868743419647,0.08629318326711655,0.7644190788269043,0.99381256,0.9925627,500,91276,91776,0.9990345,-0.051609129,0.8672318,0.96856290102005,0.95275307,1.3130813,3.994737,0,1.0471728,1.095651626586914,1.9364160299301147,0.6592339873313904,0.08921810984611511,1.3142723,3.994737,0,1.0521601
A549,4,GEF,4,3,85.79,3,0.29001283645629883,0.022251510992646217,0.32280460000038147,0.014182156883180141,0.40839898586273193,3.630288600921631,0.000515184598043561,0.4782196581363678,0.35573405027389526,0.426400750875473,0.4379437267780304,3.4912021160125732,2.0066218,2.01126,200,63816,64016,0.8399586,-0.360224009,0.8445319,0.9972736835479736,0.8794724,2.5022724,6.545607,0,1.9984425,3.630288600921631,4.231906414031982,3.122990369796753,0.04690581187605858,2.498737,6.545607,0,2.0005586
A549,4,GEF,40,3,85.79,1,0.08929573744535446,0.005667847115546465,0.13050144910812378,0.0029058842919766903,0.05930548906326294,0.6253054141998291,0.0004270676290616393,0.128802090883255,0,0.07568240910768509,0.08587046712636948,0.4368007481098175,0.89405817,0.8913071,500,82604,83104,0.8625005,0.58240807056427,0.40301737,0.9928456544876099,0.9488998,1.3005584,5.9245925,0,1.2748967,0.6253054141998291,1.2368755340576172,0.4380812346935272,0.01196654886007309,1.3046457,5.9245925,0,1.2797647
A549,4,GEF,40,3,85.79,2,0.1568620502948761,0.005668620113283396,0.16437508165836334,0.004705170635133982,0.09779024124145508,1.1152797937393188,0.0006914942641742527,0.21069484949111938,0.033114898949861526,0.11846289783716202,0.1331244558095932,0.7445132732391357,1.2827975,1.2791588,700,102852,103552,0.11026106,0.020131953060626984,0.263004,0.9759984016418457,0.88763744,2.2730267,7.988896,0,1.2148998,1.1152797937393188,2.6370351314544678,0.6109064221382141,0.08354392647743225,2.2809062,7.988896,0,1.2134151
A549,4,GEF,40,3,85.79,3,0.08325860649347305,0.002759206108748913,0.09142507612705231,0.002283223904669285,0.0409662090241909,0.3686547875404358,0.0004256434040144086,0.12272199988365173,0,0.05681214854121208,0.06799328327178955,0.27752506732940674,0.6867347,0.6810542,1700,120764,122464,0.022667253,0.12490613013505936,0.15023911,0.982367753982544,0.85194993,1.0372181,4.474576,0,0.51691765,0.3686547875404358,0.7307103276252747,0.21587470173835754,0.006413136143237352,1.0466297,4.474576,0,0.5177234
A549,4,GEF,40,3,85.79,4,0.13302890956401825,0.005681314039975405,0.15398098528385162,0.003349899547174573,0.05872410535812378,0.5513823628425598,0.000793409941252321,0.15707668662071228,0,0.08109550923109055,0.09760512411594391,0.40209463238716125,0.9001485,0.89356273,878,65522,66400,0.99942863,-0.121907249,0.56481487,0.9407871961593628,0.9094703,1.2120163,3.611563,0,0.49225533,0.5513823628425598,1.2101430892944336,0.2402026653289795,0.037927813827991486,1.2208691,3.611563,0,0.4924167
A549,4,GEF,40,3,85.79,5,0.16803860664367676,0.020790906623005867,0.26329851150512695,0.007495334837585688,0.15242651104927063,1.2971380949020386,0.0015688915736973286,0.3147161602973938,0.040554795414209366,0.18394218385219574,0.2039337158203125,0.8181520700454712,1.2591636,1.2527469,1299,87981,89280,0.32613885,0.28510162234306335,0.4260581,0.9861392378807068,0.93566775,1.6015244,6.070858,0,1.9420316,1.2971380949020386,2.5147972106933594,0.5993057489395142,0.07186228036880493,1.6060183,6.070858,0,1.9682554
A549,4,GEF,40,3,85.79,6,0.06704976409673691,0.006537312176078558,0.1445164680480957,0.002895054407417774,0.09430145472288132,1.0362590551376343,0.0009761573164723814,0.19347843527793884,0.009163590148091316,0.11956841498613358,0.1339290738105774,0.6423636078834534,0.8322969,0.8306119,400,44688,45088,0.9793847,-0.143122867,0.7462549,0.9942879676818848,0.9832118,0.7899674,3.8126738,0,0.8332382,1.0362590551376343,1.7511482238769531,0.724513590335846,0.025882216170430183,0.7877629,3.8126738,0,0.839917
A549,4,GEF,41,3,85.79,1,0.10891101509332657,0.012295844964683056,0.2099524736404419,0.002489326521754265,0.18024484813213348,1.2685368061065674,0.0013578388607129455,0.2957690358161926,0,0.20947399735450745,0.22680698335170746,0.7711177468299866,0.86223733,0.86122215,900,79884,80784,0.8598106,-0.229479998,0.7000588,0.9923974871635437,0.9875026,0.8489073,3.3323686,0,0.7346037,1.2685368061065674,2.2778353691101074,0,0.058534134179353714,0.84417963,3.3323686,0,0.74021417
A549,4,GEF,41,3,85.79,2,0.0918683186173439,0.004481872543692589,0.11729782074689865,0.0027396457735449076,0.05129077285528183,0.3109271824359894,0.0003374521911609918,0.10271625965833664,0,0.06574289500713348,0.0743822380900383,0.26194024085998535,0.6737298,0.6704957,500,63164,63664,0.0730182,-0.011241019,-0.10008693,0.9894115924835205,0.90169317,0.8980898,3.8184106,0,0.5188297,0.3109271824359894,0.576263964176178,0,0.005589771084487438,0.90273774,3.8184106,0,0.52014184
A549,4,GEF,41,3,85.79,3,0.18094627559185028,0.016438640654087067,0.24889272451400757,0.005700078792870045,0.1682814508676529,1.742289662361145,0.0014008545549586415,0.2767804265022278,0.052492041140794754,0.1983404904603958,0.21357835829257965,1.1066409349441528,1.561507,1.5547147,700,46180,46880,0.84639204,0.30902910232543945,0.48986232,0.9844864010810852,0.9641178,2.0700169,6.8405967,0,2.2624521,1.742289662361145,2.6174252033233643,0.706859290599823,0.10563751310110092,2.0749846,6.8405967,0,2.2934928
A549,4,GEF,41,3,85.79,4,0.17092818021774292,0.004280344117432833,0.17622365057468414,0.0034797638654708862,0.10559981316328049,1.0035350322723389,0.0011625823099166155,0.2219647765159607,0.04382885992527008,0.1319391131401062,0.15389284491539001,0.7066419124603271,1.0891083,1.0832658,700,45124,45824,0.38250306,-0.373451293,0.22027859,0.91347736120224,0.9211473,1.7752991,5.7602115,0,0.78337926,1.0035350322723389,2.437091112136841,0.4026651978492737,0.22413772344589233,1.7872713,5.7602115,0,0.7826715
A549,4,GEF,41,3,85.79,5,0.25086870789527893,0.004463735036551952,0.25086870789527893,0.004463735036551952,0.14442434906959534,1.4057273864746094,0.0015716277994215488,0.2590635120868683,0.049144718796014786,0.17577625811100006,0.19620132446289062,1.0053271055221558,1.7434646,1.7269391,600,26200,26800,0.37926662,-0.462176859,0.025458343,0.9603385925292969,0.9492069,2.563152,6.2133636,0.77160174,0.6470448,1.4057273864746094,2.634830951690674,0.8336225748062134,0.16468922793865204,2.5896583,6.2133636,0.77160174,0.62670994
A549,4,GEF,41,3,85.79,6,0.22161132097244263,0.004097869154065847,0.2216191440820694,0.004096279386430979,0.10662675648927689,1.242840051651001,0.0005033746710978448,0.16925135254859924,0.06462842971086502,0.12453137338161469,0.1370878666639328,0.888630747795105,1.8999711,1.8928287,200,28120,28320,0.7410684,0.5148580074310303,0.16396531,0.9939101934432983,0.9414067,2.847326,6.4843664,0,0.83020663,1.242840051651001,1.8105556964874268,0.9511999487876892,0.02408488281071186,2.8587377,6.4843664,0,0.81749994
A549,4,GEF,41,3,85.79,7,0.21283960342407227,0.0031182486563920975,0.21308302879333496,0.0030699409544467926,0.1384505033493042,1.2612357139587402,0.0007827179506421089,0.22346070408821106,0.029591575264930725,0.16071175038814545,0.17263181507587433,0.8552727699279785,1.2189351,1.2126178,669,37843,38512,0.5417009,0.32665514945983887,0.19990246,0.9890428781509399,0.9670985,1.9821395,4.6054,0,0.36476657,1.2612357139587402,2.008558511734009,0.769468367099762,0.044039301574230194,1.9948841,4.6054,0,0.36108664
A549,4,GEF,41,3,85.79,8,0.10654544085264206,0.008198760449886322,0.16512009501457214,0.003034282010048628,0.11668140441179276,1.5934021472930908,0.0009772595949470997,0.22752819955348969,0.0012730405433103442,0.14204971492290497,0.15755228698253632,0.9592843055725098,1.5059838,1.5034779,200,43432,43632,0.58382714,0.328422486782074,0.5776634,0.9957863092422485,0.9616459,2.2038555,8.250786,0,3.618448,1.5934021472930908,2.2300641536712646,1.2265418767929077,0.03541266545653343,2.2066667,8.250786,0,3.6332233
A549,4,GEF,41,3,85.79,9,0.06879276782274246,0.007065335288643837,0.1531750112771988,0.0028065296355634928,0.12223241478204727,2.4697258472442627,0.0015555601567029953,0.23326249420642853,0.0031709743198007345,0.1533094197511673,0.17380818724632263,1.2963612079620361,1.6082529,1.6045445,300,24932,25232,0.77223706,-0.065162316,0.6613743,0.9873819947242737,0.9801267,1.6131848,8.040975,0,3.6521704,2.4697258472442627,4.359302520751953,1.5856870412826538,0.26212310791015625,1.6028782,8.040975,0,3.6840286
A549,4,GEF,41,3,85.79,10,0.08680981397628784,0.009944077581167221,0.17818260192871094,0.004129802342504263,0.11625868082046509,2.4235198497772217,0.0017974827205762267,0.22819940745830536,0.014055650681257248,0.15088680386543274,0.17159192264080048,1.2430912256240845,1.7766504,1.7727845,262,35898,36160,0.16094077,0.28834596276283264,0.54862946,0.9940887093544006,0.95596695,2.1887043,12.471305,0,6.1139684,2.4235198497772217,3.7966578006744385,1.701272964477539,0.19285112619400024,2.1869905,12.471305,0,6.1567783
A549,4,GEF,41,3,85.79,11,0.10345660895109177,0.010345104150474072,0.18430055677890778,0.0035294771660119295,0.12350039929151535,1.6547883749008179,0.0016102154040709138,0.22332902252674103,0,0.15529859066009521,0.17139647901058197,0.9512883424758911,1.1751499,1.1735953,500,71500,72000,0.91918665,0.5479663610458374,0.69600487,0.9932765364646912,0.9812084,1.4802529,5.9875383,0,1.9817019,1.6547883749008179,2.7737064361572266,0,0.08400524407625198,1.4790324,5.9875383,0,1.9947579
A549,4,GEF,41,3,85.79,12,0.18013468384742737,0.005560129415243864,0.18188782036304474,0.0052953679114580154,0.0671653226017952,1.5928865671157837,0.0014181550359353423,0.1878063827753067,0,0.09715747833251953,0.11659601330757141,1.0349383354187012,2.2451277,2.2301123,699,55637,56336,0.81662065,0.22109141945838928,0.20291224,0.9594040513038635,0.9284347,4.1948867,13.424886,0,3.2408342,1.5928865671157837,3.457911968231201,0.9108321070671082,0.28349873423576355,4.2275767,13.424886,0,3.1918597
A549,4,GEF,42,3,85.79,1,0.07908247411251068,0.004533636849373579,0.11865353584289551,0.0021069180220365524,0.038607608526945114,0.356263667345047,0.0004952430608682334,0.10198025405406952,0,0.05630007013678551,0.06858019530773163,0.270981103181839,0.59772897,0.59538245,700,96772,97472,0.86614853,0.7163736820220947,0.6412529,0.9796280860900879,0.9104943,0.7136597,2.7254024,0,0.3705641,0.356263667345047,0.7930700182914734,0.19838054478168488,0.009689860045909882,0.71624494,2.7254024,0,0.37224388
A549,4,GEF,42,3,85.79,2,0.15826712548732758,0.027293987572193146,0.28520166873931885,0.0129825659096241,0.18510888516902924,3.6127305030822754,0.0015324108535423875,0.29840049147605896,0.08858202397823334,0.21736669540405273,0.23721440136432648,2.467052936553955,2.5263085,2.5258088,845,99427,100272,0.970511,0.48112937808036804,0.59746295,0.9844659566879272,0.8075189,3.235008,32.186092,0,13.3584585,3.6127305030822754,4.988338470458984,2.385712146759033,0.42174723744392395,3.2317984,32.186092,0,13.467182
A549,4,GEF,43,3,85.79,1,0.30611878633499146,0.007868573069572449,0.3083079159259796,0.007249914109706879,0.14146414399147034,1.5101497173309326,0.0010278124827891588,0.2212171107530594,0.07376120239496231,0.16812168061733246,0.18442294001579285,1.055444359779358,2.1683354,2.1566415,404,38044,38448,0.42597824,0.3116172254085541,0.2743677,0.9821739792823792,0.9422877,3.3211107,7.5740037,0,1.010893,1.5101497173309326,2.2934865951538086,0.8740711808204651,0.0881151631474495,3.3403416,7.5740037,0,0.9854955
A549,4,GEF,43,3,85.79,2,0.04902412369847298,0.005345803219825029,0.1413601189851761,0.0023618917912244797,0.11118751764297485,1.2446749210357666,0.0007442182977683842,0.16986635327339172,0.049107152968645096,0.1338263601064682,0.14624951779842377,0.7872064709663391,0.6626723,0.66301024,100,36748,36848,0.6794174,0.11313305050134659,0.7548476,0.997214138507843,0.95526654,0.5563509,3.4456964,0,0.65447974,1.2446749210357666,1.5931594371795654,0.9947642683982849,0.015287745743989944,0.5544779,3.4456964,0,0.65492624
A549,4,GEF,43,3,85.79,3,0.0840371698141098,0.007850270718336105,0.1578134298324585,0.0030991428066045046,0.08326175063848495,1.1527020931243896,0.0008443549741059542,0.16506826877593994,0.007875730283558369,0.10640842467546463,0.12091178447008133,0.767829179763794,0.87295413,0.87122744,678,40602,41280,0.97444504,-0.041494474,0.7576378,0.9579857587814331,0.9234906,1.1456301,4.839002,0,1.4543014,1.1527020931243896,2.428433895111084,0.47031617164611816,0.11121663451194763,1.1455121,4.839002,0,1.4767282
A549,4,GEF,43,3,85.79,4,0.282436341047287,0.004643092397600412,0.28290367126464844,0.004518559668213129,0.16511185467243195,2.823563575744629,0.0006995181320235133,0.24394311010837555,0.10003454238176346,0.186049684882164,0.19909478724002838,2.0274405479431152,3.476306,3.4563599,300,21492,21792,0.999793,0.5210591554641724,0.44529715,0.9913612604141235,0.9667934,5.024351,10.853489,0,1.7096406,2.823563575744629,4.078190803527832,1.8776768445968628,0.15258623659610748,5.0550714,10.853489,0,1.662823
A549,4,GEF,43,3,85.79,5,0.2713683247566223,0.020074954256415367,0.30572760105133057,0.012112160213291645,0.11494657397270203,0.9482890963554382,0.0010090136202052236,0.2382236123085022,0.050493065267801285,0.1386464685201645,0.1579653024673462,0.6844325661659241,1.74207,1.7350185,500,74492,74992,0.87362546,-0.485015005,0.21494105,0.9785321950912476,0.9014498,2.6742115,7.836822,0,2.207166,0.9482890963554382,2.363424062728882,0.5945239663124084,0.08743854612112045,2.6857963,7.836822,0,2.2012656
A549,4,GEF,43,3,85.79,6,0.15568017959594727,0.009145611897110939,0.18771514296531677,0.005014097783714533,0.081818588078022,0.5772607326507568,0.0007078925264067948,0.1672980934381485,0,0.10327356308698654,0.11743055284023285,0.4360511004924774,0.90272456,0.89730144,563,47885,48448,0.38860512,0.4031178951263428,0.16543464,0.9935894012451172,0.94373244,1.2484806,4.5528116,0,0.60628784,0.5772607326507568,0.8348120450973511,0.38665854930877686,0.00652398681268096,1.2563723,4.5528116,0,0.6079801
A549,4,GEF,43,3,85.79,7,0.14767436683177948,0.009646938182413578,0.17103956639766693,0.007176914252340794,0.062133051455020905,0.4070405960083008,0.00019750343926716596,0.10089434683322906,0.028321348130702972,0.07335244864225388,0.0797710195183754,0.31735846400260925,0.94794697,0.94465995,300,57252,57552,0.17608476,0.340719074010849,0.13514218,0.9951533675193787,0.8332071,1.4079621,5.263175,0,1.108793,0.4070405960083008,0.5579301714897156,0.30566665530204773,0.0022883100900799036,1.4132069,5.263175,0,1.1093141
A549,4,GEF,43,3,85.79,8,0.10072408616542816,0.002301914384588599,0.1032126396894455,0.0021019363775849342,0.033234771341085434,0.529384434223175,0.00047827360685914755,0.1065770760178566,0,0.050376296043395996,0.0630737841129303,0.3876928687095642,0.99583495,0.98559546,500,29196,29696,0.84934,0.508260190486908,0.2580385,0.9887282252311707,0.940165,1.6758544,4.618251,0,0.4969962,0.529384434223175,0.9193233847618103,0.345099538564682,0.009299400262534618,1.6954883,4.618251,0,0.482453
A549,4,GEF,44,3,85.79,1,0.1450781524181366,0.014384061098098755,0.22955867648124695,0.003366810502484441,0.1889255940914154,2.205547571182251,0.0008858863729983568,0.25161561369895935,0.1102980524301529,0.2128298133611679,0.22642508149147034,1.2675278186798096,1.7243454,1.7236953,100,70172,70272,0.79630804,0.05780485272407532,0.45794538,0.9972954988479614,0.9854572,2.3160715,7.766033,0,3.5449386,2.205547571182251,2.7580244541168213,1.701909065246582,0.05486292019486427,2.3162293,7.766033,0,3.5498948
A549,4,GEF,44,3,85.79,2,0.08583527058362961,0.015291677787899971,0.23962868750095367,0.005836884491145611,0.12301453202962875,1.6338473558425903,0.010923748835921288,0.3497501015663147,0,0.216444194316864,0.25336676836013794,1.068300724029541,1.020245,1.0207313,582,56922,57504,0.43888366,0.17396879196166992,0.5239896,0.8565812706947327,0.8562216,1.1985983,7.708924,0,3.1645608,1.6338473558425903,4.964376926422119,0,2.3755381107330322,1.1941481,7.708924,0,3.1706717
A549,4,GEF,44,3,85.79,3,0.3160425126552582,0.016779374331235886,0.350707083940506,0.00646268529817462,0.2528720796108246,3.0130205154418945,0.002971801906824112,0.428953617811203,0.1467968225479126,0.2963150441646576,0.32974591851234436,2.070040225982666,2.7958293,2.7887313,581,58827,59408,0.36326072,-0.088067003,0.47210446,0.9456973075866699,0.93357295,4.3379397,9.470835,0,3.78206,3.0130205154418945,4.996342182159424,1.7363728284835815,0.800679087638855,4.351025,9.470835,0,3.7939973
A549,4,GEF,44,3,85.79,4,0.10520005971193314,0.0012189513072371483,0.1052018329501152,0.0012187846004962921,0.049071624875068665,0.6841921210289001,0.0001882541400846094,0.09018854051828384,0.01467159204185009,0.06001817062497139,0.06703483313322067,0.4899289011955261,1.2129724,1.2056344,600,58520,59120,0.89347464,0.313949853181839,0.25096318,0.9838574528694153,0.9323175,1.8020829,4.3345175,0.42848334,0.47689027,0.6841921210289001,1.1046075820922852,0.42848333716392517,0.017778784036636353,1.8135445,4.3345175,0.51182234,0.46865323
A549,4,GEF,44,3,85.79,5,0.21896113455295563,0.016381900757551193,0.2799161970615387,0.0038800330366939306,0.24457626044750214,2.9309439659118652,0.0015993257984519005,0.3571012616157532,0.12410420924425125,0.2760370969772339,0.2970597445964813,1.6297873258590698,1.3686779,1.3701752,354,61374,61728,0.7183441,0.24278418719768524,0.5249976,0.9909383654594421,0.9421527,2.3513248,6.1006665,0,2.2151392,2.9309439659118652,4.124882221221924,1.770477294921875,0.22319160401821136,2.3479817,6.1006665,0,2.2246795
A549,4,GEF,44,3,85.79,6,0.15644802153110504,0.014408333227038383,0.239681214094162,0.002124387538060546,0.22469787299633026,2.0942912101745605,0.0009663023520261049,0.3187241554260254,0.1283005177974701,0.24917857348918915,0.263166606426239,1.4724984169006348,1.1501914,1.1536787,600,54856,55456,0.8730072,0.11863262951374054,0.94081575,0.9903587102890015,0.9560343,1.5018971,4.0548873,0,1.3277783,2.0942912101745605,3.0254478454589844,1.421769142150879,0.07918163388967514,1.4954176,4.0548873,0,1.3375548
A549,4,GEF,44,3,85.79,7,0.14669954776763916,0.004697066266089678,0.1514228880405426,0.00413307873532176,0.07359594106674194,0.7680302858352661,0.0008699816535227001,0.2210281640291214,0,0.0958947092294693,0.11137840151786804,0.5277829170227051,1.0859735,1.0757176,2094,111874,113968,0.10807696,0.09258551895618439,0.07704051,0.976669430732727,0.89778036,1.9863994,6.347848,0,1.0642385,0.7680302858352661,1.614208698272705,0.40694698691368103,0.043575454503297806,2.0092044,6.347848,0,1.0550382
A549,4,GEF,44,3,85.79,8,0.03822454810142517,0.003022803459316492,0.10010998696088791,0.0017213620012626052,0.026947932317852974,0.16244225203990936,0.0009991934057325125,0.16277962923049927,0,0.05358218029141426,0.07265958189964294,0.22017470002174377,0.46427342,0.46074232,2378,162006,164384,0.11129398,0.06652515381574631,0.290553,0.9784739017486572,0.9219557,0.33265185,2.6200001,0,0.23093225,0.16244225203990936,0.6690065264701843,0,0.023311050608754158,0.3351502,2.6200001,0,0.23354833
A549,4,GEF,44,3,85.79,9,0.15093077719211578,0.0011920282850041986,0.15109950304031372,0.0011678674491122365,0.0866786539554596,0.6069813370704651,0.0007971678860485554,0.19647003710269928,0.020334970206022263,0.10925937443971634,0.12482764571905136,0.45513275265693665,0.88249654,0.877171,837,66331,67168,0.9626156,0.08156214654445648,0.56893116,0.9761374592781067,0.9522663,1.1914775,2.478177,0,0.10086123,0.6069813370704651,1.2139215469360352,0.3548140525817871,0.022749101743102074,1.1988529,2.478177,0,0.09748154
A549,4,GEF,44,3,85.79,10,0.07171464711427689,0.007795218378305435,0.16045686602592468,0.003201997373253107,0.09719931334257126,0.811699390411377,0.0009444153402000666,0.22741305828094482,0.024600675329566002,0.12133682519197464,0.1380186229944229,0.5361842513084412,0.74425846,0.742297,700,73556,74256,0.93904376,-0.153762564,0.68822443,0.9925260543823242,0.97998315,0.5962901,3.1574073,0,0.5121051,0.811699390411377,1.2888292074203491,0.4428960382938385,0.018626632168889046,0.5942401,3.1574073,0,0.51635545
A549,4,GEF,45,3,85.79,1,0.23543469607830048,0.011819773353636265,0.26621758937835693,0.005170252174139023,0.16793785989284515,1.8305695056915283,0.0013701965799555182,0.2885214686393738,0.07314285635948181,0.19740305840969086,0.2179478257894516,1.201379656791687,1.6896898,1.6815442,600,35368,35968,0.99692875,-0.422990531,0.55970776,0.9848238825798035,0.972164,2.645629,6.6407986,0,1.5829068,1.8305695056915283,2.9274232387542725,1.1960694789886475,0.12651674449443817,2.6594558,6.6407986,0,1.5961527
A549,4,GEF,45,3,85.79,2,0.19057796895503998,0.011067084968090057,0.21544572710990906,0.007153533399105072,0.11665947735309601,1.9758704900741577,0.0006229387363418937,0.23312070965766907,0.0410197414457798,0.13631899654865265,0.1489441841840744,1.266882300376892,2.3537362,2.3420987,700,64676,65376,0.0818213,0.5991267561912537,0.22982547,0.995468020439148,0.88823766,4.288877,14.570445,0,7.4290757,1.9758704900741577,2.848021984100342,1.3798248767852783,0.0507638119161129,4.313911,14.570445,0,7.4504013
A549,4,GEF,45,3,85.79,3,0.17726008594036102,0.023998981341719627,0.2915600538253784,0.006148581393063068,0.20478585362434387,2.518902063369751,0.0016314564272761345,0.3516107499599457,0.09989266097545624,0.23650823533535004,0.25671496987342834,1.510365605354309,2.0384164,2.0315368,1000,75752,76752,0.99813914,-0.004957218,0.4757297,0.9913235902786255,0.9638074,2.3344836,8.97689,0,4.2630615,2.518902063369751,3.8993148803710938,1.578375220298767,0.15660922229290009,2.3320491,8.97689,0,4.316816
A549,4,GEF,45,3,85.79,4,0.18983076512813568,0.0122383963316679,0.23478171229362488,0.004582722671329975,0.15506963431835175,1.9749574661254883,0.0013948531122878194,0.2623710036277771,0.03559799864888191,0.1849052608013153,0.2030787467956543,1.1181719303131104,1.554208,1.5458994,775,39897,40672,0.31337297,-0.116666496,0.05000824,0.9927647113800049,0.97554183,2.4056587,7.3065314,0,1.9036845,1.9749574661254883,2.8996152877807617,1.1573363542556763,0.0900191143155098,2.414025,7.3065314,0,1.9352417
A549,4,GEF,45,3,85.79,5,0.05801256000995636,0.0019102625083178282,0.07619421929121017,0.0011236188001930714,0.03714843839406967,0.3111487030982971,0.0005973484367132187,0.11306076496839523,0,0.05667727813124657,0.07165243476629257,0.254795640707016,0.45930147,0.45743003,300,32484,32784,0.846375,0.016822367906570435,0.49602607,0.9696025252342224,0.9652372,0.48536822,1.8980833,0,0.10824297,0.3111487030982971,0.5538716316223145,0.1663607656955719,0.006680989172309637,0.4869772,1.8980833,0,0.10889802
A549,4,GEF,45,3,85.79,6,0.18844322860240936,0.010732075199484825,0.2284386307001114,0.003873368725180626,0.1468247026205063,1.1908482313156128,0.0007834478165023029,0.24156273901462555,0.08978742361068726,0.1696736216545105,0.18436114490032196,0.8291112184524536,1.2062896,1.2022748,600,55768,56368,0.9889106,0.2958570420742035,0.5805192,0.9891153573989868,0.9358221,1.8611485,5.0277147,0,1.1784207,1.1908482313156128,1.9075225591659546,0.8180122971534729,0.0430004745721817,1.86836,5.0277147,0,1.1857502
A549,4,GEF,45,3,85.79,7,0.16720135509967804,0.004760710522532463,0.1708131581544876,0.004246605094522238,0.07608329504728317,0.6852781772613525,0.0008352177683264017,0.18335483968257904,0,0.09890516102313995,0.11467084288597107,0.4898627996444702,0.9805523,0.97106963,786,39886,40672,0.44298604,0.22576050460338593,0.035806358,0.9760757088661194,0.94713974,1.6672957,4.7171435,0,0.50396013,0.6852781772613525,1.334242582321167,0.3355748653411865,0.027943449094891548,1.6866475,4.7171435,0,0.4939623
A549,4,GEF,45,3,85.79,8,0.1678803712129593,0.00437680771574378,0.17467890679836273,0.003366490826010704,0.10705006122589111,0.9840250015258789,0.0010288149351254106,0.2114967256784439,0.009458116255700588,0.13303157687187195,0.1482335478067398,0.6723557710647583,0.99838555,0.9904328,900,35996,36896,0.7308262,-0.362244368,0.31521755,0.9761171936988831,0.96772665,1.6258795,4.8023996,0,0.38751262,0.9840250015258789,1.7260594367980957,0.48269763588905334,0.06478938460350037,1.6419277,4.8023996,0,0.3850235
A549,4,GEF,45,3,85.79,9,0.37357833981513977,0.007364365272223949,0.3760318160057068,0.006490135565400124,0.24406859278678894,3.5596764087677,0.0022903720382601023,0.3559799790382385,0.13709914684295654,0.2831200957298279,0.3057318925857544,2.6589770317077637,4.0939045,4.0745234,354,25854,26208,0.98372126,0.26149559020996094,0.54390347,0.9793335795402527,0.97157484,5.480295,12.331954,0,1.7835553,3.5596764087677,4.898122787475586,2.154324531555176,0.4562511444091797,5.5065928,12.331954,0,1.7505299
A549,4,GEF,46,3,85.79,1,0.09030421078205109,0.001700115273706615,0.09372764825820923,0.0014436948113143444,0.051810309290885925,0.42280271649360657,0.00021939426369499415,0.09906438738107681,0.01517032366245985,0.06372375786304474,0.07100008428096771,0.31690311431884766,0.7084135,0.70292395,1200,84384,85584,0.36926287,0.2841458320617676,0.43148184,0.9849693179130554,0.8981103,1.023376,3.216805,0,0.2506789,0.42280271649360657,0.824918806552887,0.2582526206970215,0.006851865444332361,1.0319167,3.216805,0,0.24894412
A549,4,GEF,46,3,85.79,2,0.02162349410355091,0.0010969171999022365,0.05545657128095627,0.0009369357721880078,0.03713739290833473,0.6542602777481079,0.0007823874475434422,0.12711945176124573,0,0.06060200184583664,0.07468139380216599,0.49393555521965027,0.6872919,0.6846866,700,51252,51952,0.7536376,0.12576547265052795,0.38766193,0.9951297640800476,0.98000246,0.39894265,2.4706824,0,0.25481543,0.6542602777481079,1.0261006355285645,0,0.06898992508649826,0.39545548,2.4706824,0,0.25645092
A549,4,GEF,46,3,85.79,3,0.04453176632523537,0.004537360277026892,0.11250130087137222,0.003816144308075309,0.03315098583698273,0.23620548844337463,0.0007296609110198915,0.1470978707075119,0,0.05513327196240425,0.06927251070737839,0.22076445817947388,0.5441657,0.5401069,600,47208,47808,0.79784864,-0.369648635,0.4288131,0.950031578540802,0.90013,0.36427647,3.0281801,0,0.29365888,0.23620548844337463,0.7034839987754822,0,0.020139560103416443,0.36590424,3.0281801,0,0.2969241
A549,4,GEF,46,3,85.79,4,0.024088148027658463,0.0011364177335053682,0.05622914433479309,0.0008454878116026521,0.01093648187816143,0.11843232810497284,0.00028994257445447147,0.07210215926170349,0,0.02187296375632286,0.03763622045516968,0.16725586354732513,0.35506305,0.35306257,800,74304,75104,0.99691415,0.5229436755180359,0.557381,0.9756752252578735,0.9309845,0.24608953,2.1346085,0,0.100048535,0.11843232810497284,0.4055335521697998,0,0.010843435302376747,0.24746397,2.1346085,0,0.10083161
A549,4,GEF,46,3,85.79,5,0.04749266803264618,0.0016221682308241725,0.06347214430570602,0.0011537143727764487,0.0244141798466444,0.2700653374195099,0.00043934301356785,0.08452949672937393,0,0.041768647730350494,0.05390724167227745,0.21815146505832672,0.48376212,0.4803968,700,54548,55248,0.9348873,0.5792157053947449,0.4556415,0.980911910533905,0.9231783,0.5937558,3.6365805,0,0.24736845,0.2700653374195099,0.5045737624168396,0,0.0040552495047450066,0.59790957,3.6365805,0,0.249129
A549,4,GEF,47,3,85.79,1,0.13329248130321503,0.010767308995127678,0.19684529304504395,0.003391004167497158,0.1435428410768509,1.4865576028823853,0.0006116742151789367,0.22772899270057678,0.06926730275154114,0.1628645360469818,0.17560109496116638,0.9668906927108765,1.1696199,1.1687859,400,96832,97232,0.9162095,0.442798376083374,0.84262294,0.9943922758102417,0.98216677,1.6124187,5.284901,0,1.5089844,1.4865576028823853,2.2495193481445312,1.0184823274612427,0.0414368137717247,1.6129386,5.284901,0,1.514981
A549,4,GEF,47,3,85.79,2,0.025979487225413322,0.001579824835062027,0.07177720218896866,0.0010775739792734385,0.027458928525447845,0.13524819910526276,0.0005430949968285859,0.10279170423746109,0,0.047816503793001175,0.05779562145471573,0.16420501470565796,0.34379327,0.3420173,600,60072,60672,0.95355946,0.49512916803359985,0.58801746,0.9864041805267334,0.94505143,0.16738327,2.0378978,0,0.07509755,0.13524819910526276,0.3413751721382141,0,0.007937734946608543,0.16770422,2.0378978,0,0.075757936
A549,4,GEF,47,3,85.79,3,0.08717396855354309,0.0024329298175871372,0.09521984308958054,0.0018913543317466974,0.041791483759880066,0.8591403961181641,0.0005697211599908769,0.13708731532096863,0,0.061129238456487656,0.0729103609919548,0.5822511911392212,1.1827563,1.1757925,873,74407,75280,0.81505126,0.11910788714885712,0.5249353,0.9706912636756897,0.9506155,2.1087546,7.167456,0,0.9824086,0.8591403961181641,1.6633292436599731,0.4384489059448242,0.06358755379915237,2.123416,7.167456,0,0.97465295
A549,4,GEF,47,3,85.79,4,0.07576549798250198,0.004140154458582401,0.097114697098732,0.0032334455754607916,0.04229488968849182,1.3065296411514282,0.0010175411589443684,0.1552530825138092,0,0.06871239095926285,0.08534974604845047,0.8538457155227661,1.488032,1.4738792,1831,80217,82048,0.7420591,0.18916063010692596,0.5112885,0.9669948816299438,0.94450325,2.550848,8.089437,0,1.6530807,1.3065296411514282,2.6666908264160156,0,0.14408010244369507,2.5792499,8.089437,0,1.6513762
A549,4,GEF,48,3,85.79,1,0.17656309902668,0.024483496323227882,0.2980930507183075,0.0051084659062325954,0.2186048924922943,1.7879568338394165,0.0009167771204374731,0.29965320229530334,0.14574606716632843,0.24272243678569794,0.25758180022239685,1.1789592504501343,1.308889,1.3080659,200,31368,31568,0.9823148,-0.32649678,0.791458,0.9942415356636047,0.9766558,1.5682526,5.367857,0,1.9268215,1.7879568338394165,2.3577888011932373,1.3078374862670898,0.05073786899447441,1.5668519,5.367857,0,1.9384736
A549,4,GEF,48,3,85.79,2,0.042224302887916565,0.005102179944515228,0.1360301673412323,0.0036767960991710424,0.03454500436782837,0.21909159421920776,0.0009538366575725377,0.14060810208320618,0,0.06114237383008003,0.07525931298732758,0.24497279524803162,0.568003,0.56536496,600,72872,73472,0.6624209,0.6502385139465332,0.53015924,0.9836352467536926,0.9209374,0.2904184,2.445765,0,0.24999607,0.21909159421920776,0.6298877596855164,0,0.020620156079530716,0.29100564,2.445765,0,0.25184247
A549,4,GEF,48,3,85.79,3,0.18827767670154572,0.0024388418532907963,0.18877765536308289,0.0023509340826421976,0.14083722233772278,3.05023455619812,0.0012977361911907792,0.24238300323486328,0.006166962906718254,0.16877427697181702,0.1852283626794815,1.8790432214736938,2.2030914,2.1988409,629,47323,47952,0.75045425,0.42353785037994385,0.67193335,0.9870809316635132,0.98122346,3.9820132,7.1072516,0,0.5782082,3.05023455619812,4.6205034255981445,1.8663825988769531,0.2715429961681366,3.994398,7.1072516,0,0.570591
A549,4,GEF,48,3,85.79,4,0.10625315457582474,0.0037932638078927994,0.11337074637413025,0.0032404346857219934,0.05243128910660744,0.8087816834449768,0.0004798784793820232,0.13654446601867676,0,0.06956911832094193,0.08184130489826202,0.5662140846252441,1.2929479,1.2893348,600,120088,120688,0.10754158,-0.041748174,0.22554813,0.9743868112564087,0.8436028,2.2122955,8.108164,0,1.9036864,0.8087816834449768,1.4669268131256104,0.4818207919597626,0.04545239359140396,2.2193081,8.108164,0,1.9030793
A549,4,GEF,48,3,85.79,5,0.1532508283853531,0.008333656936883926,0.1854175180196762,0.004118586424738169,0.11266334354877472,1.5232748985290527,0.001518469420261681,0.2453698068857193,0,0.14397969841957092,0.16112281382083893,0.9682863354682922,1.2942872,1.291054,600,59896,60496,0.725008,0.4138123691082001,0.62001973,0.967199444770813,0.93893224,2.1488655,7.2516923,0,1.5725403,1.5232748985290527,2.8585238456726074,0.8008348941802979,0.14588665962219238,2.1551323,7.2516923,0,1.5828718
A549,4,GEF,49,3,85.79,1,0.17874900996685028,0.005654578097164631,0.1819203644990921,0.005177968181669712,0.09046585857868195,0.6459454894065857,0.0012780174147337675,0.21070940792560577,0,0.11867187917232513,0.1377265304327011,0.46712347865104675,0.8672775,0.8593756,1442,71582,73024,0.07866828,9.829923510551453e-05,-0.17278221,0.9634783267974854,0.9101921,1.3623418,3.8965747,0,0.46241042,0.6459454894065857,1.436350703239441,0,0.043451953679323196,1.3767735,3.8965747,0,0.46030322
A549,4,GEF,49,3,85.79,2,0.06992585957050323,0.010632076300680637,0.2073829174041748,0.003025885671377182,0.045943524688482285,0.3455217778682709,0.004743003286421299,0.22630250453948975,0,0.09207306057214737,0.15493053197860718,0.3756380081176758,0.57757854,0.57627726,495,76321,76816,0.42556912,-0.544429123,0.19440332,0.8331518173217773,0.8939745,0.55121136,3.3826838,0,0.6422704,0.3455217778682709,1.506018042564392,0,0.26477205753326416,0.55254537,3.3826838,0,0.6444426
A549,4,GEF,49,3,85.79,3,0.2957914173603058,0.005828376859426498,0.29580721259117126,0.005824017804116011,0.1522122323513031,1.6022106409072876,0.0016011910047382116,0.2551640570163727,0.06589013338088989,0.18584714829921722,0.2067156732082367,1.1233998537063599,2.1443312,2.137066,400,55808,56208,0.43267924,-0.340526342,0.054412812,0.9638605117797852,0.94998825,3.3096845,7.0421553,0,0.7955063,1.6022106409072876,2.5831124782562256,0.8494441509246826,0.20203912258148193,3.3219225,7.0421553,0,0.7787137
A549,4,GEF,49,3,85.79,4,0.4103783369064331,0.004838233347982168,0.4103783369064331,0.004838233347982168,0.2987234890460968,3.0928537845611572,0.0022975909523665905,0.39581960439682007,0.16926556825637817,0.33900052309036255,0.3581155836582184,2.609518051147461,3.808906,3.7958806,359,32697,33056,0.7658954,-0.522601604,0.21463804,0.9797499775886536,0.96861917,4.3439465,7.077032,1.8610891,0.6909414,3.0928537845611572,4.021275043487549,2.0053718090057373,0.2420443445444107,4.3576827,7.077032,1.8610891,0.6784958
A549,4,GEF,49,3,85.79,5,0.14724847674369812,0.001468306640163064,0.1472533494234085,0.0014676371356472373,0.11494962126016617,1.4983241558074951,0.0007705138996243477,0.19433343410491943,0.038569021970033646,0.1375943273305893,0.1505434513092041,0.9964222311973572,1.2257847,1.2207558,662,29530,30192,0.6881757,-0.144947872,0.52414614,0.987216055393219,0.97904885,1.9328382,3.5601358,0,0.16550682,1.4983241558074951,2.083144426345825,0.9162868857383728,0.06276979297399521,1.9425789,3.5601358,0,0.16348255
A549,4,GEF,49,3,85.79,6,0.09068102389574051,0.016722215339541435,0.25506389141082764,0.005107435863465071,0.1949659287929535,1.1065654754638672,0.0019136142218485475,0.3304489552974701,0.07572463154792786,0.22969070076942444,0.25087422132492065,0.6824654340744019,0.8265662,0.82471967,400,30816,31216,0.07439975,0.28751033544540405,0.5117145,0.9948173761367798,0.94981617,0.6138015,5.258189,0,0.85412985,1.1065654754638672,1.7505863904953003,0.6510763764381409,0.0296272411942482,0.6074052,5.258189,0,0.86163944
A549,4,GEF,49,3,85.79,7,0.11358598619699478,0.0014555687084794044,0.11603309214115143,0.0012029833160340786,0.07707171887159348,0.7349522709846497,0.0006184348021633923,0.15985791385173798,0.017238987609744072,0.09727096557617188,0.10821114480495453,0.5197350382804871,0.74263257,0.7403739,369,36047,36416,0.9100464,-0.116927929,0.67393416,0.9883214831352234,0.980494,1.1494005,2.3899367,0,0.09727435,0.7349522709846497,1.0558726787567139,0.47673046588897705,0.014803064987063408,1.1536429,2.3899367,0,0.096342266
A549,4,GEF,5,3,85.79,1,0.10615579783916473,0.016833335161209106,0.22909709811210632,0.00816288497298956,0.1290852576494217,1.453665018081665,0.00037009280640631914,0.19169621169567108,0.07973850518465042,0.14463099837303162,0.1544516384601593,1.0157302618026733,1.1208438,1.1202471,700,122628,123328,0.93923676,0.14905619621276855,0.73389196,0.9886882305145264,0.8535868,1.3301684,9.4110775,0,2.7428544,1.453665018081665,2.1649301052093506,1.0398205518722534,0.050391677767038345,1.3294634,9.4110775,0,2.758136
A549,4,GEF,5,3,85.79,2,0.10265657305717468,0.0015083152102306485,0.10426533967256546,0.0013642137637361884,0.0672743022441864,0.869254469871521,0.0003622952208388597,0.1195133626461029,0.01496986486017704,0.0821993425488472,0.09220245480537415,0.5532360672950745,0.8454729,0.8406632,400,23904,24304,0.7238429,0.12411720305681229,0.22287299,0.9943876266479492,0.9766996,1.6001981,3.4434915,0,0.24915266,0.869254469871521,1.306560754776001,0.6086428165435791,0.014832418411970139,1.6124295,3.4434915,0,0.24398367
A549,4,GEF,5,3,85.79,3,0.03295781463384628,0.0027559446170926094,0.10293445736169815,0.0014044095296412706,0.06416492164134979,0.9033334255218506,0.002023473381996155,0.15952755510807037,0,0.10160743445158005,0.11807398498058319,0.578743577003479,0.59379023,0.59358835,400,29408,29808,0.58035076,0.5716063380241394,0.61671424,0.9743900895118713,0.98181784,0.42042875,2.5006413,0,0.38977784,0.9033334255218506,1.6302067041397095,0,0.28733107447624207,0.4138604,2.5006413,0,0.38795626
A549,4,GEF,5,3,85.79,4,0.09708807617425919,0.0039428602904081345,0.10557053983211517,0.003391843754798174,0.03620779141783714,0.38216862082481384,0.0004581309331115335,0.13483938574790955,0,0.05253658443689346,0.06482475250959396,0.2789385914802551,0.68637574,0.68101096,900,67452,68352,0.40092257,0.3008878231048584,0.04643454,0.9761632084846497,0.8817816,1.1421835,4.1978087,0,0.5584037,0.38216862082481384,0.9044598937034607,0.20252077281475067,0.011327574960887432,1.1523244,4.1978087,0,0.5578933
A549,4,GEF,5,3,85.79,5,0.050526801496744156,0.0008335242746397853,0.05187327042222023,0.0007858907338231802,0.01965087279677391,0.15409231185913086,0.00013349555956665426,0.06318990141153336,0,0.029211876913905144,0.0343676395714283,0.12300649285316467,0.4185161,0.41498128,600,49560,50160,0.028856209,0.44659721851348877,-0.16035749,0.9849856495857239,0.8162082,0.62029904,1.9687494,0,0.17334798,0.15409231185913086,0.2385912388563156,0.09049215167760849,0.0008257636218331754,0.62594324,1.9687494,0,0.17277339
A549,4,GEF,5,3,85.79,6,0.10010173916816711,0.001590666943229735,0.10671438276767731,0.0009900808800011873,0.08516285568475723,0.7861010432243347,0.0009284755797125399,0.1526532918214798,0.007474299054592848,0.1099543496966362,0.11983448266983032,0.5655805468559265,0.6563855,0.6547944,492,27588,28080,0.8805772,-0.240203351,0.8614465,0.9696050882339478,0.96959376,0.9222599,1.9136926,0,0.11051886,0.7861010432243347,1.187293291091919,0.4389614462852478,0.031915925443172455,0.9246883,1.9136926,0,0.11158413
A549,4,GEF,5,3,85.79,7,0.1296738088130951,0.0022608863655477762,0.12971745431423187,0.0022559859789907932,0.06400242447853088,1.477495551109314,0.0005338459159247577,0.1514168679714203,0.006841637659817934,0.08181053400039673,0.09204129129648209,0.9599117040634155,1.7975999,1.7881911,434,38206,38640,0.27349642,0.25320902466773987,0.22367446,0.970658004283905,0.9321966,3.0468338,8.666427,0.844857,1.2358595,1.477495551109314,2.6996243000030518,0.8448569774627686,0.16945964097976685,3.0646605,8.666427,1.0271722,1.219679
A549,4,GEF,5,3,85.79,8,0.056514352560043335,0.0038447098340839148,0.10741041600704193,0.0018404365982860327,0.09263532608747482,0.8806015253067017,0.0002790994185488671,0.15665468573570251,0.047428712248802185,0.10528866946697235,0.11349820345640182,0.5929696559906006,0.5490207,0.54919916,100,24524,24624,0.4513179,0.7439643740653992,0.7988243,0.9979619383811951,0.98187447,0.5181053,2.2251828,0,0.27458933,0.8806015253067017,1.0167971849441528,0.7054714560508728,0.003942812792956829,0.5166272,2.2251828,0,0.27515492
A549,4,GEF,5,3,85.79,9,0.06040395796298981,0.010716806165874004,0.17015714943408966,0.011513808742165565,0.06338813900947571,1.855331301689148,0.001370019861496985,0.1455846130847931,0,0.0938258245587349,0.11449060589075089,1.1408687829971313,1.1109835,1.1110636,100,37180,37280,0.6244403,0.05481503903865814,0.5381804,0.9930331110954285,0.7321343,1.5479463,12.02131,0,6.976794,1.855331301689148,2.7335124015808105,1.4207189083099365,0.05645541846752167,1.5471195,12.02131,0,6.995152
A549,4,GEF,50,3,85.79,1,0.08169092237949371,0.0022134946193546057,0.09081755578517914,0.0016319314017891884,0.04755090922117233,0.5990171432495117,0.0004578020016197115,0.15165208280086517,0,0.06364378333091736,0.07568425685167313,0.4242383539676666,0.7297981,0.725941,700,54756,55456,0.7074042,0.6744646430015564,0.46763304,0.9861903786659241,0.9414991,1.109611,3.8447528,0,0.40412593,0.5990171432495117,1.3491290807724,0.35943225026130676,0.020104115828871727,1.1161383,3.8447528,0,0.40565982
A549,4,GEF,50,3,85.79,2,0.30479273200035095,0.01277816854417324,0.30490291118621826,0.012749201618134975,0.2090511918067932,3.7643282413482666,0.0006348522729240358,0.2830650508403778,0.13660255074501038,0.22890572249889374,0.24138428270816803,2.6620776653289795,4.4524746,4.4425235,200,35784,35984,0.063655496,-0.06690608,0.17260551,0.9921078681945801,0.8647294,6.3045287,18.610703,0,6.297496,3.7643282413482666,4.939022541046143,2.971637010574341,0.1928565353155136,6.318726,18.610703,0,6.2953496
A549,4,GEF,50,3,85.79,3,0.24822475016117096,0.007885788567364216,0.24822475016117096,0.007885788567364216,0.1993056833744049,3.7004246711730957,0.0006597665487788618,0.270797997713089,0.12041657418012619,0.2199913114309311,0.23302499949932098,2.5297250747680664,3.4022508,3.3932526,479,45969,46448,0.15693198,0.533197820186615,0.24411057,0.9934032559394836,0.88055843,5.283519,18.703876,1.776766,4.187045,3.7004246711730957,4.966446399688721,2.8115956783294678,0.18975690007209778,5.3000145,18.703876,1.776766,4.2023106
A549,4,GEF,50,3,85.79,4,0.133177250623703,0.002044292399659753,0.13468335568904877,0.001864563557319343,0.07703159749507904,0.6489439606666565,0.00038793645217083395,0.13480310142040253,0.012219578959047794,0.09300882369279861,0.10269083082675934,0.4635586440563202,0.82730764,0.8229502,391,32249,32640,0.91462725,-0.341804922,0.5142908,0.9792373180389404,0.9663007,1.3461336,4.5289197,0,0.20212907,0.6489439606666565,1.1730902194976807,0.3700493574142456,0.024341490119695663,1.3545867,4.5289197,0,0.19831984
A549,4,GEF,50,3,85.79,5,0.1707105189561844,0.007052276749163866,0.18728728592395782,0.004632463678717613,0.07946500927209854,0.8105798959732056,0.001137974439188838,0.14529016613960266,0.001481092651374638,0.10841885209083557,0.12232498824596405,0.5480669736862183,1.0145488,1.0102892,264,28648,28912,0.5828185,-0.129924446,0.38462967,0.9889485239982605,0.9646045,1.6743599,4.170978,0,0.63044757,0.8105798959732056,1.1011250019073486,0.5671856999397278,0.01639195904135704,1.6823199,4.170978,0,0.62916726
A549,4,GEF,50,3,85.79,6,0.09385616332292557,0.0027472160290926695,0.09603092074394226,0.002602028427645564,0.03806401416659355,0.39219915866851807,0.0005282761412672698,0.12266142666339874,0,0.056462325155735016,0.0688139870762825,0.2933395504951477,0.71283036,0.70560604,1200,68480,69680,0.50205165,0.31596460938453674,0.12445678,0.986076295375824,0.8943916,1.1655245,4.4518933,0,0.4432687,0.39219915866851807,0.927342414855957,0.24437622725963593,0.006565100979059935,1.1790758,4.4518933,0,0.44025803
A549,4,GEF,51,3,85.79,1,0.15688841044902802,0.0036281857173889875,0.157110795378685,0.003598394338041544,0.08749803155660629,1.0563372373580933,0.00038400449557229877,0.15219025313854218,0.024779386818408966,0.10292473435401917,0.11243975907564163,0.7133389115333557,1.4495332,1.4326789,1100,46948,48048,0.06600773,0.4833943843841553,-0.079123266,0.9916216135025024,0.9035512,2.4457827,6.102278,0,1.2222733,1.0563372373580933,1.6828168630599976,0.722107470035553,0.028011610731482506,2.4783373,6.102278,0,1.2039621
A549,4,GEF,51,3,85.79,2,0.09015239775180817,0.0015977550065144897,0.09083573520183563,0.0015477935085073113,0.042702917009592056,0.5275418162345886,0.0003106665681116283,0.09615935385227203,0.0010039497865363955,0.05649975687265396,0.06544630974531174,0.3740096688270569,0.7719096,0.769258,256,38160,38416,0.31066123,-0.040687822,-0.23001324,0.9727380275726318,0.9472206,1.3727436,4.065661,0,0.2557063,0.5275418162345886,0.828971803188324,0.26999562978744507,0.014271825551986694,1.3784139,4.065661,0,0.25250146
A549,4,GEF,51,3,85.79,3,0.19806434214115143,0.0030717323534190655,0.1997058391571045,0.002769377315416932,0.12087269872426987,1.5924211740493774,0.0010143396211788058,0.20774425566196442,0.0418970063328743,0.14742690324783325,0.1646207571029663,1.1202311515808105,1.8136417,1.795137,1000,36472,37472,0.90137506,-0.204367667,0.67643327,0.9769157767295837,0.97107905,2.7420406,5.7579775,0,0.5372308,1.5924211740493774,2.644304037094116,0.8918451070785522,0.11270558834075928,2.7735615,5.7579775,0,0.51164025
A549,4,GEF,51,3,85.79,4,0.06790897995233536,0.0093813706189394,0.18678739666938782,0.003598988987505436,0.11345351487398148,2.3458850383758545,0.0011751900892704725,0.21432490646839142,0.02154352329671383,0.14061897993087769,0.15919636189937592,1.260230541229248,1.9099295,1.9065446,200,38184,38384,0.97189486,-0.163288534,0.48097023,0.9942125678062439,0.95234585,1.6029841,10.306637,0,5.042905,2.3458850383758545,4.044413089752197,1.6207225322723389,0.1525973528623581,1.5990928,10.306637,0,5.0656133
A549,4,GEF,51,3,85.79,5,0.06100093200802803,0.00424575200304389,0.1087523028254509,0.002376243704929948,0.057520341128110886,0.6988365054130554,0.0005734193837270141,0.12290836870670319,0.004285840783268213,0.07691378891468048,0.08952782303094864,0.46341365575790405,0.8568909,0.85385114,400,51376,51776,0.23179273,-0.427903354,0.29069594,0.9676191806793213,0.92576534,0.96513075,5.115876,0,1.1793164,0.6988365054130554,1.7236214876174927,0.39018189907073975,0.06723949313163757,0.9672041,5.115876,0,1.1874185
A549,4,GEF,6,3,85.79,1,0.0705580785870552,0.008577469736337662,0.17961779236793518,0.0022463712375611067,0.08502249419689178,0.6370903849601746,0.0048527466133236885,0.2544550597667694,0,0.14585775136947632,0.1669962853193283,0.5303761959075928,0.668462,0.66611165,1082,62486,63568,0.3921046,0.2582230865955353,0.5613244,0.9762492179870605,0.9767478,0.5129319,2.9453778,0,0.44741294,0.6370903849601746,1.6750692129135132,0,0.2610372006893158,0.510782,2.9453778,0,0.45036864
A549,4,GEF,6,3,85.79,2,0.14321543276309967,0.0032272944226861,0.1491255760192871,0.0024791203904896975,0.0735892578959465,0.524108350276947,0.0001879821647889912,0.11244860291481018,0.043061576783657074,0.08452148735523224,0.09171970188617706,0.3820542097091675,0.71033055,0.70895815,100,23820,23920,0.98318934,-0.152073845,0.5487405,0.9977372884750366,0.9659196,1.2035795,3.157734,0,0.22731905,0.524108350276947,0.6569720506668091,0.4349345564842224,0.001909325597807765,1.206432,3.157734,0,0.22631902
A549,4,GEF,6,3,85.79,3,0.08805184811353683,0.0022149260621517897,0.10026025772094727,0.0012980072060599923,0.06040560454130173,0.5305827856063843,0.0008357880869880319,0.14820684492588043,0,0.08349526673555374,0.09647344052791595,0.38397008180618286,0.5843609,0.58074594,452,24604,25056,0.987708,0.5444769859313965,0.67400295,0.9894535541534424,0.9633337,0.8075724,2.441479,0,0.169567,0.5305827856063843,0.8604256510734558,0.3441603183746338,0.0067168306559324265,0.812661,2.441479,0,0.17112334
A549,4,GEF,6,3,85.79,4,0.07745687663555145,0.004463216755539179,0.11906487494707108,0.0019066997338086367,0.09873605519533157,1.8232251405715942,0.0016107545234262943,0.2501043975353241,0,0.13040554523468018,0.15021388232707977,0.9371806979179382,0.88744557,0.8881213,500,36300,36800,0.30388582,0.20935013890266418,0.6085084,0.9299852848052979,0.97641486,1.3016857,4.6024394,0,1.0915233,1.8232251405715942,3.6632566452026367,0.6769564747810364,0.6697006821632385,1.294502,4.6024394,0,1.0935352
A549,4,GEF,6,3,85.79,5,0.185090571641922,0.008773422800004482,0.19633714854717255,0.007098399102687836,0.05880420655012131,0.8622070550918579,0.0004107015847694129,0.12054078280925751,0.018458615988492966,0.07498195767402649,0.08638202399015427,0.5783402323722839,1.6958209,1.6902318,300,59684,59984,0.055077992,-0.20754233,-0.14028418,0.989611029624939,0.8974451,3.1945567,10.660585,0,2.7740104,0.8622070550918579,1.257534384727478,0.6133051514625549,0.022309839725494385,3.2062805,10.660585,0,2.7603607
A549,4,GEF,6,3,85.79,6,0.09763005375862122,0.005380518268793821,0.12442374229431152,0.003523382591083646,0.06954429298639297,1.5078253746032715,0.000719434698112309,0.16204984486103058,0,0.09111088514328003,0.10446054488420486,0.9597780704498291,1.528749,1.518943,1100,62724,63824,0.97606534,0.14268067479133606,0.5327978,0.9877085089683533,0.930968,2.4051917,11.420748,0,2.9782724,1.5078253746032715,2.555980920791626,0.9242473244667053,0.07759436964988708,2.420929,11.420748,0,3.0147724
A549,4,GEF,7,3,85.79,1,0.17899808287620544,0.002484555123373866,0.18007421493530273,0.002305705100297928,0.12502460181713104,2.4033126831054688,0.0007234757067635655,0.22051391005516052,0.06335195899009705,0.14640651643276215,0.159535750746727,1.569453477859497,2.0926566,2.08725,600,57464,58064,0.867503,-0.441957772,0.44912302,0.9798431396484375,0.9665074,3.4662545,7.7490664,0,0.9713583,2.4033126831054688,3.749634265899658,1.3493796586990356,0.21777044236660004,3.4773529,7.7490664,0,0.9673064
A549,4,GEF,7,3,85.79,2,0.1135639026761055,0.012241973541676998,0.19375839829444885,0.00534842861816287,0.1729034036397934,2.3572192192077637,0.0018578966846689582,0.32857850193977356,0.06237609684467316,0.20784106850624084,0.2267117202281952,1.4339616298675537,1.0392795,1.0432208,900,89228,90128,0.67003274,0.23807555437088013,0.69394964,0.9808372259140015,0.8831508,1.5307764,7.1138625,0,2.280956,2.3572192192077637,3.6411428451538086,1.1855283975601196,0.2533687949180603,1.5224406,7.1138625,0,2.2944486
A549,4,GEF,7,3,85.79,3,0.09114017337560654,0.005588735919445753,0.13663837313652039,0.002161893527954817,0.11940158158540726,2.338070869445801,0.0011213708203285933,0.21497172117233276,0.029311364516615868,0.1462814211845398,0.16353866457939148,1.4081430435180664,1.2388629,1.2409579,400,31920,32320,0.39071372,0.49662381410598755,0.8148223,0.9803937673568726,0.966409,1.7621619,5.769085,0,1.86526,2.338070869445801,3.626847505569458,1.2996604442596436,0.2385454624891281,1.7549452,5.769085,0,1.8814366
A549,4,GEF,7,3,85.79,4,0.04255494475364685,0.004974848590791225,0.13964015245437622,0.0027675183955579996,0.0757974311709404,0.6595240831375122,0.0013057951582595706,0.2028043419122696,0,0.1045561358332634,0.12376514822244644,0.44368216395378113,0.5469993,0.5464028,423,72841,73264,0.50638956,-0.306534261,0.3110474,0.9748491048812866,0.93474406,0.37125134,3.5729177,0,0.3778374,0.6595240831375122,1.1883752346038818,0.26246434450149536,0.04101577401161194,0.36957726,3.5729177,0,0.37930802
A549,4,GEF,7,3,85.79,5,0.16988472640514374,0.0028204144909977913,0.1698925793170929,0.002819208661094308,0.14576075971126556,2.4897727966308594,0.0008823962416499853,0.22654539346694946,0.06543901562690735,0.16965444386005402,0.185149684548378,1.6649357080459595,1.7499261,1.749139,400,42800,43200,0.7885242,0.17543376982212067,0.62323296,0.9819075465202332,0.94649994,2.841592,6.9813366,0.85930306,0.94054264,2.4897727966308594,3.6733429431915283,1.7295781373977661,0.2188892364501953,2.84488,6.9813366,0.85930306,0.94611937
A549,4,GEF,7,3,85.79,6,0.3425603210926056,0.006375572178512812,0.34257134795188904,0.006371991243213415,0.27526912093162537,2.847715139389038,0.0007644057041034102,0.3494805693626404,0.2045506089925766,0.2979026734828949,0.3099376857280731,2.346221446990967,3.1208582,3.11336,600,61384,61984,0.30466768,0.21279244124889374,0.39371818,0.9911292791366577,0.93158644,3.6777012,8.85391,0,0.8230695,2.847715139389038,3.817595958709717,2.1652204990386963,0.1001034826040268,3.685814,8.85391,0,0.8233369
A549,4,GEF,7,3,85.79,7,0.08040376007556915,0.006809001788496971,0.13892464339733124,0.0036348558496683836,0.07848922163248062,1.0052770376205444,0.0008576063555665314,0.20077435672283173,0.01187250018119812,0.10112785547971725,0.11876124888658524,0.6434777975082397,0.98212254,0.9803767,397,76611,77008,0.88067055,-0.58371079,0.21473144,0.9695789813995361,0.8761446,1.3131582,15.263367,0,2.7301805,1.0052770376205444,2.2044453620910645,0.6169871687889099,0.12768884003162384,1.3147537,15.263367,0,2.743173
A549,4,GEF,7,3,85.79,8,0.30826595425605774,0.005243329796940088,0.3144647479057312,0.0033994647674262524,0.25004899501800537,2.726257085800171,0.0005013207555748522,0.3047724962234497,0.19338002800941467,0.26773983240127563,0.2786375880241394,1.9934355020523071,2.2088654,2.2079482,100,23388,23488,0.84194756,0.32410794496536255,0.7486916,0.9982150793075562,0.9765286,3.487984,5.961721,0,0.66621953,2.726257085800171,3.093973159790039,2.4240386486053467,0.022403009235858917,3.4912405,5.961721,0,0.66648084
A549,4,GEF,7,3,85.79,9,0.1011471077799797,0.014702308923006058,0.20766885578632355,0.008064603433012962,0.1602562516927719,1.3741520643234253,0.011046416126191616,0.4267352819442749,0,0.2443481683731079,0.31351977586746216,0.9036273956298828,0.83279365,0.8335135,300,29220,29520,0.22113167,-0.192332029,0.54912436,0.8129274845123291,0.83558273,0.8516627,5.16965,0,1.2320336,1.3741520643234253,3.8325159549713135,0,1.1591311693191528,0.8462983,5.16965,0,1.2299505
A549,4,GEF,7,3,85.79,10,0.06273961067199707,0.010448609478771687,0.19969427585601807,0.005907877814024687,0.003974463324993849,0.04020418971776962,0.00041237816913053393,0.14371268451213837,0,0.007948927581310272,0.015897855162620544,0.4900932312011719,1.2168791,1.213171,152,29640,29792,0.48523134,-0.006184025,0.4427294,0.9961126446723938,0.8243177,1.7869382,10.442808,0,7.970791,0.04020418971776962,1.1802119016647339,0,0.039569199085235596,1.7958957,10.442808,0,7.9957376
A549,4,GEF,7,3,85.79,11,0.26931697130203247,0.00923208612948656,0.2788030207157135,0.006912526674568653,0.14365442097187042,1.605730414390564,0.0009736136416904628,0.24678677320480347,0.035533659160137177,0.16810837388038635,0.18489302694797516,1.026133418083191,1.8756089,1.8618362,751,45569,46320,0.34534833,0.44087934494018555,0.20862514,0.98752760887146,0.9503979,3.3474822,7.680736,0,1.6063861,1.605730414390564,2.3891687393188477,0.9647508263587952,0.081174835562706,3.376187,7.680736,0,1.5807015
A549,4,GEF,7,3,85.79,12,0.16866058111190796,0.0035258065909147263,0.17084768414497375,0.003197862533852458,0.08967085182666779,2.383932590484619,0.0009950652020052075,0.16571025550365448,0.019472597166895866,0.11541324108839035,0.13071615993976593,1.364638328552246,2.1076524,2.10332,174,29666,29840,0.95076686,0.6972533464431763,0.31884372,0.9912252426147461,0.9734835,4.2883043,10.817076,0,2.1086743,2.383932590484619,3.2690463066101074,1.6349883079528809,0.18127669394016266,4.2994742,10.817076,0,2.0985832
A549,4,GEF,7,3,85.79,13,0.2571202218532562,0.04303788021206856,0.4084574282169342,0.006554545368999243,,,,,,,,,5.560203,5.560203,0,37632,37632,0.9916968,,0.63530195,,0.97967976,6.5097194,17.712147,0,27.110697,,,,,6.5097194,17.712147,0,27.110697
A549,4,GEF,7,3,85.79,14,0.08421581983566284,0.010026550851762295,0.17715521156787872,0.0046270135790109634,0.13379311561584473,1.5054315328598022,0.0012100464664399624,0.2116386741399765,0.0482913963496685,0.16274358332157135,0.17749233543872833,0.9565073847770691,0.7351103,0.7367026,300,41412,41712,0.5668256,0.4695843756198883,0.7837199,0.9916943907737732,0.8908165,0.89491194,4.890039,0,1.1172379,1.5054315328598022,2.2047648429870605,1.071151852607727,0.05404111370444298,0.89048916,4.890039,0,1.1222202
A549,4,GEF,8,3,85.79,1,0.24630403518676758,0.031382642686367035,0.366897851228714,0.002502397634088993,0.3036682605743408,4.605654239654541,0.000574020785279572,0.3582765758037567,0.2468171864748001,0.322531133890152,0.33493927121162415,3.2885701656341553,3.2433276,3.2434475,84,31612,31696,0.9884023,-0.044219051,0.95765746,0.9984011054039001,0.97141063,4.1747923,11.785522,0,9.101855,4.605654239654541,4.991454601287842,3.9896352291107178,0.06474887579679489,4.1736474,11.785522,0,9.125374
A549,4,GEF,8,3,85.79,2,0.0931670069694519,0.01256688591092825,0.20460307598114014,0.0047978428192436695,0.18354450166225433,2.4690940380096436,0.002336053177714348,0.3011105954647064,0.06839912384748459,0.22556157410144806,0.2437540739774704,1.670998454093933,0.97517323,0.9807146,500,62284,62784,0.6472677,0.3439143896102905,0.808231,0.9438806176185608,0.831953,1.2847914,6.7341146,0,2.6207607,2.4690940380096436,4.0885796546936035,0.6593372225761414,0.8952562212944031,1.2752842,6.7341146,0,2.623263
A549,4,GEF,8,3,85.79,3,0.20237784087657928,0.003989049233496189,0.20552675426006317,0.0034039299935102463,0.15537165105342865,2.17415452003479,0.0009028970962390304,0.23662550747394562,0.09046990424394608,0.17927320301532745,0.19787712395191193,1.4982327222824097,1.6520866,1.6510028,400,56384,56784,0.93106174,-0.313873947,0.82305866,0.9836860299110413,0.9499541,2.7758658,6.047784,0,0.76064587,2.17415452003479,3.5104072093963623,1.5863749980926514,0.184962660074234,2.7801344,6.047784,0,0.76214325
A549,4,GEF,8,3,85.79,4,0.02359957993030548,0.0015075018163770437,0.07380884140729904,0.001008898369036615,0.037168774753808975,0.3318265676498413,0.0011240456951782107,0.12143083661794662,0,0.0672280341386795,0.07987026125192642,0.33664166927337646,0.50853145,0.5075009,400,66320,66720,0.4828796,-0.694436014,0.42608747,0.9805014729499817,0.97637516,0.30407003,2.0167768,0,0.21851504,0.3318265676498413,0.8953642845153809,0,0.07666763663291931,0.30390263,2.0167768,0,0.2193659
A549,4,GEF,8,3,85.79,5,0.08966486155986786,0.006381161045283079,0.14663361012935638,0.0020819108467549086,0.07483457028865814,0.49855470657348633,0.0013290219940245152,0.18607021868228912,0,0.10450850427150726,0.12284459918737411,0.37193429470062256,0.65524334,0.65222716,773,71835,72608,0.8811964,0.050691552460193634,0.74537253,0.9376195669174194,0.90472215,0.66983217,2.607117,0,0.38591963,0.49855470657348633,1.3162814378738403,0.2188931256532669,0.0500856377184391,0.67167526,2.607117,0,0.38921443
A549,4,GEF,8,3,85.79,6,0.11311101168394089,0.014623926021158695,0.23041705787181854,0.002760904608294368,0.044054798781871796,0.5334640145301819,0.005996468011289835,0.23830217123031616,0,0.08810959756374359,0.176219180226326,0.4868309795856476,0.90374565,0.9003495,400,48704,49104,0.54187375,0.5044599771499634,0.23441434,0.7530757784843445,0.87100613,1.2174752,4.697213,0,1.7476723,0.5334640145301819,2.749642848968506,0,0.865505039691925,1.2230929,4.697213,0,1.751043
A549,4,GEF,8,3,85.79,7,0.17278477549552917,0.005236320663243532,0.18091583251953125,0.004011700861155987,0.10926590859889984,0.9372574090957642,0.0004911234136670828,0.18990294635295868,0.06941556185483932,0.12673501670360565,0.14037151634693146,0.6666421294212341,1.0555936,1.0538313,200,43944,44144,0.90228975,-0.287137479,0.45053145,0.9938827157020569,0.93735933,1.6116583,4.43536,0,0.6027907,0.9372574090957642,1.3264949321746826,0.7248817086219788,0.012917562387883663,1.6147275,4.43536,0,0.603396
A549,4,GEF,8,3,85.79,8,0.12942028045654297,0.0016287455800920725,0.12942835688591003,0.0016278026159852743,0.0620654933154583,0.5010796785354614,0.00044502000673674047,0.1291823387145996,0.009274736046791077,0.07884565740823746,0.09178367257118225,0.3652147352695465,0.72549176,0.7217476,500,47612,48112,0.24824902,-0.009130672,0.11456145,0.964495837688446,0.9346503,1.0879177,2.4424965,0.25935495,0.12061665,0.5010796785354614,0.9599170684814453,0.26641935110092163,0.019949572160840034,1.0940804,2.4424965,0.25935495,0.11801933
A549,4,GEF,8,3,85.79,9,0.03136840835213661,0.0025264329742640257,0.0982048287987709,0.0013458241010084748,0.08279707282781601,1.0431259870529175,0.0010365218622609973,0.146306112408638,0.008219879120588303,0.10918107628822327,0.12076199799776077,0.73478102684021,0.4262467,0.4277037,200,42152,42352,0.6151926,0.845920205116272,0.9186527,0.9896722435951233,0.94711566,0.26256576,1.8037535,0,0.1602128,1.0431259870529175,1.3777124881744385,0.6955644488334656,0.019909637048840523,0.2588622,1.8037535,0,0.15797393
A549,4,GEF,8,3,85.79,10,0.10655714571475983,0.0008873351034708321,0.10674624890089035,0.0008687243098393083,0.055787768214941025,0.480242520570755,0.0009667925769463181,0.13443545997142792,0,0.08140428364276886,0.09825592488050461,0.3537279963493347,0.67716694,0.6743797,467,53725,54192,0.7200016,-0.65337199,0.5328858,0.8941656351089478,0.9333157,0.9195773,1.6818328,0.13918921,0.057701472,0.480242520570755,0.9889023900032043,0.139189213514328,0.03859734535217285,0.9233962,1.6818328,0.15449084,0.056175184
A549,4,GEF,8,3,85.79,11,0.15622730553150177,0.03008495457470417,0.3339911997318268,0.004945669323205948,0.29209664463996887,2.9115970134735107,0.004079147707670927,0.4496086537837982,0.15288808941841125,0.3456134796142578,0.37738505005836487,1.5465245246887207,1.5287433,1.529028,800,49136,49936,0.9684371,0.07179279625415802,0.70732945,0.9726998209953308,0.95878494,1.6196976,6.1019154,0,3.2071996,2.9115970134735107,4.933825492858887,1.7705079317092896,0.4059429466724396,1.5986637,6.1019154,0,3.2251914
A549,4,GEF,9,3,85.79,1,0.15329959988594055,0.00372515176422894,0.15375559031963348,0.003666121978312731,0.09706409275531769,0.9883450269699097,0.0010509627172723413,0.18332980573177338,0.03085434064269066,0.12379839271306992,0.1413784921169281,0.6787265539169312,1.063499,1.0602998,300,35780,36080,0.09981,-0.338755608,0.093820535,0.9021806716918945,0.90185696,1.775679,5.035765,0,0.58683723,0.9883450269699097,2.148200273513794,0.43695497512817383,0.1997990757226944,1.7822806,5.035765,0,0.5848413
A549,4,GEF,9,3,85.79,2,0.1212322860956192,0.005034673493355513,0.13787755370140076,0.0034309299662709236,0.07601664215326309,0.9720880389213562,0.00034687508014030755,0.14488765597343445,0.02602221444249153,0.09075188636779785,0.09943968802690506,0.6314368844032288,1.0077431,1.0034721,300,26132,26432,0.84391975,-0.471206009,0.48154837,0.9924657344818115,0.95721024,1.7787591,6.6686664,0,1.1604699,0.9720880389213562,1.3964285850524902,0.6823744177818298,0.019276676699519157,1.7880199,6.6686664,0,1.1660149
A549,4,GEF,9,3,85.79,3,0.2668049931526184,0.00784282386302948,0.2668049931526184,0.00784282386302948,0.1804227977991104,1.9595526456832886,0.0004766742931678891,0.2612893879413605,0.12086565792560577,0.19761376082897186,0.20921234786510468,1.365933895111084,2.2150393,2.2051475,400,33936,34336,0.12345663,0.3698803186416626,-0.004563376,0.990821361541748,0.897598,3.2007735,7.228882,1.4213709,1.5959831,1.9595526456832886,2.9647018909454346,1.4615919589996338,0.06890442222356796,3.2154038,7.228882,1.4213709,1.5956093
A549,4,GEF,9,3,85.79,4,0.05154209956526756,0.006536742672324181,0.15997828543186188,0.0029415516182780266,0.0787530317902565,0.8209623098373413,0.0005955957458354533,0.13154420256614685,0.0057214731350541115,0.09878802299499512,0.10966669768095016,0.5223416686058044,0.9476729,0.9469228,100,56604,56704,0.9758979,0.2714235186576843,0.47503513,0.9971311688423157,0.96457005,0.5752419,4.642813,0,0.80361265,0.8209623098373413,1.028013825416565,0.663169801235199,0.007281410042196512,0.5748078,4.642813,0,0.80491275
A549,4,GEF,9,3,85.79,5,0.1621350198984146,0.016135292127728462,0.24469774961471558,0.004148825071752071,0.18545326590538025,2.3493824005126953,0.0010562189854681492,0.2924940884113312,0.11573496460914612,0.21164192259311676,0.22817963361740112,1.3943300247192383,1.6832894,1.6807303,400,44768,45168,0.84612775,-0.227346405,0.74324,0.988014817237854,0.9646912,2.3085954,7.4652915,0,3.2255805,2.3493824005126953,3.738309383392334,1.5814145803451538,0.1915789097547531,2.3082309,7.4652915,0,3.252674
A549,4,GEF,9,3,85.79,6,0.08286579698324203,0.004890723619610071,0.1256444752216339,0.002040608786046505,0.031873784959316254,0.21684952080249786,0.0018264766549691558,0.16888295114040375,0,0.06374756991863251,0.0959036722779274,0.3185606002807617,0.49992707,0.4977923,300,25188,25488,0.4214194,-0.268622488,-0.1061171,0.9794883728027344,0.94962746,0.61813456,2.2958329,0,0.27009702,0.21684952080249786,0.7673592567443848,0,0.07165130972862244,0.6229141,2.2958329,0,0.27051982
A549,4,GEF,9,3,85.79,7,0.29180315136909485,0.013337048701941967,0.30153512954711914,0.010847329162061214,0.16209030151367188,1.2116581201553345,0.0007156137144193053,0.3092493414878845,0.10332614928483963,0.18110916018486023,0.19701962172985077,0.8827461004257202,1.7883662,1.7805928,800,92400,93200,0.039362993,0.0954674482345581,0.17671597,0.9868229627609253,0.84438425,2.6235096,7.377914,0,1.523147,1.2116581201553345,2.5454955101013184,0.8519985675811768,0.04421960934996605,2.6357334,7.377914,0,1.5185441
A549,4,GEF,9,3,85.79,8,0.10195174068212509,0.0026033425237983465,0.1073170155286789,0.0021645603701472282,0.046037495136260986,0.6783897876739502,0.0006947917281650007,0.12429983168840408,0,0.06749966740608215,0.08065596967935562,0.44778570532798767,0.77922213,0.77409273,573,36451,37024,0.47643894,0.3188096880912781,-0.10972953,0.9882102608680725,0.9630211,1.4704807,4.8371124,0,0.48956832,0.6783897876739502,1.2995978593826294,0.40296006202697754,0.022680621594190598,1.4829321,4.8371124,0,0.48689005
A549,4,GEF,9,3,85.79,9,0.16275686025619507,0.005524460691958666,0.18227645754814148,0.0026290486566722393,0.1051921546459198,2.1614668369293213,0.0005932881613261998,0.17845739424228668,0.02950131520628929,0.12463464587926865,0.1365342140197754,1.3261373043060303,2.0034444,1.9953132,500,41148,41648,0.95013815,-0.064810574,0.6359043,0.9871962070465088,0.96886325,3.4806926,9.667716,0,2.5831573,2.1614668369293213,3.3886241912841797,1.3929005861282349,0.15909262001514435,3.496723,9.667716,0,2.5912085
A549,4,GEF,9,3,85.79,10,0.09132207930088043,0.0025908539537340403,0.09747602790594101,0.002165582962334156,0.03953752666711807,0.5656426548957825,0.0004953487659804523,0.10679534077644348,0,0.057556163519620895,0.06933989375829697,0.3947402834892273,0.9846863,0.97902936,500,51644,52144,0.19142327,0.5623417496681213,0.055283297,0.9541559815406799,0.89628834,1.7331389,6.434857,0,0.9736956,0.5656426548957825,1.1137006282806396,0.27945804595947266,0.027745414525270462,1.7444421,6.434857,0,0.9695296
A549,4,OSI,1,4,11.75,1,0.06804263591766357,0.002788849174976349,0.09254249185323715,0.0015257414197549224,0.08129963278770447,0.817944347858429,0.0003533691633492708,0.14353176951408386,0.02856752648949623,0.09606735408306122,0.10548879951238632,0.5513431429862976,0.71677864,0.71551895,500,65164,65664,0.60902303,-0.055726551,0.58268094,0.9710580110549927,0.9352988,1.0284119,3.848555,0,0.6934009,0.817944347858429,1.4868335723876953,0.5025476217269897,0.05648384243249893,1.0300268,3.848555,0,0.6979454
A549,4,OSI,1,4,11.75,2,0.07491365820169449,0.0003462668973952532,0.07491365820169449,0.0003462668973952532,0.061508383601903915,0.6701779961585999,0.0001382499176543206,0.100276418030262,0.03483297675848007,0.07071561366319656,0.07703839242458344,0.4692096412181854,0.618525,0.61557174,300,14868,15168,0.98286736,0.6288855671882629,0.7617023,0.9966049194335938,0.985638,0.9442883,1.7347932,0.5407522,0.034456678,0.6701779961585999,0.8960896134376526,0.5603489279747009,0.0038502425886690617,0.94981915,1.7347932,0.5407522,0.033527583
A549,4,OSI,1,4,11.75,3,0.15493769943714142,0.001040107337757945,0.15493769943714142,0.001040107337757945,0.12234581261873245,1.6748473644256592,0.00033276781323365867,0.17197571694850922,0.06391087174415588,0.13688954710960388,0.14552552998065948,1.1172224283218384,1.4274405,1.418456,500,16764,17264,0.86545163,0.348801851272583,0.3475435,0.9964136481285095,0.9807002,2.244293,4.1604247,0.8720245,0.23535849,1.6748473644256592,2.280691146850586,1.2563689947128296,0.022759390994906425,2.261277,4.1604247,0.8720245,0.23173942
A549,4,OSI,1,4,11.75,4,0.12972672283649445,0.0020383421797305346,0.12997043132781982,0.0020104979630559683,0.06924992799758911,0.4142460525035858,0.00013108727580402046,0.10077106207609177,0.04338082671165466,0.0784233883023262,0.08450500667095184,0.30827367305755615,0.65276504,0.6517398,100,33500,33600,0.7529821,-0.121764809,0.23610735,0.997123122215271,0.94339675,1.0852516,3.0584571,0,0.17681271,0.4142460525035858,0.5018948316574097,0.34458619356155396,0.0012539305025711656,1.0872546,3.0584571,0,0.17598875
A549,4,OSI,1,4,11.75,5,0.10892672836780548,0.013052736409008503,0.21737325191497803,0.002474552718922496,0.1800306737422943,2.042125940322876,0.0012643864611163735,0.26864826679229736,0.08326970785856247,0.20871514081954956,0.22598019242286682,1.0529810190200806,1.4534035,1.4497176,200,21528,21728,0.5662915,-0.394847453,0.3388487,0.9939236640930176,0.9804058,1.6182455,6.401558,0,2.997005,2.042125940322876,3.124051570892334,1.480434536933899,0.09570513665676117,1.6143075,6.401558,0,3.022274
A549,4,OSI,1,4,11.75,6,0.23394393920898438,0.0036422584671527147,0.23397080600261688,0.0036363897379487753,0.15425802767276764,1.7527028322219849,0.0012658510822802782,0.25548821687698364,0.06640688329935074,0.18347430229187012,0.20101813971996307,1.2347140312194824,1.9738175,1.9607624,769,42767,43536,0.6191387,0.2599725127220154,0.28276962,0.9692671298980713,0.9558322,2.9334128,5.791374,0,0.7454433,1.7527028322219849,2.8848273754119873,1.0586291551589966,0.1793321967124939,2.9546432,5.791374,0,0.73010474
A549,4,OSI,1,4,11.75,7,0.16447052359580994,0.006605270318686962,0.19345423579216003,0.0021622583735734224,0.24006319046020508,3.386190414428711,0.0004167276492808014,0.28576499223709106,0.1962703913450241,0.25640010833740234,0.2663731873035431,2.389697551727295,1.1535672,1.1590661,100,22380,22480,0.68379813,0.414211630821228,0.8971095,0.9979642033576965,0.9071959,1.8897642,4.8059716,0,1.2477397,3.386190414428711,3.9102437496185303,2.9671926498413086,0.036526668816804886,1.8830779,4.8059716,0,1.2431012
A549,4,OSI,1,4,11.75,8,0.09594418853521347,0.006103436928242445,0.1416318714618683,0.002539000939577818,0.08410028368234634,1.621423363685608,0.0009864338207989931,0.1977604776620865,0,0.10896997153759003,0.12364953756332397,0.959093451499939,1.0421656,1.0409477,800,53760,54560,0.98731774,-0.295384169,0.66251373,0.9808111190795898,0.92173463,1.9265392,7.9151516,0,2.7212431,1.621423363685608,3.0631327629089355,0.97205650806427,0.1565534472465515,1.9310799,7.9151516,0,2.7580025
A549,4,OSI,1,4,11.75,9,0.10352542251348495,0.0007312104571610689,0.10357885807752609,0.0007260520360432565,0.07358815521001816,0.7558810114860535,0.0003735922509804368,0.1280340701341629,0.026918763294816017,0.08956237137317657,0.09816478192806244,0.5196201801300049,0.72894984,0.72538537,264,15240,15504,0.5479147,-0.359094799,0.2704909,0.9902147054672241,0.9748072,1.1263419,2.6567473,0.5422331,0.08829438,0.7558810114860535,1.0621073246002197,0.5422331094741821,0.013866759836673737,1.1327593,2.6567473,0.5754353,0.08716507
A549,4,OSI,1,4,11.75,10,0.25959882140159607,0.001057394198141992,0.25959882140159607,0.001057394198141992,,,,,,,,,2.6882274,2.6882274,0,9472,9472,0.9676145,,0.84110165,,0.98910177,4.1131687,5.8174376,2.7444692,0.24289371,,,,,4.1131687,5.8174376,2.7444692,0.24289371
A549,4,OSI,1,4,11.75,11,0.24184897541999817,0.0024318185169249773,0.24184897541999817,0.0024318185169249773,0.18374113738536835,2.7533140182495117,0.000904640241060406,0.2772354483604431,0.11540455371141434,0.20801283419132233,0.22380350530147552,1.7971056699752808,2.2071986,2.196139,400,14432,14832,0.3458618,0.1818338930606842,0.3637584,0.9902769923210144,0.98153615,3.5832813,6.8631797,1.9742957,0.51578265,2.7533140182495117,4.192063808441162,2.0271503925323486,0.13921070098876953,3.6062849,6.8631797,1.9742957,0.5065985
A549,4,OSI,1,4,11.75,12,0.07438918948173523,0.005800594110041857,0.12465712428092957,0.0034540456254035234,0.11044305562973022,2.0248851776123047,0.0032817015890032053,0.28163036704063416,0,0.1560409516096115,0.18119940161705017,0.9696224331855774,1.3374288,1.3336301,253,24243,24496,0.57407975,0.10455987602472305,0.14824635,0.986438512802124,0.9846779,1.9150212,6.220732,0,2.657124,2.0248851776123047,3.3121283054351807,1.0148210525512695,0.17745999991893768,1.9138746,6.220732,0,2.6828747
A549,4,OSI,1,4,11.75,13,0.06042558699846268,0.002630372066050768,0.0919380933046341,0.001104935654439032,0.04993709176778793,0.4698474109172821,0.0008655800484120846,0.11946194618940353,0,0.07321138679981232,0.0865631178021431,0.3552080988883972,0.46500814,0.46391886,200,19960,20160,0.7103495,-0.341428638,0.33810663,0.9929504990577698,0.99016047,0.5287043,1.7628721,0,0.16721076,0.4698474109172821,0.7361456155776978,0,0.037393275648355484,0.529294,1.7628721,0,0.16847648
A549,4,OSI,1,4,11.75,14,0.17139717936515808,0.004299127031117678,0.18225429952144623,0.002592697273939848,0.14622069895267487,1.9955521821975708,0.0008712788112461567,0.22305628657341003,0.07343637198209763,0.170466348528862,0.18485893309116364,1.0506961345672607,1.301179,1.2980574,200,15848,16048,0.5605473,-0.328794599,-0.10999399,0.9953142404556274,0.9852344,2.5876486,6.1327004,0,0.9009935,1.9955521821975708,2.6867308616638184,1.4416477680206299,0.07580015808343887,2.5951207,6.1327004,0,0.9069272
A549,4,OSI,10,4,11.75,1,0.3348052501678467,0.0009577884920872748,0.3348052501678467,0.0009577884920872748,0.29901930689811707,3.745213508605957,0.0006020267028361559,0.34982508420944214,0.23531237244606018,0.3202999532222748,0.32874858379364014,3.3666257858276367,4.0112786,4.006626,200,27512,27712,0.9623487,0.9135937094688416,0.88139755,0.997164785861969,0.9904718,4.5407405,6.825454,2.914478,0.26261985,3.745213508605957,4.246809959411621,3.2642571926116943,0.05109890550374985,4.5465236,6.825454,2.914478,0.25952345
A549,4,OSI,10,4,11.75,2,0.13624083995819092,0.0013102375669404864,0.1403609961271286,0.0007715533720329404,0.12787117063999176,1.0061969757080078,0.00023367218091152608,0.16866500675678253,0.08921916037797928,0.14031276106834412,0.14796721935272217,0.7239071726799011,0.74093676,0.74077725,200,21160,21360,0.8357098,0.5551776885986328,0.8629159,0.9966630339622498,0.9781009,1.0554843,2.2207122,0,0.09889944,1.0061969757080078,1.2111135721206665,0.8208830952644348,0.006738029886037111,1.05595,2.2207122,0,0.099747345
A549,4,OSI,10,4,11.75,3,0.12098449468612671,0.010137103497982025,0.18430274724960327,0.003772712778300047,0.12327001988887787,0.44416457414627075,0.0004880102351307869,0.17778708040714264,0.06293537467718124,0.14074328541755676,0.14892980456352234,0.3390604555606842,0.6624175,0.6599049,300,38308,38608,0.23172413,-0.069112927,0.50202703,0.9945815801620483,0.8469252,0.7550618,3.0307631,0,0.58168894,0.44416457414627075,0.755371094,0.2943730056285858,0.0051958938129246235,0.7574965,3.0307631,0,0.5854408
A549,4,OSI,10,4,11.75,4,0.11380023509263992,0.007138797547668219,0.16423939168453217,0.0020187965128570795,0.12615692615509033,1.1392313241958618,0.0007384830969385803,0.21186032891273499,0.02147810347378254,0.14762288331985474,0.1616620421409607,0.6889996528625488,0.7320941,0.731781,500,68300,68800,0.97831434,0.20730388164520264,0.815135,0.9924861192703247,0.9825744,1.1187675,3.4180017,0,0.65597403,1.1392313241958618,1.7924628257751465,0.7152633666992188,0.03160196915268898,1.1186177,3.4180017,0,0.6605418
A549,4,OSI,10,4,11.75,5,0.132750004529953,0.001724324538372457,0.13686195015907288,0.0012149661779403687,0.10371566563844681,1.0075281858444214,0.0009426537435501814,0.24801437556743622,0.042409706860780716,0.12562710046768188,0.14334388077259064,0.6847791075706482,0.89617175,0.8930355,400,26560,26960,0.99947923,0.5796207189559937,0.8285098,0.9911438226699829,0.98695105,1.5270147,3.5452085,0,0.19449595,1.0075281858444214,1.387891173362732,0.7098784446716309,0.01595851220190525,1.5348383,3.5452085,0,0.19305931
A549,4,OSI,10,4,11.75,6,0.23165766894817352,0.02913488820195198,0.34453126788139343,0.004442173056304455,0.2511824071407318,3.844409227371216,0.0009560726466588676,0.33130979537963867,0.16467486321926117,0.2760971784591675,0.29196804761886597,2.276967763900757,2.9225872,2.9166002,200,21368,21568,0.9977002,-0.011901198,0.6583056,0.9981929659843445,0.9798072,4.1726246,10.721726,0,9.629028,3.844409227371216,4.892019748687744,3.003593683242798,0.10151474177837372,4.1756964,10.721726,0,9.717187
A549,4,OSI,10,4,11.75,7,0.13584324717521667,0.001307029277086258,0.1358807235956192,0.0013022986240684986,0.09808805584907532,0.8740577697753906,0.0008897374500520527,0.1719048023223877,0.018341368064284325,0.1217251792550087,0.13944019377231598,0.628237783908844,1.0125107,1.0078015,400,32240,32640,0.97964185,0.4570443630218506,0.63402116,0.983977198600769,0.96742725,1.6148034,3.5024376,0,0.20498082,0.8740577697753906,1.2309404611587524,0.6084550619125366,0.021698689088225365,1.6239939,3.5024376,0,0.20036258
A549,4,OSI,10,4,11.75,8,0.1305098533630371,0.005744580645114183,0.15330719947814941,0.003253040136769414,0.09544090926647186,1.5019001960754395,0.000691611145157367,0.17197579145431519,0.033379264175891876,0.11650232970714569,0.1278299242258072,0.877541720867157,1.1403275,1.1391363,100,21964,22064,0.8874467,-0.048782304,0.45952302,0.9972690343856812,0.96436757,2.1474104,7.8889112,0,1.3943089,1.5019001960754395,1.8277584314346313,1.1846981048583984,0.019310500472784042,2.1503496,7.8889112,0,1.3986634
A549,4,OSI,10,4,11.75,9,0.10256826877593994,0.002845051698386669,0.11808942258358002,0.0014426964335143566,0.09489645063877106,1.081444501876831,0.0007055613677948713,0.1698201298713684,0.029353443533182144,0.11646375805139542,0.12856364250183105,0.640305757522583,0.7817722,0.7801318,200,17048,17248,0.9430994,-0.701816559,0.718696,0.9868020415306091,0.9900252,1.3345636,2.696557,0,0.34596485,1.081444501876831,1.6993733644485474,0.6549491882324219,0.06078263372182846,1.3375331,2.696557,0,0.34855005
A549,4,OSI,11,4,11.75,1,0.2112710028886795,0.009828475303947926,0.23331889510154724,0.0057099685072898865,0.10988007485866547,1.2329356670379639,0.0009153974242508411,0.20464979112148285,0.03229336068034172,0.13364724814891815,0.14961978793144226,0.7994493842124939,1.4899021,1.4815794,573,46963,47536,0.8221746,0.6677178144454956,0.49105996,0.9882766604423523,0.95141965,2.5864296,7.0813103,0,1.4794087,1.2329356670379639,2.121680498123169,0.8380053639411926,0.05983949825167656,2.6029437,7.0813103,0,1.4741044
A549,4,OSI,11,4,11.75,2,0.24620968103408813,0.007642932701855898,0.2544311583042145,0.00580634968355298,0.15146587789058685,1.3956691026687622,0.0011658010771498084,0.24247950315475464,0.06320664286613464,0.1793799251317978,0.19682565331459045,0.9142335653305054,1.4080017,1.4020866,400,32992,33392,0.55669594,-0.650216162,0.19320916,0.9819929599761963,0.9468701,2.3888075,4.826166,0,0.71393204,1.3956691026687622,2.148956060409546,0.8945426344871521,0.07931498438119888,2.4008486,4.826166,0,0.7095229
A549,4,OSI,11,4,11.75,3,0.43997567892074585,0.0023751112166792154,0.43997567892074585,0.0023751112166792154,,,,,,,,,8.418502,8.418502,0,30368,30368,0.91377324,,0.7291025,,0.9865499,9.466284,17.142965,4.4023485,2.372486,,,,,9.466284,17.142965,4.4023485,2.372486
A549,4,OSI,11,4,11.75,4,0.25105369091033936,0.002068550791591406,0.2510775029659271,0.002062765182927251,0.2867031693458557,2.8553876876831055,0.0022452278062701225,0.3808220624923706,0.1910637766122818,0.3266119658946991,0.3483337461948395,2.604728937149048,3.61868,3.6122978,199,31417,31616,1,0.985737681388855,0.85826,0.9966998100280762,0.977574,4.9349184,8.369093,0,0.9061356,2.8553876876831055,4.051402568817139,2.2816977500915527,0.15999439358711243,4.9480906,8.369093,0,0.88329655
A549,4,OSI,11,4,11.75,5,0.09302003681659698,0.00322957755997777,0.11159227788448334,0.0018018711125478148,0.07726490497589111,1.8385931253433228,0.0011849708389490843,0.1725425124168396,0,0.10497251898050308,0.1221967488527298,0.9249200224876404,1.0143266,1.0130194,637,42931,43568,0.76843685,-0.009184815,0.4905162,0.9948545098304749,0.9824218,1.9875848,5.740729,0,1.0651217,1.8385931253433228,2.5793309211730957,1.298213005065918,0.058411769568920135,1.9897954,5.740729,0,1.0797249
A549,4,OSI,12,4,11.75,1,0.0990883931517601,0.017170894891023636,0.2605321705341339,0.003085978562012315,0.19169281423091888,1.1528644561767578,0.0008094174554571509,0.2556227445602417,0.10843001306056976,0.2136811465024948,0.22662155330181122,0.7062604427337646,1.0469015,1.0458142,100,31228,31328,0.9614207,-0.005356446,0.5741743,0.997524619102478,0.97598857,0.8373436,4.20209,0,1.3027939,1.1528644561767578,1.5008565187454224,0.9269101619720459,0.011907550506293774,0.83633316,4.20209,0,1.3066076
A549,4,OSI,12,4,11.75,2,0.08501798659563065,0.012568866834044456,0.22310249507427216,0.002175962785258889,0.20486490428447723,1.038710355758667,0.0035058443900197744,0.36620721220970154,0,0.24906837940216064,0.2773071229457855,0.6124250888824463,0.7705824,0.7692788,300,36100,36400,0.720575,-0.770277143,0.5599481,0.9689162373542786,0.98344773,0.56899893,3.1430523,0,0.5995199,1.038710355758667,2.6615235805511475,0,0.1834467053413391,0.5650955,3.1430523,0,0.6011288
A549,4,OSI,12,4,11.75,3,0.04932083189487457,0.0036440901458263397,0.10869055241346359,0.0015777192311361432,0.030673673376441002,0.13573823869228363,0.0011837101774290204,0.11660982668399811,0,0.061347346752882004,0.07782507687807083,0.20841214060783386,0.44021985,0.43857834,500,70108,70608,0.39730603,-0.057421461,0.24024972,0.9844849705696106,0.9371227,0.3591213,2.3737974,0,0.20761253,0.13573823869228363,0.5027593970298767,0,0.022616181522607803,0.36071447,2.3737974,0,0.20857352
A549,4,OSI,12,4,11.75,4,0.11209212988615036,0.0020078911911696196,0.1124286875128746,0.0019760814029723406,0.08185284584760666,1.0030243396759033,0.0004977027419954538,0.17014653980731964,0.016936929896473885,0.09891043603420258,0.11159633845090866,0.6965744495391846,1.2216831,1.2121242,900,48540,49440,0.24606682,0.26651063561439514,0.21099867,0.9852432012557983,0.89492744,2.0572467,7.4578714,0,1.362855,1.0030243396759033,1.5152015686035156,0.6369544267654419,0.034248270094394684,2.0767937,7.4578714,0,1.3665004
A549,4,OSI,12,4,11.75,5,0.1113758310675621,0.002191043458878994,0.11615104973316193,0.0017303371569141746,0.06417837738990784,0.4111434817314148,0.00021495438704732805,0.10753446817398071,0.03555574268102646,0.07539679855108261,0.08435844630002975,0.30537667870521545,0.7148176,0.71373636,200,75544,75744,0.9361476,-0.067820527,0.57737947,0.9924813508987427,0.8786593,1.1420751,3.1264422,0,0.29127273,0.4111434817314148,0.546375572681427,0.3268725275993347,0.002677409676834941,1.1440102,3.1264422,0,0.29061857
A549,4,OSI,12,4,11.75,6,0.15243740379810333,0.0028938467148691416,0.15980397164821625,0.001856485614553094,0.1289009302854538,0.9719281196594238,0.00047403565258719027,0.18459495902061462,0.05110083147883415,0.1461922526359558,0.15621936321258545,0.6495000720024109,0.86263245,0.8604944,400,39472,39872,0.97538996,0.04546397179365158,0.6224106,0.9957721829414368,0.9774692,1.5050424,3.6892202,0,0.26713115,0.9719281196594238,1.3255031108856201,0.7117667198181152,0.011172435246407986,1.5104448,3.6892202,0,0.26681563
A549,4,OSI,12,4,11.75,7,0.30889490246772766,0.009966550394892693,0.317969411611557,0.0073739225044846535,0.20626141130924225,1.952543020248413,0.0007509940769523382,0.29277774691581726,0.13458849489688873,0.22800253331661224,0.23997613787651062,1.4394536018371582,2.0880916,2.079668,400,30400,30800,0.9767524,-0.271024466,0.6869737,0.9918481707572937,0.9604927,3.0191648,6.7738256,0,0.90469676,1.952543020248413,2.6122028827667236,1.3856146335601807,0.054378680884838104,3.033199,6.7738256,0,0.9007187
A549,4,OSI,12,4,11.75,8,0.25140324234962463,0.003743911162018776,0.25215184688568115,0.0035662888549268246,0.14374566078186035,1.4631457328796387,0.00017199746798723936,0.1765623837709427,0.11131351441144943,0.15459856390953064,0.16029472649097443,1.0377819538116455,1.7241993,1.7224723,100,39644,39744,0.9426564,0.035014208406209946,0.613393,0.9989189505577087,0.96624255,2.7002614,5.7164555,0,0.4953657,1.4631457328796387,1.6848602294921875,1.2494807243347168,0.005832861177623272,2.703382,5.7164555,0,0.49273032
A549,4,OSI,12,4,11.75,9,0.12017936259508133,0.0019535357132554054,0.12142486125230789,0.0018225462408736348,0.0948232039809227,1.9738414287567139,0.0013350261142477393,0.2455887496471405,0,0.12178239226341248,0.14045840501785278,1.2196879386901855,1.5654744,1.5577264,1149,50131,51280,0.7084591,-0.034172677,0.38170066,0.9588714241981506,0.9428936,2.7668276,6.462305,0,1.1052508,1.9738414287567139,4.25018835067749,0.8437684178352356,0.40883854031562805,2.7850025,6.462305,0,1.1064695
A549,4,OSI,12,4,11.75,10,0.08896085619926453,0.008356221951544285,0.164167582988739,0.0030739926733076572,0.1171618103981018,1.7346376180648804,0.001025420380756259,0.21873468160629272,0.040242623537778854,0.14303676784038544,0.15825822949409485,0.9827278256416321,1.1745203,1.1730481,400,51712,52112,0.9640637,0.49106737971305847,0.643911,0.9942497611045837,0.9619328,1.4598079,7.3909764,0,2.2609932,1.7346376180648804,2.7692084312438965,1.186901330947876,0.05878626927733421,1.4576821,7.3909764,0,2.277439
A549,4,OSI,12,4,11.75,11,0.05418849736452103,0.003065958619117737,0.08796731382608414,0.002005716087296605,0.039240512996912,0.7979981899261475,0.0008013365441001952,0.14648747444152832,0,0.06242050603032112,0.07750201970338821,0.4908148944377899,0.74790925,0.74350554,800,45904,46704,0.8834139,0.6221897006034851,0.5408551,0.9920586943626404,0.9686145,1.0198569,5.805689,0,0.88553286,0.7979981899261475,1.5121381282806396,0,0.025517461821436882,1.0237234,5.805689,0,0.8996483
A549,4,OSI,12,4,11.75,12,0.20362886786460876,0.003263777121901512,0.20645929872989655,0.002724769525229931,0.14418146014213562,1.7487372159957886,0.00027290021535009146,0.18688447773456573,0.09284593909978867,0.1575985550880432,0.16418516635894775,1.2384629249572754,1.8751674,1.8719045,200,38824,39024,0.85412496,-0.392552435,0.53912455,0.9972274899482727,0.9456847,2.9061549,6.8775496,0,0.94082546,1.7487372159957886,2.0845694541931152,1.4715089797973633,0.01591505855321884,2.9121172,6.8775496,0,0.9386535
A549,4,OSI,13,4,11.75,1,0.3354719877243042,0.003278332529589534,0.3354719877243042,0.003278332529589534,0.29697802662849426,2.962179660797119,0.0008317881729453802,0.3796765208244324,0.23402942717075348,0.31977909803390503,0.33816996216773987,2.552920341491699,3.1158626,3.1101303,400,38880,39280,0.9015065,0.6332048177719116,0.69812995,0.9920697212219238,0.9694469,3.6624615,6.1537433,1.5061349,0.5129148,2.962179660797119,3.876211404800415,2.2798283100128174,0.10966530442237854,3.6696658,6.1537433,1.5061349,0.5119663
A549,4,OSI,13,4,11.75,2,0.1448010504245758,0.004231219179928303,0.15827107429504395,0.0024929100181907415,0.11656469851732254,1.0785547494888306,0.0008578766137361526,0.22327202558517456,0.0290062353014946,0.14007477462291718,0.15383531153202057,0.7190587520599365,0.91235316,0.9090093,1180,67028,68208,0.67802054,0.33191657066345215,0.6362816,0.9818711280822754,0.9437484,1.488716,4.2890644,0,0.47826093,1.0785547494888306,2.0559303760528564,0.6549810767173767,0.047994691878557205,1.4959366,4.2890644,0,0.4828218
A549,4,OSI,13,4,11.75,3,0.21517913043498993,0.0026976359076797962,0.21575318276882172,0.002580980071797967,0.15194140374660492,2.51955246925354,0.001487963367253542,0.25925710797309875,0.06747965514659882,0.18390940129756927,0.20309464633464813,1.5490086078643799,2.024152,2.0181105,497,38591,39088,0.7309675,-0.235283464,0.5633122,0.9830979108810425,0.9716685,3.7281067,7.1483674,0,0.6886572,2.51955246925354,3.7281579971313477,1.5503363609313965,0.22739586234092712,3.7436712,7.1483674,0,0.6755449
A549,4,OSI,13,4,11.75,4,0.2113521695137024,0.003998421132564545,0.21486875414848328,0.0033093467354774475,0.12825019657611847,2.9287686347961426,0.0006998643511906266,0.211668461561203,0.06556721031665802,0.14982663094997406,0.16219131648540497,1.9486262798309326,3.0616302,3.041428,600,32456,33056,0.90516305,-0.144839019,0.5536126,0.9899660348892212,0.96562123,5.030784,11.673716,0,2.2617807,2.9287686347961426,4.096049785614014,1.9537460803985596,0.16505296528339386,5.069643,11.673716,0,2.2173498
A549,4,OSI,14,4,11.75,1,0.1317598819732666,0.0015236585168167949,0.13223575055599213,0.0014662353787571192,0.08432269096374512,1.120342493057251,0.00044390151742845774,0.13782742619514465,0.02931826561689377,0.10108281672000885,0.10911814123392105,0.7728644013404846,1.2847396,1.2760508,500,28956,29456,0.695539,-0.465724468,0.33470547,0.9750571846961975,0.95994157,1.9558065,3.8076346,0,0.29848313,1.120342493057251,1.6371002197265625,0.5901009440422058,0.049623217433691025,1.9702328,3.8076346,0,0.29051945
A549,4,OSI,14,4,11.75,2,0.1985500603914261,0.002626777160912752,0.20425938069820404,0.0015361333498731256,0.15088032186031342,2.113102912902832,0.0003486927889753133,0.22482673823833466,0.10214630514383316,0.16569769382476807,0.17477253079414368,1.4245620965957642,1.7756927,1.7732017,200,27992,28192,0.97998834,0.22828656435012817,0.78045154,0.9978430271148682,0.9854282,2.9361444,5.685443,0,0.5434715,2.113102912902832,2.65398907661438,1.7432550191879272,0.023296978324651718,2.9420247,5.685443,0,0.5423135
A549,4,OSI,14,4,11.75,3,0.13343365490436554,0.0015766883734613657,0.136850044131279,0.0011495244689285755,0.0953884944319725,0.7041501998901367,0.0003353193460498005,0.1393096148967743,0.03832458704710007,0.10986414551734924,0.1173076257109642,0.4911171495914459,0.67119366,0.6699938,300,44724,45024,0.9515924,0.6978704929351807,0.702929,0.9955790042877197,0.9805753,1.0358675,2.0356526,0,0.07863156,0.7041501998901367,0.9136291146278381,0.5326206684112549,0.0061325388960540295,1.0380925,2.0356526,0,0.07837481
A549,4,OSI,14,4,11.75,4,0.21978461742401123,0.011770835146307945,0.2546895444393158,0.00475028483197093,0.1645391881465912,2.1432814598083496,0.0014242365723475814,0.2996540069580078,0.08554157614707947,0.19371037185192108,0.21816091239452362,1.3186193704605103,1.8168405,1.8123013,400,43504,43904,0.95612884,0.7828640341758728,0.5906978,0.9901084303855896,0.9600967,3.2457724,8.572842,0,2.7626672,2.1432814598083496,3.9593489170074463,1.3941322565078735,0.2332245260477066,3.255909,8.572842,0,2.774646
A549,4,OSI,14,4,11.75,5,0.06932603567838669,0.004970311187207699,0.13423484563827515,0.0009109057718887925,0.11175402998924255,0.3951878249645233,0.00032233819365501404,0.15855534374713898,0.0650118887424469,0.12605850398540497,0.13419800996780396,0.308638334274292,0.40116417,0.4008138,200,52616,52816,0.9407831,-0.023325078,0.7862841,0.9966434240341187,0.98642755,0.3223803,1.1932364,0,0.10870875,0.3951878249645233,0.5592684149742126,0.2984628677368164,0.0019829554948955774,0.32210353,1.1932364,0,0.109094225
A549,4,OSI,14,4,11.75,6,0.22861799597740173,0.012385045178234577,0.26612719893455505,0.004434830043464899,0.18484701216220856,1.924917221069336,0.000739271636120975,0.27738866209983826,0.09828842431306839,0.20645272731781006,0.22013980150222778,1.2441413402557373,1.4817014,1.4794002,500,51116,51616,0.9879694,0.3988375663757324,0.7559685,0.9946179986000061,0.9668808,2.5265634,6.4934053,0,1.5574039,1.924917221069336,2.595083236694336,1.3941185474395752,0.05420726537704468,2.5324483,6.4934053,0,1.5685323
A549,4,OSI,14,4,11.75,7,0.10358535498380661,0.0020963901188224554,0.1094951331615448,0.0015689017018303275,0.06850705295801163,0.5089956521987915,0.00043185611139051616,0.12091817706823349,0.012395890429615974,0.08539361506700516,0.0949564203619957,0.36537426710128784,0.58127475,0.5787459,500,42188,42688,0.9915208,0.11016316711902618,0.5198655,0.9961069226264954,0.9655814,0.93120205,3.577743,0,0.19377163,0.5089956521987915,0.7737712264060974,0.3708043396472931,0.003114096587523818,0.9362059,3.577743,0,0.19389354
A549,4,OSI,14,4,11.75,8,0.20073531568050385,0.0045431870967149734,0.21250298619270325,0.0023088566958904266,0.16477760672569275,1.8395088911056519,0.001483985222876072,0.2540251910686493,0.05550495535135269,0.1960839331150055,0.21452468633651733,1.0897988080978394,1.2404445,1.2387159,356,30668,31024,0.916616,0.34869956970214844,0.77121514,0.992608904838562,0.98703563,2.3029125,4.33865,0,0.4898572,1.8395088911056519,2.6241230964660645,1.1653367280960083,0.06841616332530975,2.3082917,4.33865,0,0.49222767
A549,4,OSI,14,4,11.75,9,0.1502975970506668,0.004038629587739706,0.16375353932380676,0.0021967466454952955,0.114896260201931,0.9685449004173279,0.00043938131420873106,0.1741236001253128,0.05975759029388428,0.1317387819290161,0.14225612580776215,0.6446533203125,0.8310769,0.8298958,200,31368,31568,0.9878114,-0.216141969,0.70489836,0.9946638345718384,0.9787016,1.4214277,4.0211663,0,0.35417986,0.9685449004173279,1.292633056640625,0.6958388686180115,0.014882836490869522,1.4243152,4.0211663,0,0.35502714
A549,4,OSI,15,4,11.75,1,0.2862970530986786,0.009481591172516346,0.2962219715118408,0.006870311684906483,0.17668117582798004,3.326655387878418,0.0011227960931137204,0.28269246220588684,0.08354835957288742,0.20408150553703308,0.22211375832557678,2.1032629013061523,3.5756216,3.5585506,1144,97528,98672,0.26002803,0.15940506756305695,0.27279767,0.9755556583404541,0.9349578,6.131167,16.473864,0,5.021964,3.326655387878418,4.989603042602539,1.8402985334396362,0.6029259562492371,6.164064,16.473864,0,4.980457
A549,4,OSI,15,4,11.75,2,0.1821109801530838,0.0016705164453014731,0.1821109801530838,0.0016705164453014731,0.13286060094833374,0.8750907182693481,0.0011615600669756532,0.2232930213212967,0.07640887796878815,0.1604422777891159,0.1824893057346344,0.6514533758163452,1.0718746,1.069335,300,49364,49664,0.93934613,0.8204159140586853,0.7199199,0.9908558130264282,0.9703643,1.6484122,3.365015,0.64244217,0.20474988,0.8750907182693481,1.1665669679641724,0.6508970856666565,0.014103574678301811,1.6531118,3.365015,0.64244217,0.20225206
A549,4,OSI,15,4,11.75,3,0.225467711687088,0.00600777892395854,0.23703742027282715,0.003573615336790681,0.15966734290122986,1.4649738073349,0.0006787761230953038,0.24715276062488556,0.10052400082349777,0.18074437975883484,0.1939118355512619,0.8743811845779419,1.2154295,1.2120463,200,19960,20160,0.16536869,0.6095654964447021,0.25850976,0.9959359765052795,0.9688474,2.2705638,6.030971,0,0.76349574,1.4649738073349,1.8767046928405762,1.037502408027649,0.022853173315525055,2.2786357,6.030971,0,0.76434904
A549,4,OSI,15,4,11.75,4,0.2203945368528366,0.003286336548626423,0.2203945368528366,0.003286336548626423,0.14300046861171722,1.7462613582611084,0.0003142930509056896,0.19133609533309937,0.09126783162355423,0.15670503675937653,0.16578485071659088,1.1883244514465332,1.7781087,1.7685425,300,18196,18496,0.6339745,0.6811736822128296,0.40580684,0.9977235794067383,0.97536457,2.8069093,6.5522075,1.3362172,0.6043427,1.7462613582611084,2.098304271697998,1.450734257698059,0.017411796376109123,2.8243964,6.5522075,1.3362172,0.59516615
A549,4,OSI,15,4,11.75,5,0.21046754717826843,0.004021929111331701,0.21213652193546295,0.003699772758409381,0.16756434738636017,2.806347370147705,0.0006227210978977382,0.2586892247200012,0.09679023176431656,0.18686695396900177,0.20106634497642517,1.876278042793274,2.4855661,2.4802103,200,22552,22752,0.67133343,0.5365932583808899,0.6592007,0.9959973096847534,0.972005,4.361445,10.218644,0,1.93212,2.806347370147705,3.8328404426574707,2.1637725830078125,0.12065930664539337,4.375236,10.218644,0,1.9265479
A549,4,OSI,15,4,11.75,6,0.11845586448907852,0.0011495560174807906,0.11845586448907852,0.0011495560174807906,0.07001249492168427,0.9144598245620728,0.0002862151013687253,0.12479791790246964,0.030011147260665894,0.08330647647380829,0.09172102808952332,0.6294007301330566,1.1092652,1.1012887,400,23664,24064,0.46166763,0.037878818809986115,-0.16185525,0.9921976327896118,0.9621946,1.706442,3.1987216,0.6163593,0.23662947,0.9144598245620728,1.254341959953308,0.6391013860702515,0.014134466648101807,1.7198292,3.1987216,0.6163593,0.22960879
A549,4,OSI,15,4,11.75,7,0.12735220789909363,0.0026489468291401863,0.1345355212688446,0.00183194933924824,0.07663044333457947,0.8322021961212158,0.00037690464523620903,0.12994033098220825,0.029603637754917145,0.09227223694324493,0.10320765525102615,0.560641884803772,0.9565234,0.9539725,300,46260,46560,0.84407717,-0.030822016,0.51010877,0.9905166625976562,0.96769536,1.6037174,5.046344,0,0.48769203,0.8322021961212158,1.1865817308425903,0.5810549259185791,0.017430530861020088,1.6087209,5.046344,0,0.48685655
A549,4,OSI,15,4,11.75,8,0.14917513728141785,0.010624978691339493,0.20127719640731812,0.0038489848375320435,0.12320730090141296,0.9768462181091309,0.000541426008567214,0.18610228598117828,0.0642334371805191,0.14166373014450073,0.15217849612236023,0.6228988766670227,0.9912331,0.9889357,100,15932,16032,0.9614437,-0.140877604,0.51601624,0.9972981214523315,0.9750422,1.4222809,4.3833146,0,0.9998654,0.9768462181091309,1.2504044771194458,0.8090561628341675,0.008017700165510178,1.4250768,4.3833146,0,1.0048379
A549,4,OSI,15,4,11.75,9,0.1613808125257492,0.002317100530490279,0.1613808125257492,0.002317100530490279,0.09763556718826294,0.6979895830154419,0.0006674914620816708,0.17514151334762573,0.05521034449338913,0.11778123676776886,0.13496127724647522,0.5147098302841187,0.8809554,0.8798705,100,33660,33760,0.9931215,-0.288073719,0.44569448,0.9946985244750977,0.93731105,1.2596273,3.3618336,0.45698023,0.20816419,0.6979895830154419,0.9381228089332581,0.5901440382003784,0.0043537793681025505,1.261296,3.3618336,0.45698023,0.20782974
A549,4,OSI,15,4,11.75,10,0.21360838413238525,0.0027222430799156427,0.2136208564043045,0.0027197347953915596,0.152782142162323,0.9835045337677002,0.002929533366113901,0.34770217537879944,0.058624282479286194,0.1929587572813034,0.2285083681344986,0.7306820154190063,1.0829263,1.0794951,500,50828,51328,0.74199057,0.29735589027404785,0.60143274,0.9826558828353882,0.96536225,1.6389643,3.480041,0,0.16718037,0.9835045337677002,1.6522645950317383,0.6431534886360168,0.03427819907665253,1.645412,3.480041,0,0.16421986
A549,4,OSI,16,4,11.75,1,0.3377549350261688,0.0009401346906088293,0.3377549350261688,0.0009401346906088293,0.28130751848220825,3.8580145835876465,0.00013321008009370416,0.3102399408817291,0.25802624225616455,0.29071682691574097,0.29698804020881653,3.3600053787231445,4.4995418,4.4943323,100,21772,21872,0.82837766,-0.245215908,0.547716,0.9992030262947083,0.99009264,5.0462008,7.930942,3.3628335,0.3857959,3.8580145835876465,4.19050407409668,3.623037099838257,0.016953403130173683,5.0516577,7.930942,3.3628335,0.3809758
A549,4,OSI,16,4,11.75,2,0.18165789544582367,0.0029611103236675262,0.18165789544582367,0.0029611103236675262,0.1437186449766159,1.0861694812774658,0.00047279655700549483,0.2012910097837448,0.07771975547075272,0.16089831292629242,0.17174071073532104,0.7963294386863708,1.1186277,1.1107705,667,26693,27360,0.9278924,-0.159594476,0.36143994,0.9942405223846436,0.96019673,1.6171184,3.8718576,0.7176148,0.33908933,1.0861694812774658,1.5849429368972778,0.8356077075004578,0.01518283225595951,1.6303858,3.8718576,0.7176148,0.3399628
A549,4,OSI,16,4,11.75,3,0.13548056781291962,0.002006188500672579,0.14075177907943726,0.0013423124328255653,0.11368406563997269,0.586696982383728,0.00038641240098513663,0.1700318455696106,0.04894803836941719,0.12916289269924164,0.1377592235803604,0.4212157130241394,0.5486026,0.5464963,400,23792,24192,0.24570435,-0.156218052,0.24994195,0.984133243560791,0.9553156,0.8453146,2.6766284,0,0.16258353,0.586696982383728,0.8670973181724548,0.3563159704208374,0.01837138645350933,0.84966254,2.6766284,0,0.16386472
A549,4,OSI,16,4,11.75,4,0.1129424050450325,0.007407371420413256,0.1654321849346161,0.0021664323285222054,0.11554054170846939,0.8975873589515686,0.0008475890499539673,0.23503424227237701,0.03905842825770378,0.13853001594543457,0.15288200974464417,0.5714609026908875,0.7643361,0.76339036,300,60884,61184,0.94054604,0.5111596584320068,0.7491917,0.9962838292121887,0.9858346,1.0922369,3.3941405,0,0.67725927,0.8975873589515686,1.211733102798462,0.663503110408783,0.009327949956059456,1.0931962,3.3941405,0,0.6803628
A549,4,OSI,16,4,11.75,5,0.15326151251792908,0.0011576508404687047,0.15326151251792908,0.0011576508404687047,0.10551780462265015,0.8652378916740417,0.0007043997175060213,0.19761821627616882,0.038033343851566315,0.12614557147026062,0.1399518996477127,0.5970209240913391,0.89832485,0.8931335,400,22816,23216,0.89644235,0.3867686986923218,0.6080711,0.9906477332115173,0.981755,1.5008858,3.68037,0.6078229,0.13904291,0.8652378916740417,1.3812943696975708,0.6078228950500488,0.019888117909431458,1.5120296,3.68037,0.6813993,0.1339241
A549,4,OSI,16,4,11.75,6,0.14957289397716522,0.001350397476926446,0.14957289397716522,0.001350397476926446,0.11245250701904297,0.8956312537193298,0.001090280362404883,0.19707953929901123,0.04334694519639015,0.13974951207637787,0.157059907913208,0.6532255411148071,0.99531823,0.99085,400,30224,30624,0.8609971,0.8019821643829346,0.63781357,0.9962499737739563,0.97100335,1.5486465,3.0723307,0.55424637,0.16705143,0.8956312537193298,1.2386730909347534,0.7222303152084351,0.008451966568827629,1.5572889,3.0723307,0.55424637,0.16343215
A549,4,OSI,16,4,11.75,7,0.132741779088974,0.0038009583950042725,0.14879436790943146,0.0018720757216215134,0.09623268246650696,1.3555113077163696,0.00047340866876766086,0.1617743819952011,0.046024203300476074,0.11324882507324219,0.12441416084766388,0.7974711656570435,0.97834086,0.97741127,100,19356,19456,0.9776829,0.15047109127044678,0.6770152,0.9979999661445618,0.9869147,1.8754003,4.336505,0,0.6335759,1.3555113077163696,1.7012763023376465,1.1380829811096191,0.012293768115341663,1.8780861,4.336505,0,0.6353822
A549,4,OSI,16,4,11.75,8,0.1199604943394661,0.0016732990043237805,0.12324803322553635,0.00131397251971066,0.09567715972661972,1.0076332092285156,0.0007864790386520326,0.16706523299217224,0.02096887119114399,0.1180611178278923,0.13200220465660095,0.6102036833763123,0.76685566,0.7635217,300,13796,14096,0.7803145,0.3316606283187866,0.43777248,0.9962798357009888,0.98941237,1.4375008,3.147225,0,0.18874766,1.0076332092285156,1.4473083019256592,0.725210428237915,0.013317378237843513,1.4468485,3.147225,0,0.18845682
A549,4,OSI,17,4,11.75,1,0.18414516746997833,0.0027547581121325493,0.18414516746997833,0.0027547581121325493,0.12237419188022614,0.9387057423591614,0.0012616193853318691,0.23888860642910004,0.05720200389623642,0.1508263498544693,0.17291578650474548,0.6857357621192932,1.2263927,1.2174295,500,29660,30160,0.7206091,-0.303840727,0.32321605,0.9532530307769775,0.94997543,1.8650006,4.0115933,0.5259087,0.27142605,0.9387057423591614,1.664219617843628,0.5259087085723877,0.08007504791021347,1.8806158,4.0115933,0.59436977,0.2599437
A549,4,OSI,17,4,11.75,2,0.04144391417503357,0.003093025414273143,0.09506459534168243,0.0019973949529230595,0.1086035668849945,0.9553248882293701,0.0002910984039772302,0.1558109074831009,0.07161859422922134,0.12221526354551315,0.13198649883270264,0.6695218682289124,0.75005126,0.7498599,100,41980,42080,0.53983253,0.30436620116233826,0.72692275,0.9891306161880493,0.8442047,0.93675405,5.6535053,0,1.6383419,0.9553248882293701,1.278724193572998,0.6837849617004395,0.026593642309308052,0.9367099,5.6535053,0,1.6421804
A549,4,OSI,17,4,11.75,3,0.41247183084487915,0.018847733736038208,0.4306902587413788,0.01183370966464281,0.27392008900642395,2.474229335784912,0.002145305974408984,0.40689826011657715,0.19734667241573334,0.3090977072715759,0.3450811505317688,1.8726675510406494,3.1163082,3.1071236,400,53760,54160,0.13729578,-0.501130939,0.23689356,0.9735403060913086,0.9248267,4.1386313,7.965893,0,2.1522481,2.474229335784912,3.947197198867798,1.736625075340271,0.26632797718048096,4.1510158,7.965893,0,2.145515
A549,4,OSI,17,4,11.75,4,0.07522328943014145,0.010451038368046284,0.18704015016555786,0.005071908701211214,0.12679921090602875,1.1502032279968262,0.007085814606398344,0.37280890345573425,0,0.18878135085105896,0.23802974820137024,0.7161411643028259,0.76751715,0.7668374,700,52212,52912,0.14991046,-0.178997144,0.34591597,0.8250880241394043,0.90297806,0.7186712,5.276404,0,1.0633059,1.1502032279968262,3.6644742488861084,0,0.8655803799629211,0.71288574,5.276404,0,1.0634266
A549,4,OSI,17,4,11.75,5,0.04237277805805206,0.0031815071124583483,0.10774118453264236,0.0010467413812875748,0.08639008551836014,1.2856894731521606,0.000523050723131746,0.16853587329387665,0.03575335070490837,0.10446685552597046,0.11609415709972382,0.8293205499649048,0.54484564,0.5476724,300,29892,30192,0.83195937,-0.453300327,0.88742775,0.9657278656959534,0.9345256,0.4819707,3.285597,0,0.41254732,1.2856894731521606,1.8276124000549316,0.5582142472267151,0.11539027094841003,0.47390443,3.285597,0,0.40898153
A549,4,OSI,17,4,11.75,6,0.12009360641241074,0.0006490806699730456,0.12009360641241074,0.0006490806699730456,0.09356752038002014,1.339074730873108,0.00030023622093722224,0.14497463405132294,0.04311199486255646,0.10704605281352997,0.11552320420742035,0.9382486939430237,1.472109,1.4659444,400,34240,34640,0.78076434,0.4064379930496216,0.27499464,0.9921091198921204,0.9651865,2.2747927,5.3790045,0.9621592,0.48060745,1.339074730873108,1.8924628496170044,0.9685162305831909,0.035475049167871475,2.285724,5.3790045,0.9621592,0.4754595
A549,4,OSI,17,4,11.75,7,0.12712238729000092,0.0035937668289989233,0.14100608229637146,0.0020285758655518293,0.08776133507490158,0.9207756519317627,0.0006878711865283549,0.16258691251277924,0.0029531121253967285,0.10811280459165573,0.12142298370599747,0.5755255222320557,0.8299092,0.8237627,600,24232,24832,0.8442507,0.37173521518707275,0.54690963,0.9903239607810974,0.97951293,1.5012213,3.4089262,0,0.47559428,0.9207756519317627,1.503026008605957,0.5767586827278137,0.028741683810949326,1.5155934,3.4089262,0,0.47810975
A549,4,OSI,17,4,11.75,8,0.09453152865171432,0.0011767410906031728,0.09711010754108429,0.0009584329673089087,0.07877889275550842,1.80107581615448,0.0008507664897479117,0.14941728115081787,0.014999146573245525,0.10306254029273987,0.11872932314872742,1.107263207435608,1.1917051,1.1905272,300,21204,21504,0.49273637,-0.782411337,0.6618885,0.9269425868988037,0.97175676,2.1776948,4.7263184,0,0.40347296,1.80107581615448,3.4060237407684326,0.9689995050430298,0.5744005441665649,2.183023,4.7263184,0,0.39901942
A549,4,OSI,17,4,11.75,9,0.07898396253585815,0.00038855348248034716,0.07907244563102722,0.0003819926641881466,0.05388149991631508,0.5046514868736267,0.0003705444105435163,0.12099512666463852,0.007321401033550501,0.06929583102464676,0.07885602861642838,0.3641109764575958,0.54038775,0.53764516,292,18476,18768,0.93799263,-0.419178337,0.54721665,0.9811323285102844,0.9794068,0.7800414,1.4104862,0,0.031058397,0.5046514868736267,0.6609435677528381,0.3254217803478241,0.008772038854658604,0.7843937,1.4104862,0,0.030193083
A549,4,OSI,17,4,11.75,10,0.1345512717962265,0.0019443936180323362,0.1345556676387787,0.0019438642775639892,0.07285546511411667,0.7755684852600098,0.0006185917882248759,0.17215223610401154,0.021789932623505592,0.09186646342277527,0.10689233988523483,0.5462242364883423,0.94800276,0.9414221,500,30028,30528,0.91743904,0.3088211119174957,0.469224,0.9910880327224731,0.9516939,1.4783919,4.0244656,0,0.3060284,0.7755684852600098,1.3312287330627441,0.5586301684379578,0.015093102119863033,1.4900947,4.0244656,0,0.30251083
A549,4,OSI,18,4,11.75,1,0.07724794745445251,0.002756974194198847,0.1021280512213707,0.0011039864039048553,0.08541812747716904,0.5925251245498657,0.00019803634495474398,0.14247655868530273,0.05524260178208351,0.09630994498729706,0.10377277433872223,0.4362143278121948,0.5119845,0.5113818,400,49888,50288,0.9544121,0.4846963882446289,0.78993964,0.9958305954933167,0.9433795,0.62321156,2.8491254,0,0.19501789,0.5925251245498657,0.7554208636283875,0.4424298107624054,0.003416822524741292,0.6234576,2.8491254,0,0.19654654
A549,4,OSI,18,4,11.75,2,0.3205970525741577,0.001299181836657226,0.3205970525741577,0.001299181836657226,0.276504784822464,1.8706363439559937,0.0005803345702588558,0.34044766426086426,0.23134851455688477,0.29626816511154175,0.3093501329421997,1.6817899942398071,2.3787892,2.3680682,300,19204,19504,0.71214116,0.7649967074394226,0.40776277,0.9967960715293884,0.98010296,2.5803113,4.0217376,1.5787524,0.17170683,1.8706363439559937,2.48927903175354,1.606631875038147,0.029486358165740967,2.5913975,4.0217376,1.5787524,0.16593793
A549,4,OSI,18,4,11.75,3,0.03568648174405098,0.003115106141194701,0.09610142558813095,0.002582820598036051,0.05528506264090538,0.9654924273490906,0.0006541743641719222,0.12431077659130096,0,0.07574713230133057,0.08954034000635147,0.5635931491851807,0.9018186,0.899186,200,25496,25696,0.8330026,-0.190236837,0.1766405,0.996411919593811,0.96955705,0.5857168,3.8768327,0,0.70709175,0.9654924273490906,1.2848999500274658,0.7134102582931519,0.012888303957879543,0.5827377,3.8768327,0,0.71139705
A549,4,OSI,18,4,11.75,4,0.13653960824012756,0.003990174736827612,0.14623410999774933,0.002855817787349224,0.11365600675344467,0.5521461963653564,0.0009627239778637886,0.20395715534687042,0.03134799003601074,0.13888467848300934,0.15394338965415955,0.41235193610191345,0.64938295,0.64501107,700,37252,37952,0.37202376,0.4716019332408905,0.2507473,0.9798430800437927,0.9347394,1.0332805,4.2318783,0,0.40628564,0.5521461963653564,0.9257662296295166,0.27844831347465515,0.01747722737491131,1.0423214,4.2318783,0,0.40916008
A549,4,OSI,18,4,11.75,5,0.14067342877388,0.01573280617594719,0.22938740253448486,0.005304638762027025,0.11786139011383057,0.8646037578582764,0.002558253239840269,0.2805476784706116,0.016512637957930565,0.1584990918636322,0.18922629952430725,0.557769238948822,1.0330113,1.0283991,500,51020,51520,0.11622979,-0.447764874,0.43797487,0.9660845398902893,0.90354645,1.2071644,4.9565816,0,1.2512548,0.8646037578582764,1.9085440635681152,0.43462640047073364,0.08330825716257095,1.2105216,4.9565816,0,1.2615395
A549,4,OSI,18,4,11.75,6,0.16554737091064453,0.005192166659981012,0.1671583503484726,0.004973404109477997,0.10006935149431229,0.5849707126617432,0.0008339016349054873,0.19563451409339905,0.013237684033811092,0.12219668179750443,0.13681460916996002,0.4309854209423065,0.8348586,0.8298897,600,48168,48768,0.5391597,0.6522886753082275,0.25752366,0.9914075136184692,0.9186792,1.4226052,4.566502,0,0.5944887,0.5849707126617432,0.8274607062339783,0.3878777325153351,0.008081073872745037,1.4330391,4.566502,0,0.59294456
A549,4,OSI,18,4,11.75,7,0.11689382791519165,0.0016229830216616392,0.11845242232084274,0.0014600047143176198,0.0677078440785408,1.3357192277908325,0.0006960483151488006,0.15150095522403717,0,0.08839795738458633,0.10138045251369476,0.8871196508407593,1.5086322,1.4994915,693,46427,47120,0.8999743,0.7076994180679321,0.62065476,0.9941132664680481,0.96605504,2.6338317,7.2542663,0,0.73592377,1.3357192277908325,1.9710421562194824,0.9230113625526428,0.026686815544962883,2.6532085,7.2542663,0,0.7209819
A549,4,OSI,18,4,11.75,8,0.16873931884765625,0.0019270963966846466,0.16890740394592285,0.0019006254151463509,0.13685716688632965,1.4050594568252563,0.0016258417163044214,0.25747352838516235,0.026904216036200523,0.16767705976963043,0.18829946219921112,0.9543386697769165,1.2350007,1.2295951,600,30552,31152,0.9156354,0.29089608788490295,0.5291971,0.991191029548645,0.9784175,2.171551,5.008413,0,0.36785078,1.4050594568252563,1.9210063219070435,0.9153439402580261,0.03980318829417229,2.186604,5.008413,0,0.36252868
A549,4,OSI,18,4,11.75,9,0.09820953756570816,0.0016841504257172346,0.10042395442724228,0.0014997440157458186,0.0599692277610302,1.716200351715088,0.00065992382587865,0.12419731169939041,0,0.08110392093658447,0.09228891134262085,1.0304548740386963,1.5582354,1.5509404,299,21333,21632,0.81530046,-0.598308861,0.48914257,0.9716390371322632,0.9834197,2.9737215,6.6496553,0,0.6716295,1.716200351715088,2.539874315261841,0.9186175465583801,0.19339525699615479,2.9913468,6.6496553,0,0.6558576
A549,4,OSI,19,4,11.75,1,0.09370537847280502,0.005680197849869728,0.14121167361736298,0.001851472770795226,0.10553652048110962,0.8222329616546631,0.0004775408888235688,0.16874167323112488,0.04715844616293907,0.12243212014436722,0.1332351267337799,0.5236480236053467,0.689902,0.6889461,200,34584,34784,0.8903674,-0.60021174,0.6404715,0.9917589426040649,0.9838497,0.9035612,3.179746,0,0.52079093,0.8222329616546631,1.1312451362609863,0.5160870552062988,0.020040979608893394,0.90403146,3.179746,0,0.5236483
A549,4,OSI,19,4,11.75,2,0.11229458451271057,0.012284704484045506,0.20556999742984772,0.0033141381572932005,0.13497665524482727,1.0773206949234009,0.0010599453235045075,0.2381252944469452,0.033616866916418076,0.16048477590084076,0.17578348517417908,0.6182525753974915,0.8364405,0.83365047,400,30880,31280,0.94554895,0.1972242295742035,0.5280623,0.9953941106796265,0.98488796,0.9214883,3.3369725,0,0.79338634,1.0773206949234009,1.7638757228851318,0.692500114440918,0.02510448545217514,0.9194698,3.3369725,0,0.80301964
A549,4,OSI,19,4,11.75,3,0.1889094114303589,0.003601331729441881,0.19645947217941284,0.0022619834635406733,0.18350590765476227,2.1774187088012695,0.001623454038053751,0.27436399459838867,0.10526646673679352,0.21737512946128845,0.23848147690296173,1.5212198495864868,1.7238739,1.7218387,300,29572,29872,0.9958463,0.8510281443595886,0.8198279,0.9984140396118164,0.980523,2.9160118,6.345542,0,0.86647743,2.1774187088012695,2.927290678024292,1.707798719406128,0.04651530086994171,2.9235046,6.345542,0,0.8692055
A549,4,OSI,19,4,11.75,4,0.11200325191020966,0.020072000101208687,0.2675726115703583,0.006325341761112213,0.1488904058933258,1.019504427909851,0.0008223616168834269,0.2216484695672989,0.07076343894004822,0.1722649335861206,0.18345047533512115,0.6298991441726685,0.9828925,0.9815163,100,25548,25648,0.8972515,-0.25878644,0.43953526,0.995969295501709,0.9675063,0.7875461,4.0077267,0,0.97530776,1.019504427909851,1.3600267171859741,0.779880702495575,0.014353854581713676,0.7866382,4.0077267,0,0.9788576
A549,4,OSI,19,4,11.75,5,0.14503113925457,0.003397896885871887,0.14503113925457,0.003397896885871887,0.08928465098142624,0.5668648481369019,0.0002811185840982944,0.13615350425243378,0.0451609306037426,0.10267553478479385,0.11049800366163254,0.4254421293735504,1.0094972,1.0009683,500,33740,34240,0.04975501,-0.094594985,-0.12124096,0.9906376600265503,0.8527383,1.3565359,4.349167,0.40431795,0.7240919,0.5668648481369019,0.9090881943702698,0.4043179452419281,0.006491681095212698,1.368238,4.349167,0.42862868,0.7253483
A549,4,OSI,19,4,11.75,6,0.17922085523605347,0.01979229226708412,0.2791978716850281,0.0029199044220149517,0.21130900084972382,2.106461524963379,0.002585609443485737,0.32953155040740967,0.1090070903301239,0.2537507116794586,0.27841413021087646,1.1595368385314941,1.4129484,1.4105856,199,21145,21344,0.75054955,-0.692950308,0.5113431,0.9836785793304443,0.9865085,1.8197972,5.830263,0,2.0561283,2.106461524963379,3.1619129180908203,1.3377615213394165,0.18338054418563843,1.8170992,5.830263,0,2.0729728
A549,4,OSI,19,4,11.75,7,0.3325522243976593,0.004601147025823593,0.3325522243976593,0.004601147025823593,0.25455188751220703,2.1593494415283203,0.002083132043480873,0.37830665707588196,0.1546025276184082,0.2921448051929474,0.3145439028739929,1.7842614650726318,2.7789035,2.7624085,493,29235,29728,0.6773729,0.6053732633590698,0.1415707,0.9883823990821838,0.9641156,3.3089864,5.861031,1.5352418,0.5771587,2.1593494415283203,2.6702332496643066,1.5499573945999146,0.06900931149721146,3.3283732,5.861031,1.5352418,0.5630643
A549,4,OSI,2,4,11.75,1,0.048280827701091766,0.003783687250688672,0.11449507623910904,0.0013915805611759424,0.0787629559636116,0.7650893926620483,0.0009086125646717846,0.17114554345607758,0,0.10202300548553467,0.11709276586771011,0.5052619576454163,0.4602417,0.4605287,578,90094,90672,0.89435464,-0.255905032,0.83459395,0.9552213549613953,0.9200174,0.49803093,2.6492355,0,0.3882834,0.7650893926620483,1.8623347282409668,0.4164583086967468,0.1006176769733429,0.49631765,2.6492355,0,0.38966843
A549,4,OSI,2,4,11.75,2,0.05094294250011444,0.003138043452054262,0.10148772597312927,0.0011218858417123556,0.10952316224575043,1.3886916637420654,0.0007775741978548467,0.18639002740383148,0.0346553772687912,0.131094291806221,0.14352580904960632,0.9692580103874207,0.554071,0.5574645,300,36404,36704,0.8332674,0.8311288356781006,0.94088125,0.9933404922485352,0.9218737,0.55842197,2.6307325,0,0.36767876,1.3886916637420654,1.7640876770019531,1.0699721574783325,0.023092063143849373,0.5515799,2.6307325,0,0.3647908
A549,4,OSI,2,4,11.75,3,0.1505553126335144,0.0014112181961536407,0.1505553126335144,0.0014112181961536407,0.22321800887584686,1.1372957229614258,0.0005541049176827073,0.26520028710365295,0.16610196232795715,0.24349750578403473,0.2509470582008362,0.9987043738365173,1.1078738,1.1069142,200,22552,22752,0.9596714,0.9698271155357361,0.97974443,0.9996439218521118,0.9920165,1.5261002,3.0176487,0.8475901,0.111662306,1.1372957229614258,1.2240532636642456,1.0417919158935547,0.0016944903181865811,1.5295482,3.0176487,0.8475901,0.11128503
A549,4,OSI,2,4,11.75,4,0.04527682065963745,0.0027158975135535,0.08843158930540085,0.0014882604591548443,0.06883543729782104,1.050439715385437,0.000907749927137047,0.1672823280096054,0,0.09214848279953003,0.10973474383354187,0.6963266730308533,0.62840205,0.62913984,1100,100164,101264,0.9105765,0.6105010509490967,0.83016104,0.9899829030036926,0.92027265,0.78237814,4.629273,0,0.8334757,1.050439715385437,1.5812441110610962,0.6629992723464966,0.025566671043634415,0.7794344,4.629273,0,0.8415504
A549,4,OSI,2,4,11.75,5,0.06262277811765671,0.0034523936919867992,0.09731699526309967,0.0019887485541403294,0.06428737938404083,1.0083272457122803,0.0009837998077273369,0.16531065106391907,0,0.08910760283470154,0.10521194338798523,0.5688050389289856,0.8310561,0.82829106,500,46924,47424,0.58207667,0.24690774083137512,-0.05550925,0.9912241101264954,0.95677614,1.0462096,5.2209597,0,0.8783681,1.0083272457122803,1.5746448040008545,0,0.04142516478896141,1.0466132,5.2209597,0,0.88727057
A549,4,OSI,2,4,11.75,6,0.16616025567054749,0.007143317721784115,0.1940137892961502,0.0029367851093411446,0.13278350234031677,0.9541969895362854,0.000475879613077268,0.18675784766674042,0.08742927014827728,0.15032118558883667,0.1617269366979599,0.6005663871765137,0.86220205,0.86022353,200,26248,26448,0.8396835,-0.193871856,0.38606638,0.9961864948272705,0.9741926,1.4667697,4.0620427,0,0.66262174,0.9541969895362854,1.361230731010437,0.6419045925140381,0.011756167747080326,1.4706755,4.0620427,0,0.6655639
A549,4,OSI,20,4,11.75,1,0.13730816543102264,0.006896975450217724,0.16828098893165588,0.0032405995298177004,0.10146819800138474,0.9008118510246277,0.0008398956269957125,0.19195257127285004,0.023054512217640877,0.12460220605134964,0.13840167224407196,0.5745767951011658,0.9267686,0.92197824,600,43512,44112,0.39597765,0.10033823549747467,0.31424278,0.9939417243003845,0.961441,1.544305,4.9518933,0,0.96103525,0.9008118510246277,1.3786492347717285,0.6082141995429993,0.017674248665571213,1.5531782,4.9518933,0,0.9682549
A549,4,OSI,20,4,11.75,2,0.1441207379102707,0.0015957204159349203,0.14412425458431244,0.0015952523099258542,0.09769587218761444,0.6557409167289734,0.00048177255666814744,0.1690303236246109,0.03477711230516434,0.11537786573171616,0.12604032456874847,0.4804324805736542,0.8405337,0.8338635,759,40217,40976,0.2557755,0.6613015532493591,0.027059559,0.9867367148399353,0.9468094,1.256681,3.664792,0,0.30064395,0.6557409167289734,0.9363980889320374,0.39072129130363464,0.010279973037540913,1.2680223,3.664792,0,0.2991798
A549,4,OSI,20,4,11.75,3,0.08724047243595123,0.0009563923813402653,0.09151957184076309,0.0006116825970821083,0.06751152127981186,1.0658268928527832,0.0003061830357182771,0.11841161549091339,0.015600860118865967,0.08159177005290985,0.08982730656862259,0.713490903377533,0.8620604,0.86003953,400,29008,29408,0.9206258,-0.123456717,0.82176673,0.9854819774627686,0.9844432,1.3452961,2.544218,0,0.15483248,1.0658268928527832,1.6849594116210938,0.6960906386375427,0.04318663477897644,1.3491498,2.544218,0,0.15528016
A549,4,OSI,20,4,11.75,4,0.09608782827854156,0.0007665969897061586,0.09608782827854156,0.0007665969897061586,0.058389049023389816,0.6420724391937256,0.00015408241597469896,0.08922629058361053,0.02379985712468624,0.06845459342002869,0.07461752742528915,0.45588698983192444,0.7853584,0.7815627,200,17160,17360,0.70385903,0.3150801658630371,0.13053088,0.9962564706802368,0.97161937,1.1971505,2.5594344,0.53156567,0.11111507,0.6420724391937256,0.845779299736023,0.5386821627616882,0.003627920988947153,1.2036198,2.5594344,0.53156567,0.108734936
A549,4,OSI,20,4,11.75,5,0.12294328957796097,0.0026292982511222363,0.13113299012184143,0.0017305074725300074,0.06454864144325256,0.7622293829917908,0.00046695079072378576,0.12796054780483246,0.0018029975472018123,0.08178780972957611,0.09059157967567444,0.5105835199356079,0.7889093,0.78500617,300,21092,21392,0.9936374,0.2984934449195862,0.6162995,0.9942282438278198,0.9800109,1.3240105,3.1285877,0,0.2460919,0.7622293829917908,1.0986753702163696,0.5601422190666199,0.011401638388633728,1.3320009,3.1285877,0,0.24487728
A549,4,OSI,20,4,11.75,6,0.1570170372724533,0.0006169325788505375,0.1570170372724533,0.0006169325788505375,0.12869520485401154,0.9967025518417358,0.0004847241216339171,0.18147553503513336,0.07818534970283508,0.1469397097826004,0.1572188436985016,0.7097938060760498,0.86326206,0.86159825,200,18248,18448,0.9834764,0.004018006846308708,0.77412564,0.993350088596344,0.9951184,1.263762,1.8437535,0.711067,0.017676773,0.9967025518417358,1.2891649007797241,0.7110670208930969,0.014710423536598682,1.2666891,1.8437535,0.82089376,0.016919034
A549,4,OSI,20,4,11.75,7,0.19739539921283722,0.002619414124637842,0.19740235805511475,0.002618132857605815,0.11692630499601364,2.374784469604492,0.001259003533050418,0.2675165832042694,0.04832533001899719,0.14452803134918213,0.16459845006465912,1.6361610889434814,2.8041427,2.7876737,400,27968,28368,0.76427126,0.6410881876945496,0.4705479,0.9871625304222107,0.95578635,4.3308673,9.487792,1.6848174,1.5387596,2.374784469604492,3.830960988998413,1.6848174333572388,0.19698448479175568,4.3588433,9.487792,1.7936044,1.5024437
A549,4,OSI,20,4,11.75,8,0.11220771819353104,0.0022173828911036253,0.11322047561407089,0.002122731413692236,0.07752499729394913,1.0669842958450317,0.0013063539518043399,0.18823201954364777,0,0.10619504004716873,0.12619377672672272,0.6824206709861755,0.9782793,0.97146434,600,25448,26048,0.26096785,0.24425780773162842,0.0138321,0.9887048602104187,0.9589976,1.8354654,5.813885,0,0.6492142,1.0669842958450317,1.6610898971557617,0.6011009216308594,0.036872703582048416,1.8535843,5.813885,0,0.64939946
A549,4,OSI,21,4,11.75,1,0.16627275943756104,0.00464760372415185,0.17278334498405457,0.00370466778986156,0.12247160077095032,0.698351263999939,0.0006889578653499484,0.18039004504680634,0.05748625844717026,0.14366541802883148,0.15325391292572021,0.5255987048149109,0.97063506,0.9656144,400,35056,35456,0.7491443,0.7359502911567688,0.5357844,0.9926722049713135,0.9215085,1.5454625,4.884787,0,0.7530293,0.698351263999939,0.9607453942298889,0.49425414204597473,0.0082163717597723,1.5551282,4.884787,0,0.7532464
A549,4,OSI,21,4,11.75,2,0.11628632992506027,0.0017486958531662822,0.11878514289855957,0.0014894523192197084,0.08756640553474426,0.9969237446784973,0.0008631750824861228,0.19793477654457092,0.015921778976917267,0.10952747613191605,0.12876267731189728,0.6709449291229248,0.9245732,0.91994035,600,32248,32848,0.8961669,0.4620281457901001,0.5977573,0.9884419441223145,0.9652778,1.5289097,3.8433354,0,0.2437704,0.9969237446784973,1.6425607204437256,0.6350803375244141,0.029984258115291595,1.5388079,3.8433354,0,0.24238446
A549,4,OSI,21,4,11.75,3,0.0852777510881424,0.002084539970383048,0.09844934940338135,0.0011097724782302976,0.07356055825948715,0.40273162722587585,0.00044141450780443847,0.12898169457912445,0.007975339889526367,0.09042671322822571,0.10020380467176437,0.30614739656448364,0.4330507,0.43111616,300,19380,19680,0.55166084,0.3742404878139496,0.29646814,0.9959467649459839,0.96476454,0.5713947,1.7566242,0,0.09656284,0.40273162722587585,0.5694757103919983,0.28204086422920227,0.002470271894708276,0.57400554,1.7566242,0,0.0975722
A549,4,OSI,21,4,11.75,4,0.30901965498924255,0.0033226446248590946,0.30901965498924255,0.0033226446248590946,0.26999759674072266,2.5605859756469727,0.005773060489445925,0.45047610998153687,0.1530035138130188,0.33253106474876404,0.38055863976478577,1.9884694814682007,2.032581,2.032129,300,28980,29280,0.16827267,0.6514582633972168,0.611657,0.9105234146118164,0.9511574,2.9381504,5.0815334,1.4659371,0.31993005,2.5605859756469727,4.542750835418701,1.567251443862915,0.7433216571807861,2.9420593,5.0815334,1.4659371,0.3140561
A549,4,OSI,21,4,11.75,5,0.12318792939186096,0.018355129286646843,0.2418268471956253,0.007342370226979256,0.2371779978275299,1.4206976890563965,0.0008389338618144393,0.3080189824104309,0.16765154898166656,0.2615900933742523,0.2731228172779083,0.9551613330841064,0.8269337,0.827394,100,27756,27856,0.14759663,-0.212842152,0.67113847,0.9949455261230469,0.73784703,0.83181655,5.0607114,0,1.0782144,1.4206976890563965,1.8974732160568237,1.094632863998413,0.02845207415521145,0.8296949,5.0607114,0,1.0807426
A549,4,OSI,21,4,11.75,6,0.49110791087150574,0.0021298143547028303,0.49110791087150574,0.0021298143547028303,,,,,,,,,4.577436,4.577436,0,19552,19552,0.98871446,,0.6196512,,0.9848693,4.3550787,6.497076,2.1600344,0.3216495,,,,,4.3550787,6.497076,2.1600344,0.3216495
A549,4,OSI,22,4,11.75,1,0.0945233553647995,0.014746115542948246,0.20510999858379364,0.009315756149590015,0.09846589714288712,1.553552269935608,0.001643404015339911,0.17678895592689514,0.02052377536892891,0.13540780544281006,0.15077504515647888,0.997154712677002,2.090098,2.0872266,200,75928,76128,0.515658,0.9354163408279419,0.2604642,0.9919554591178894,0.8899695,1.8053863,12.233049,0,6.365331,1.553552269935608,2.0084831714630127,1.0221351385116577,0.05370250716805458,1.8060498,12.233049,0,6.3817897
A549,4,OSI,22,4,11.75,2,0.1730094850063324,0.004259408917278051,0.1863812953233719,0.002096364041790366,0.13548044860363007,1.072647213935852,0.0006904495530761778,0.19951598346233368,0.07125119864940643,0.1571580171585083,0.1692398637533188,0.6705204844474792,0.9979874,0.9962223,200,36904,37104,0.7775291,-0.087363474,0.47744352,0.9933893084526062,0.98599815,1.8749907,4.920144,0,0.5606167,1.072647213935852,1.4024170637130737,0.7510169744491577,0.02536682039499283,1.879339,4.920144,0,0.5600097
A549,4,OSI,22,4,11.75,3,0.10408016294240952,0.0007098130881786346,0.10408458858728409,0.0007093839813023806,0.07824451476335526,1.1787223815917969,0.00048768939450383186,0.1510489284992218,0.009094618260860443,0.09557873010635376,0.1069624051451683,0.812185525894165,1.1082176,1.102044,984,46200,47184,0.70409495,0.3893720507621765,0.6868713,0.9859658479690552,0.9761819,1.7053931,4.1782665,0,0.14089262,1.1787223815917969,1.9164375066757202,0.7791064977645874,0.043666109442710876,1.7166103,4.1782665,0,0.13692972
A549,4,OSI,22,4,11.75,4,0.31030747294425964,0.020903347060084343,0.34618914127349854,0.010898599401116371,0.21201959252357483,1.4944630861282349,0.0014926957665011287,0.30010533332824707,0.12816546857357025,0.2435048222541809,0.2631003260612488,1.0215281248092651,1.7744395,1.7660666,300,26676,26976,0.13094203,-0.429720521,0.04633336,0.9860365986824036,0.9328458,2.5533895,6.5969896,0,1.743316,1.4944630861282349,2.0904664993286133,0.9552471041679382,0.06202160567045212,2.565298,6.5969896,0,1.7494717
A549,4,OSI,22,4,11.75,5,0.32934489846229553,0.032269276678562164,0.38594505190849304,0.015970410779118538,0.22458362579345703,2.155041456222534,0.0019689046312123537,0.36750319600105286,0.1336057186126709,0.25942766666412354,0.28588491678237915,1.6070643663406372,2.7385192,2.727124,700,68804,69504,0.9739771,0.0303896963596344,0.42751214,0.9813114404678345,0.8766156,3.6526706,13.187726,0,4.952542,2.155041456222534,3.88309907913208,1.3312971591949463,0.22699053585529327,3.6679068,13.187726,0,4.9775677
A549,4,OSI,22,4,11.75,6,0.27950015664100647,0.007240477949380875,0.29153165221214294,0.004044593311846256,0.18788541853427887,2.005444049835205,0.0010398078011348844,0.28098753094673157,0.10613752901554108,0.21398620307445526,0.23083221912384033,1.40546452999115,2.0977614,2.091081,300,30788,31088,0.9992268,-0.450282186,0.5495438,0.9920229911804199,0.9710706,3.157149,6.196352,0,0.9585951,2.005444049835205,2.9313032627105713,1.4385225772857666,0.08140599727630615,3.1683714,6.196352,0,0.95409185
A549,4,OSI,22,4,11.75,7,0.3596138656139374,0.004648745525628328,0.36340776085853577,0.0033190513495355844,0.24781346321105957,2.5666396617889404,0.0011587027693167329,0.38663941621780396,0.1650725156068802,0.2746644616127014,0.29308852553367615,1.7991310358047485,2.6268945,2.617946,700,64052,64752,0.94050753,0.4666086435317993,0.61622787,0.9939769506454468,0.9858614,3.9153082,6.2538323,0,0.5679602,2.5666396617889404,3.6017701625823975,1.919769525527954,0.09619524329900742,3.930047,6.2538323,0,0.55302054
A549,4,OSI,22,4,11.75,8,0.03183373808860779,0.000861361448187381,0.046023547649383545,0.0005922458367422223,0.021445898339152336,0.23186741769313812,0.0002763325464911759,0.07171478122472763,0,0.035209592431783676,0.04448521509766579,0.18736127018928528,0.3657944,0.3640848,300,31012,31312,0.43466356,0.6310162544250488,0.29668507,0.994838535785675,0.94384897,0.39542136,1.4322821,0,0.10002059,0.23186741769313812,0.3293238580226898,0,0.001048937439918518,0.3970035,1.4322821,0,0.10071675
A549,4,OSI,23,4,11.75,1,0.1502169817686081,0.01267143152654171,0.2186470925807953,0.0034817561972886324,0.20862475037574768,1.533798098564148,0.0008690626709721982,0.3043992221355438,0.14131136238574982,0.23293724656105042,0.24770762026309967,1.2604376077651978,1.2812654,1.2811254,400,59104,59504,0.9866826,0.8222723007202148,0.902181,0.9969273805618286,0.95947367,1.4944971,4.67958,0,1.3483225,1.533798098564148,2.0183939933776855,1.2827264070510864,0.012546539306640625,1.4942309,4.67958,0,1.3573524
A549,4,OSI,23,4,11.75,2,0.2773056924343109,0.0021314260084182024,0.2773056924343109,0.0021314260084182024,0.2323119044303894,1.8336668014526367,0.0023182090371847153,0.3600091338157654,0.14764860272407532,0.27134063839912415,0.3027431070804596,1.4542855024337769,1.8748883,1.8687891,300,20388,20688,0.72005504,-0.175136223,0.56225646,0.9850418567657471,0.9760216,2.4415977,3.8697178,1.1247874,0.21378352,1.8336668014526367,2.5117990970611572,1.328566074371338,0.06375151127576828,2.4505432,3.8697178,1.1247874,0.21047296
A549,4,OSI,23,4,11.75,3,0.08335898071527481,0.004538554698228836,0.11441421508789062,0.0026762252673506737,0.06870093196630478,0.5913692712783813,0.00023759048781357706,0.1316586434841156,0.029607906937599182,0.08096145838499069,0.08877597004175186,0.4256878197193146,0.82236934,0.81932545,400,51728,52128,0.4757013,0.6713120341300964,0.35171467,0.9963427186012268,0.9284902,1.1458489,5.551929,0,1.102469,0.5913692712783813,0.7708481550216675,0.45433932542800903,0.0037842970341444016,1.1501364,5.551929,0,1.108569
A549,4,OSI,23,4,11.75,4,0.028497112914919853,0.0016745069297030568,0.07730194926261902,0.0007695985841564834,,,,,,,,,0.52735597,0.52735597,0,37776,37776,0.51063025,,0.881379,,0.9209104,0.4397432,2.8251452,0,0.36911803,,,,,0.4397432,2.8251452,0,0.36911803
A549,4,OSI,23,4,11.75,5,0.10758610814809799,0.012517317198216915,0.21102198958396912,0.002724522026255727,0.17528708279132843,1.95619535446167,0.0018628312973305583,0.3166690170764923,0.06081325560808182,0.2096182256937027,0.23026278614997864,0.9627034664154053,1.1794761,1.1753056,495,25233,25728,0.5587364,-0.214404374,0.3345278,0.9866556525230408,0.98925334,1.3487886,4.925446,0,1.9148711,1.95619535446167,3.111549139022827,1.0282622575759888,0.2128852903842926,1.3368728,4.925446,0,1.9408796
A549,4,OSI,23,4,11.75,6,0.15955454111099243,0.006365111563354731,0.17965379357337952,0.003556025680154562,0.08133251219987869,0.8914877772331238,0.0015464265597984195,0.18277424573898315,0,0.11395880579948425,0.13241837918758392,0.5831416845321655,1.044205,1.0376321,591,40865,41456,0.39645764,-0.032570779,0.21778673,0.9861636161804199,0.96302974,1.8700144,4.8117685,0,0.83696973,0.8914877772331238,1.4873762130737305,0.5245497822761536,0.030439108610153198,1.8841662,4.8117685,0,0.83458585
A549,4,OSI,23,4,11.75,7,0.10748147964477539,0.01015415694564581,0.1791093498468399,0.004091874696314335,0.12987102568149567,1.895463466644287,0.004326350521296263,0.3124387264251709,0,0.18364574015140533,0.21950624883174896,1.006125569343567,1.1583414,1.1569953,399,44721,45120,0.31166834,-0.736905992,0.41192296,0.9030057787895203,0.95897835,1.5775594,6.4388194,0,2.1422749,1.895463466644287,4.0877766609191895,0.5767804384231567,0.975304901599884,1.5747231,6.4388194,0,2.1517766
A549,4,OSI,26,4,11.75,1,0.18833813071250916,0.0014675568090751767,0.18833813071250916,0.0014675568090751767,0.15645574033260345,0.6489660143852234,0.001699100248515606,0.23121196031570435,0.05516519397497177,0.18848060071468353,0.2029738426208496,0.5351600050926208,1.2193307,1.214076,385,49743,50128,0.87343687,0.9746637940406799,0.87796354,0.9944522976875305,0.9326929,1.7286453,3.3601685,0.4412073,0.19925049,0.6489660143852234,0.9302034378051758,0.44120728969573975,0.007778634782880545,1.7370019,3.3601685,0.45188886,0.1916403
A549,4,OSI,26,4,11.75,2,0.33052632212638855,0.010924224741756916,0.3410034775733948,0.007697742898017168,0.16523166000843048,1.3093900680541992,0.0006446127663366497,0.23373453319072723,0.12253027409315109,0.18606282770633698,0.19875730574131012,0.9502467513084412,2.0048807,2.0010595,100,27500,27600,0.42490983,0.26237228512763977,0.24331877,0.9977643489837646,0.9507806,3.2228816,7.0904355,0,1.2500703,1.3093900680541992,1.560708999633789,1.054610252380371,0.011216746643185616,3.2298398,7.0904355,0,1.2412125
A549,4,OSI,26,4,11.75,3,0.07469295710325241,0.0025207530707120895,0.09841625392436981,0.0009866139153018594,0.06343679130077362,0.2872045040130615,0.00018613920838106424,0.0952751561999321,0.029222605749964714,0.07410554587841034,0.0819595530629158,0.24174262583255768,0.54129064,0.5398297,200,40808,41008,0.81636363,0.43290239572525024,0.45180959,0.99773770570755,0.9335909,0.5716715,1.794356,0,0.17021672,0.2872045040130615,0.3405572474002838,0.23504133522510529,0.0005037814262323081,0.57306564,1.794356,0,0.17064996
A549,4,OSI,26,4,11.75,4,0.23821263015270233,0.016828658059239388,0.29707884788513184,0.003499377053231001,0.23331396281719208,2.1475560665130615,0.001567393890582025,0.33515629172325134,0.135328471660614,0.2651846408843994,0.2816912829875946,1.284488558769226,1.5149708,1.5123868,200,17640,17840,0.9454199,-0.092461899,0.5467143,0.9959282279014587,0.99254787,2.3504956,4.9382353,0,1.5832117,2.1475560665130615,3.1500139236450195,1.5694091320037842,0.08713838458061218,2.352796,4.9382353,0,1.5997018
A549,4,OSI,26,4,11.75,5,0.4048227369785309,0.019084779545664787,0.42611953616142273,0.011013800278306007,0.19561031460762024,2.3559958934783936,0.0009678746573626995,0.3136957883834839,0.1204267218708992,0.22036626935005188,0.23609015345573425,1.7593098878860474,4.0783825,4.0605674,500,64588,65088,0.5868264,0.664615273475647,0.37035328,0.9880256056785583,0.9280243,5.448331,11.292123,0,4.265607,2.3559958934783936,3.6204822063446045,1.6066491603851318,0.1244896724820137,5.47227,11.292123,0,4.223065
A549,4,OSI,26,4,11.75,6,0.07272934913635254,0.012686656787991524,0.23339799046516418,0.0032134060747921467,0.167494997382164,1.4852999448776245,0.005279396660625935,0.32796743512153625,0,0.22076059877872467,0.25105413794517517,0.9188295602798462,1.1238807,1.1217359,200,18920,19120,0.8425715,0.06662948429584503,0.5889272,0.9954385757446289,0.9915785,0.61380863,3.3498406,0,0.86589897,1.4852999448776245,2.5506093502044678,0,0.2911326289176941,0.60459626,3.3498406,0,0.8638613
A549,4,OSI,26,4,11.75,7,0.05770926922559738,0.005290796514600515,0.12425503879785538,0.0031230777967721224,0.08967399597167969,2.391897439956665,0.0016476192977279425,0.20136311650276184,0,0.12315212935209274,0.1422848403453827,1.2566279172897339,1.6241264,1.6223772,100,20908,21008,0.9820287,0.015798509120941162,0.64549685,0.9974374175071716,0.98723435,1.6902254,7.0253386,0,3.5807738,2.391897439956665,3.2045364379882812,1.720296859741211,0.06340199708938599,1.6868693,7.0253386,0,3.5952313
A549,4,OSI,27,4,11.75,1,0.18674695491790771,0.04615860432386398,0.42685019969940186,0.0030172541737556458,,,,,,,,,3.7444649,3.7444649,0,21728,21728,0.73496455,,0.78551114,,0.9892531,2.9968119,10.88596,0,11.901497,,,,,2.9968119,10.88596,0,11.901497
A549,4,OSI,27,4,11.75,2,0.21110205352306366,0.0014005186967551708,0.2111794650554657,0.0013846844667568803,0.1557886153459549,1.55625581741333,0.0006461854209192097,0.22869540750980377,0.0917932316660881,0.1758178174495697,0.18846727907657623,1.1604819297790527,1.6066606,1.6012086,200,16168,16368,0.79073024,0.6095770597457886,0.5841108,0.9955538511276245,0.99117166,2.3288708,3.8536177,0,0.12384506,1.55625581741333,2.2291457653045654,1.1768591403961182,0.030600152909755707,2.3384283,3.8536177,0,0.11752304
A549,4,OSI,27,4,11.75,3,0.21161656081676483,0.0027541951276361942,0.21161656081676483,0.0027541951276361942,0.14080576598644257,1.3676570653915405,0.00027033849619328976,0.18502061069011688,0.09692377597093582,0.15393862128257751,0.16226620972156525,1.0659164190292358,1.8284875,1.8224239,200,24952,25152,0.7382631,0.6190361380577087,0.33583048,0.9976311922073364,0.953353,2.4292355,4.980823,1.128738,0.53033143,1.3676570653915405,1.772152304649353,1.1287380456924438,0.010201212018728256,2.4377444,4.980823,1.2255468,0.52539515
A549,4,OSI,27,4,11.75,4,0.1479945033788681,0.004458137787878513,0.1597221940755844,0.002938248449936509,0.0774117186665535,0.9127395749092102,0.00042862893315032125,0.15351738035678864,0.02235574834048748,0.09380221366882324,0.10449626296758652,0.703479528427124,1.3717539,1.3653117,300,30820,31120,0.93487495,0.5074108242988586,0.48425308,0.9885991215705872,0.95932215,1.9637053,6.217582,0,0.7927514,0.9127395749092102,1.7073861360549927,0.6425509452819824,0.030336271971464157,1.9739352,6.217582,0,0.7893166
A549,4,OSI,27,4,11.75,5,0.10727158933877945,0.011784940026700497,0.2001965194940567,0.0033905012533068657,0.18043725192546844,3.619345188140869,0.0017094735521823168,0.30171269178390503,0.0442480631172657,0.21302834153175354,0.23420850932598114,2.0197086334228516,2.377796,2.3737724,493,43379,43872,0.66473585,0.3465636670589447,0.76529795,0.9943620562553406,0.99060756,2.6107252,10.853454,0,6.476848,3.619345188140869,4.997691631317139,2.566770553588867,0.23937898874282837,2.599262,10.853454,0,6.5360436
A549,4,OSI,27,4,11.75,6,0.29194194078445435,0.002591233467683196,0.29203885793685913,0.002563790651038289,0.23511795699596405,2.3084726333618164,0.0009410677012056112,0.31360432505607605,0.15259476006031036,0.25998398661613464,0.27528321743011475,1.7604337930679321,2.155272,2.1465364,400,17680,18080,0.9593316,-0.016529016,0.6992564,0.9939278364181519,0.9901608,2.9647353,4.767682,0,0.1786517,2.3084726333618164,3.126051902770996,1.7078847885131836,0.06931059807538986,2.9795828,4.767682,0,0.17116114
A549,4,OSI,27,4,11.75,7,0.12398725003004074,0.001942749717272818,0.12687356770038605,0.001621779054403305,0.0819934830069542,0.7123382091522217,0.0001359026355203241,0.12325945496559143,0.05368336662650108,0.09114287048578262,0.09669829159975052,0.5663993954658508,1.2001243,1.1973112,200,44856,45056,0.3245703,0.4640609622001648,0.29985824,0.9947003722190857,0.9296098,1.6783031,3.7771046,0,0.43287742,0.7123382091522217,0.9381139278411865,0.5445619821548462,0.007662998978048563,1.6826103,3.7771046,0,0.43059435
A549,4,OSI,27,4,11.75,8,0.05121459439396858,0.0059178792871534824,0.14524340629577637,0.0031259069219231606,0.06502117216587067,0.4723697900772095,0.0022736943792551756,0.154047429561615,0,0.10445115715265274,0.1156252771615982,0.5837178826332092,0.8968403,0.8952813,300,59956,60256,0.38353768,0.2707565128803253,0.089012794,0.9958192706108093,0.9601333,0.5867481,5.50208,0,0.8224284,0.4723697900772095,0.8988205194473267,0,0.11123520135879517,0.5873203,5.50208,0,0.8259212
A549,4,OSI,27,4,11.75,9,0.11537735164165497,0.02171557955443859,0.2645876109600067,0.010319779627025127,0.16912314295768738,1.7788678407669067,0.002445272635668516,0.29232528805732727,0,0.20314602553844452,0.22076278924942017,1.2501366138458252,1.6547629,1.6523092,300,49172,49472,0.26281613,-0.559247613,0.45969582,0.9751767516136169,0.88439244,1.432289,9.052079,0,3.7082365,1.7788678407669067,3.066948890686035,0,0.39109891653060913,1.4301746,9.052079,0,3.727737
A549,4,OSI,27,4,11.75,10,0.5500938892364502,0.006294957362115383,0.5500938892364502,0.006294957362115383,,,,,,,,,9.182507,9.182507,0,34592,34592,0.9466324,,0.50916773,,0.9485753,7.437866,14.007248,3.7261562,2.0315607,,,,,7.437866,14.007248,3.7261562,2.0315607
A549,4,OSI,27,4,11.75,11,0.08495746552944183,0.014578664675354958,0.24417278170585632,0.0030238942708820105,0.14185106754302979,0.7340333461761475,0.009505216963589191,0.27179256081581116,0,0.21728208661079407,0.2337513417005539,0.8614106178283691,1.2375758,1.2342921,100,11356,11456,0.4540835,0.26711922883987427,-0.040920615,0.9981088042259216,0.9825232,0.8156183,4.6435323,0,1.4162323,0.7340333461761475,1.3154250383377075,0,0.24521329998970032,0.8163367,4.6435323,0,1.4264851
A549,4,OSI,27,4,11.75,12,0.22042538225650787,0.01005033403635025,0.2500168979167938,0.004001183435320854,0.21247464418411255,1.923186182975769,0.0014841619413346052,0.3025709390640259,0.11015912890434265,0.24446982145309448,0.26106348633766174,1.3649286031723022,1.6429573,1.6406634,200,24040,24240,0.5474908,-0.453787684,0.50559473,0.9944630861282349,0.977866,2.3571894,5.767857,0,1.1258144,1.923186182975769,2.547577381134033,1.2796705961227417,0.060251131653785706,2.3608,5.767857,0,1.1330992
A549,4,OSI,27,4,11.75,13,0.22453953325748444,0.003913591615855694,0.22501413524150848,0.0038150723557919264,0.15793675184249878,3.4181859493255615,0.001248193671926856,0.2681655287742615,0.055421218276023865,0.18596148490905762,0.20378637313842773,2.194761037826538,2.8354404,2.825127,664,40584,41248,0.77601516,0.1369330734014511,0.51994455,0.9896346926689148,0.9822808,4.943975,10.265655,0,1.2599316,3.4181859493255615,4.952338218688965,2.161072254180908,0.29750120639801025,4.968939,10.265655,0,1.2369655
A549,4,OSI,27,4,11.75,14,0.11648908257484436,0.011849191039800644,0.20411594212055206,0.002876496873795986,0.14598265290260315,2.030773639678955,0.0008700907346792519,0.2365056425333023,0.07415758073329926,0.16967356204986572,0.18524564802646637,1.4208735227584839,1.5221901,1.5211418,400,38256,38656,0.6932238,0.6521860361099243,0.53662884,0.9953094720840454,0.9304744,1.8118763,6.249223,0,2.8625283,2.030773639678955,2.948279619216919,1.565905213356018,0.059877604246139526,1.8095877,6.249223,0,2.8913264
A549,4,OSI,27,4,11.75,15,0.1154991164803505,0.0026929413434118032,0.12147682160139084,0.0021061645820736885,0.04871456325054169,0.8705883622169495,0.0006958315498195589,0.13666105270385742,0,0.0694214478135109,0.0840725377202034,0.6520487070083618,1.4257349,1.4161062,500,39676,40176,0.92549425,0.5948256254196167,0.57342416,0.9891625046730042,0.9363391,2.0658805,5.352847,0,0.7946072,0.8705883622169495,1.3817626237869263,0.48868662118911743,0.026694638654589653,2.0809433,5.352847,0,0.78605276
A549,4,OSI,28,4,11.75,1,0.20657478272914886,0.03667345643043518,0.360649049282074,0.00845970306545496,0.21488109230995178,2.0957577228546143,0.001721791340969503,0.3433026969432831,0.11303116381168365,0.24837873876094818,0.2697923481464386,1.5300930738449097,2.6947773,2.6886961,200,38104,38304,0.45155686,0.7593240737915039,0.55761003,0.9866328239440918,0.9606688,2.3934317,7.896431,0,4.9678884,2.0957577228546143,3.3776681423187256,1.4497228860855103,0.2166915386915207,2.394994,7.896431,0,4.992359
A549,4,OSI,28,4,11.75,2,0.1329774558544159,0.01070865336805582,0.18723039329051971,0.004919835831969976,0.1115252673625946,0.7587555050849915,0.0008438779041171074,0.20230482518672943,0.018506094813346863,0.13444553315639496,0.14714068174362183,0.6446655988693237,1.2179283,1.2127506,700,76804,77504,0.42814493,0.34816044569015503,0.46058995,0.9912581443786621,0.93284756,1.1823022,5.3168607,0,1.0135612,0.7587555050849915,1.1168203353881836,0.4995204508304596,0.011873883195221424,1.1861625,5.3168607,0,1.021041
A549,4,OSI,28,4,11.75,3,0.5060800909996033,0.010989201255142689,0.5069266557693481,0.010578427463769913,0.3836952745914459,4.4844584465026855,0.0009921803139150143,0.4809667766094208,0.32043322920799255,0.40932026505470276,0.42512449622154236,4.175360202789307,6.836173,6.828692,234,82998,83232,0.40373176,0.6204082369804382,0.48131225,0.9972870945930481,0.9197696,6.766375,12.739306,0,2.0140476,4.4844584465026855,4.999715328216553,3.7052805423736572,0.0884537473320961,6.7728095,12.739306,0,2.0047538
A549,4,OSI,28,4,11.75,4,0.07574296742677689,0.005670581478625536,0.13579367101192474,0.0020118379034101963,0.10733451694250107,1.4528318643569946,0.0006246461998671293,0.1828983575105667,0.04918237030506134,0.12679259479045868,0.13898314535617828,1.054965615272522,1.3748547,1.3730356,100,17484,17584,0.9920008,0.07781746238470078,0.81171703,0.9978976845741272,0.99018574,1.314547,4.818202,0,1.5455936,1.4528318643569946,1.7589653730392456,1.142439365386963,0.015655679628252983,1.3137561,4.818202,0,1.5542341
A549,4,OSI,28,4,11.75,5,0.15570154786109924,0.002222865354269743,0.15573467314243317,0.002218176843598485,0.09790031611919403,2.2002053260803223,0.0005837461212649941,0.16413964331150055,0.04154893010854721,0.1165192723274231,0.13217951357364655,1.575858473777771,2.4850428,2.472143,200,13896,14096,1,-0.27401194,0.598444,0.9955793023109436,0.970299,3.755685,7.404463,1.6405308,0.77636445,2.2002053260803223,2.8889167308807373,1.7046347856521606,0.046604257076978683,3.7780726,7.404463,1.6405308,0.7515431
A549,4,OSI,28,4,11.75,6,0.09359023720026016,0.007435909938067198,0.15105703473091125,0.0033209859393537045,0.08596307039260864,2.157215118408203,0.0020209592767059803,0.2295427769422531,0,0.12113954871892929,0.13839539885520935,1.4970378875732422,1.8202642,1.8141404,900,46604,47504,0.63290507,0.7909718155860901,0.7807493,0.9527390003204346,0.94247687,2.350883,10.365417,0,4.1821036,2.157215118408203,4.799316406,0,0.9381099343299866,2.354623,10.365417,0,4.244013
A549,4,OSI,28,4,11.75,7,0.17768709361553192,0.006007397547364235,0.18713317811489105,0.0045590815134346485,0.09405344724655151,2.5870327949523926,0.001090473379008472,0.21991556882858276,0,0.12019441276788712,0.13763347268104553,1.7100611925125122,2.794748,2.778715,600,39992,40592,0.84784377,0.4340977668762207,0.623058,0.9860095977783203,0.96231794,4.7319427,12.900093,0,2.8344443,2.5870327949523926,4.7936930656433105,1.660426139831543,0.3135093152523041,4.764123,12.900093,0,2.8022072
A549,4,OSI,29,4,11.75,1,0.13993695378303528,0.002412038156762719,0.13993695378303528,0.002412038156762719,0.08037062734365463,0.700588583946228,9.196167957270518e-05,0.10812235623598099,0.0546317994594574,0.08798214048147202,0.0920817106962204,0.5536324977874756,1.4909127,1.4872214,100,25292,25392,0.044826172,-0.256382853,-0.05507871,0.9987464547157288,0.89379394,2.0821621,5.5061297,0.6018117,1.0076313,0.700588583946228,0.7901448011398315,0.6018117070198059,0.0013648411259055138,2.0876245,5.5061297,0.65063834,1.0040331
A549,4,OSI,29,4,11.75,2,0.13051630556583405,0.0011955260997638106,0.1306409239768982,0.0011803878005594015,0.0741293877363205,0.9165816307067871,0.0001928574056364596,0.12214609235525131,0.03779115155339241,0.08548969775438309,0.0923260971903801,0.7030770182609558,1.3006557,1.2932206,300,23812,24112,0.989839,0.4006081819534302,0.45407,0.9953583478927612,0.96701103,1.7993531,3.680783,0,0.24073072,0.9165816307067871,1.184706211090088,0.7324948310852051,0.009647959843277931,1.810475,3.680783,0,0.23370036
A549,4,OSI,29,4,11.75,3,0.17963704466819763,0.0068731182254850864,0.20765292644500732,0.0021274590399116278,0.17765633761882782,1.7061409950256348,0.0004832539416383952,0.25001174211502075,0.12192731350660324,0.19514188170433044,0.20565848052501678,1.3702459335327148,1.5042274,1.5019443,500,28844,29344,0.9957985,0.48833751678466797,0.8847271,0.9958281517028809,0.9745944,1.7951213,4.3522215,0,0.7520328,1.7061409950256348,2.1665143966674805,1.2943410873413086,0.022344013676047325,1.7966636,4.3522215,0,0.7645421
A549,4,OSI,29,4,11.75,4,0.2365902066230774,0.019034698605537415,0.2959977090358734,0.00622979924082756,0.18459583818912506,1.8301430940628052,0.0018258665222674608,0.3250359296798706,0.10023927688598633,0.22010158002376556,0.2414146214723587,1.3115737438201904,1.944337,1.9394515,200,25704,25904,0.8674035,-0.827414811,0.33516094,0.979275643825531,0.97258633,2.5569675,7.037683,0,2.3540545,1.8301430940628052,2.8632290363311768,0.9714687466621399,0.19472354650497437,2.5626228,7.037683,0,2.3667138
A549,4,OSI,29,4,11.75,5,0.20561620593070984,0.00796095933765173,0.21302829682826996,0.0066689555533230305,0.10136651992797852,0.8162468075752258,0.0004270746430847794,0.16458441317081451,0.036648087203502655,0.1175999864935875,0.12695644795894623,0.6590652465820312,1.5256052,1.5179042,400,44608,45008,0.10010628,0.5180175304412842,0.164641,0.9938933253288269,0.893391,2.0923045,6.103738,0,1.0897415,0.8162468075752258,1.1999876499176025,0.5982592105865479,0.011731819249689579,2.103747,6.103738,0,1.0846758
A549,4,OSI,29,4,11.75,6,0.26536113023757935,0.011860228143632412,0.29679766297340393,0.003934979438781738,0.20894886553287506,2.737252712249756,0.0010992162860929966,0.27762383222579956,0.12118776887655258,0.2360009253025055,0.25081607699394226,1.748172402381897,2.1768446,2.171016,300,21764,22064,0.97648007,-0.02474772,0.47188038,0.9978206753730774,0.9904852,3.4657283,6.9419765,0,1.890721,2.737252712249756,3.503638744354248,2.227694511413574,0.06311960518360138,3.47577,6.9419765,0,1.9084975
A549,4,OSI,29,4,11.75,7,0.23793449997901917,0.006825092248618603,0.23807621002197266,0.006795418914407492,0.12194811552762985,1.139682412147522,0.0005276976735331118,0.18492677807807922,0.07661447674036026,0.14005762338638306,0.15276989340782166,0.8920689225196838,1.8334837,1.8264791,200,26680,26880,0.2229083,0.2599732577800751,0.078867465,0.9955042004585266,0.92095727,2.4560215,5.5568233,0,0.9012808,1.139682412147522,1.510177731513977,0.8725924491882324,0.013125748373568058,2.4658895,5.5568233,0,0.89485216
A549,4,OSI,3,4,11.75,1,0.04241999611258507,0.004435114562511444,0.1319599449634552,0.0019810490775853395,0.09454822540283203,1.1017310619354248,0.0009302408434450626,0.17289118468761444,0.029959948733448982,0.11874713003635406,0.13420364260673523,0.5788509845733643,0.8435847,0.8420737,100,17420,17520,0.85434276,-0.104398318,0.33682352,0.9972197413444519,0.98180187,0.4999959,3.132282,0,0.5684842,1.1017310619354248,1.53481924533844,0.8474966883659363,0.0158318392932415,0.49654168,3.132282,0,0.56956613
A549,4,OSI,3,4,11.75,2,0.14063850045204163,0.022904401645064354,0.28405848145484924,0.005522133316844702,0.1242997869849205,1.5995272397994995,0.00027011282509192824,0.16159352660179138,0.08613352477550507,0.13780197501182556,0.14486314356327057,1.0758424997329712,2.6940806,2.6919453,100,75676,75776,0.8099444,0.5301743149757385,0.43946847,0.9986315369606018,0.9506579,2.8707542,12.477091,0,10.308757,1.5995272397994995,1.81288743019104,1.4111937284469604,0.008338936604559422,2.872434,12.477091,0,10.3202305
A549,4,OSI,3,4,11.75,3,0.05587884411215782,0.005554534960538149,0.14182984828948975,0.001907918369397521,0.10764608532190323,1.1059091091156006,0.0010001050541177392,0.21261875331401825,0.029254494234919548,0.1320449262857437,0.14746148884296417,0.5866829752922058,0.68853664,0.6876329,200,22344,22544,0.95217806,0.07551656663417816,0.66558605,0.9973816275596619,0.98475295,0.5764837,2.8223104,0,0.5555306,1.1059091091156006,1.6040408611297607,0.8591010570526123,0.014507570303976536,0.57174486,2.8223104,0,0.5578419
A549,4,OSI,3,4,11.75,4,0.07606051862239838,0.0038152087945491076,0.11396358907222748,0.0013968631392344832,0.090555340051651,1.0692543983459473,0.0005066545563749969,0.15584322810173035,0.019736208021640778,0.10822316259145737,0.11852587014436722,0.6268776655197144,0.9390611,0.934962,300,22548,22848,0.5928581,0.031960323452949524,0.39731872,0.9960519671440125,0.9665648,1.3207077,5.044755,0,1.3017327,1.0692543983459473,1.4172340631484985,0.8034194707870483,0.015944533050060272,1.3240532,5.044755,0,1.3179877
A549,4,OSI,3,4,11.75,5,0.2225477695465088,0.014613144099712372,0.2765812277793884,0.0032165038865059614,0.1882496476173401,2.0311808586120605,0.0011251555988565087,0.30985626578330994,0.09344719350337982,0.2150215059518814,0.2324582040309906,1.0969552993774414,1.4348829,1.4321395,349,42643,42992,0.124898784,0.01445343904197216,0.5264449,0.9937770962715149,0.96833783,2.5020883,6.9110045,0,1.8725946,2.0311808586120605,2.914780855178833,1.4100693464279175,0.12028924375772476,2.5059423,6.9110045,0,1.8851062
A549,4,OSI,3,4,11.75,6,0.3245003819465637,0.003760123858228326,0.32450827956199646,0.0037576574832201004,0.226718470454216,2.1716413497924805,0.0010449731489643455,0.31253740191459656,0.1477312594652176,0.25230538845062256,0.2695996165275574,1.715843915939331,3.146556,3.13613,300,40868,41168,0.99736905,0.302650511264801,0.6681512,0.9959093332290649,0.9716108,4.2918763,7.4764338,0,0.887715,2.1716413497924805,2.8891777992248535,1.6307470798492432,0.04905194416642189,4.3074408,7.4764338,0,0.8606296
A549,4,OSI,3,4,11.75,7,0.39291849732398987,0.006484438199549913,0.3968188762664795,0.0050010643899440765,0.2870619595050812,2.9188878536224365,0.004915530793368816,0.4653717577457428,0.1500397026538849,0.346223384141922,0.37885361909866333,2.2047598361968994,3.025422,3.0221956,300,76004,76304,0.22714293,-0.249897063,0.45126706,0.9555659294128418,0.9358435,4.3946176,10.301115,0,1.1305143,2.9188878536224365,4.6911115646362305,1.6533528566360474,0.6304889917373657,4.400442,10.301115,0,1.1238577
A549,4,OSI,3,4,11.75,8,0.25332698225975037,0.05209796130657196,0.45091092586517334,0.0036393487825989723,0.37592464685440063,3.181509256362915,0.0009753455524332821,0.4633655548095703,0.2820162773132324,0.40082240104675293,0.41688716411590576,2.0250396728515625,2.546481,2.5387886,300,20036,20336,0.95497286,0.38172367215156555,0.54502946,0.998185932636261,0.98792386,2.1975846,6.4526997,0,4.000769,3.181509256362915,3.817047357559204,2.613182306289673,0.050292547792196274,2.182852,6.4526997,0,4.0452075
A549,4,OSI,3,4,11.75,9,0.25955426692962646,0.008237697184085846,0.2776312530040741,0.003792685689404607,0.21097560226917267,2.5047898292541504,0.0011224558111280203,0.312404602766037,0.10580388456583023,0.23758496344089508,0.25366562604904175,1.633651614189148,1.9958974,1.9863311,900,33180,34080,0.8547946,-0.022037141,0.66149133,0.9921844601631165,0.97335285,3.2027426,7.6348815,0,1.5685769,2.5047898292541504,3.5295028686523438,1.6192363500595093,0.0957501232624054,3.2216742,7.6348815,0,1.5949551
A549,4,OSI,30,4,11.75,1,0.11011949926614761,0.012048178352415562,0.20575053989887238,0.00283503788523376,0.15550479292869568,1.6653498411178589,0.0002854022604878992,0.19934087991714478,0.10775728523731232,0.16902416944503784,0.17731060087680817,1.3126869201660156,1.3535742,1.3532183,300,34180,34480,0.7716873,0.29019859433174133,0.86415297,0.99626225233078,0.94087523,1.1849424,4.662094,0,1.5215949,1.6653498411178589,2.3477110862731934,1.3248037099838257,0.023132910951972008,1.1807259,4.662094,0,1.5327035
A549,4,OSI,30,4,11.75,2,0.052107129245996475,0.002639272017404437,0.09193529933691025,0.0009949892992153764,0.04258754104375839,0.6129159927368164,0.0010367496870458126,0.11214275658130646,0,0.06992290169000626,0.08094870299100876,0.6884187459945679,1.081804,1.0772531,400,34176,34576,0.71499056,0.12544488906860352,0.4311199,0.9889030456542969,0.97498983,0.93020815,4.4995894,0,0.84454596,0.6129159927368164,1.4168484210968018,0,0.18669627606868744,0.9339218,4.4995894,0,0.8510535
A549,4,OSI,30,4,11.75,3,0.02949635125696659,0.001954403705894947,0.08410109579563141,0.0009801504202187061,0.02343895472586155,0.30063295364379883,0.0005035968497395515,0.08454082161188126,0,0.043341804295778275,0.053050216287374496,0.4504607319831848,0.95860374,0.955813,200,36216,36416,0.21040721,0.28489622473716736,0.063353896,0.9882873296737671,0.94040173,0.5738896,4.5365477,0,0.6854552,0.30063295364379883,0.6972571611404419,0,0.06571795046329498,0.5753986,4.5365477,0,0.68846285
A549,4,OSI,30,4,11.75,4,0.27198389172554016,0.015522144734859467,0.31476646661758423,0.004497232381254435,,,,,,,,,4.8916454,4.8916454,0,27568,27568,0.74819607,,0.6777479,,0.98660344,7.765136,16.50424,0,12.087937,,,,,7.765136,16.50424,0,12.087937
A549,4,OSI,30,4,11.75,5,0.2880781590938568,0.011409943923354149,0.29017212986946106,0.010885273106396198,0.1266596019268036,1.2058312892913818,0.0003642798983491957,0.21313977241516113,0.08220820873975754,0.1414949595928192,0.15118317306041718,0.9579347968101501,2.4559164,2.4421751,300,32404,32704,0.046861462,0.17884308099746704,0.10850251,0.9931231737136841,0.879305,3.4302287,7.8467593,0,2.0838375,1.2058312892913818,2.0001437664031982,0.9578461050987244,0.029013119637966156,3.4508228,7.8467593,0,2.0566285
A549,4,OSI,30,4,11.75,6,0.1656690090894699,0.00735318660736084,0.18949827551841736,0.003895239671692252,0.11245468258857727,1.9100221395492554,0.0003366224991623312,0.16036756336688995,0.05780007317662239,0.127150759100914,0.1353980302810669,1.421305537223816,2.4000618,2.3933957,300,43748,44048,1,0.4847522974014282,0.59831905,0.99831622838974,0.9267802,3.3599713,8.969467,0,3.5188675,1.9100221395492554,2.3363733291625977,1.6661111116409302,0.014713249169290066,3.3699143,8.969467,0,3.5283816
A549,4,OSI,31,4,11.75,1,0.11892659962177277,0.003917801659554243,0.1402510404586792,0.001629517530091107,0.10101155936717987,1.098127007484436,0.0005830673617310822,0.1623932123184204,0.0355331152677536,0.12027907371520996,0.13264158368110657,0.836793839931488,1.1656208,1.1620057,200,17992,18192,0.73556525,-0.299903452,0.3727466,0.9941502809524536,0.9856649,1.5158935,4.3559537,0,0.5725901,1.098127007484436,1.524619221687317,0.7340379953384399,0.025385819375514984,1.5205373,4.3559537,0,0.5767113
A549,4,OSI,31,4,11.75,2,0.17220129072666168,0.008353326469659805,0.20726944506168365,0.002785895951092243,0.16398730874061584,1.8397411108016968,0.0012410181807354093,0.272551029920578,0,0.19024215638637543,0.20600706338882446,1.2510006427764893,1.5488119,1.543855,400,23632,24032,0.52730995,0.4239117503166199,0.35290053,0.9948019981384277,0.9799112,2.2353122,6.1393,0,1.5288317,1.8397411108016968,2.579918622970581,0,0.09506538510322571,2.2420077,6.1393,0,1.5504067
A549,4,OSI,31,4,11.75,3,0.16054007411003113,0.001335731241852045,0.16054007411003113,0.001335731241852045,0.129929319024086,1.2458103895187378,0.0003036540874745697,0.16979345679283142,0.08505915850400925,0.14308401942253113,0.15319788455963135,0.953578770160675,1.2851641,1.2832346,100,17084,17184,0.8186533,0.11180946230888367,0.5343582,0.9985942244529724,0.98550355,1.8448524,3.7371457,1.0496048,0.16671671,1.2458103895187378,1.4237982034683228,1.0868141651153564,0.006869937758892775,1.8483589,3.7371457,1.0496048,0.16553955
A549,4,OSI,31,4,11.75,4,0.2077869474887848,0.001976568717509508,0.2077869474887848,0.001976568717509508,0.17625004053115845,2.494544267654419,0.0008736035088077188,0.24983058869838715,0.09900351613759995,0.19925402104854584,0.2141934633255005,1.6829420328140259,1.9568367,1.9551282,100,15932,16032,0.7120319,-0.147545666,0.55554223,0.9970775842666626,0.98918724,3.1146386,5.8913646,1.9345452,0.31340298,2.494544267654419,3.1328845024108887,1.9537596702575684,0.05121758580207825,3.1185305,5.8913646,1.9345452,0.31262
A549,4,OSI,31,4,11.75,5,0.23020656406879425,0.002543783513829112,0.23020656406879425,0.002543783513829112,0.13286997377872467,1.730770230293274,0.0002994331589434296,0.17870351672172546,0.0885455310344696,0.1465061604976654,0.15464824438095093,1.3057007789611816,2.3345428,2.33023,100,23756,23856,0.97239476,0.2496238499879837,0.44849998,0.9987920522689819,0.9673686,3.2633615,5.604669,1.5310496,0.6258035,1.730770230293274,2.021362066268921,1.5310496091842651,0.007342190947383642,3.2698128,5.604669,1.5334913,0.6184779
A549,4,OSI,31,4,11.75,6,0.14147351682186127,0.0012427826877683401,0.1414957195520401,0.001239833771251142,0.12226488441228867,2.2397000789642334,0.0005754187586717308,0.1802622377872467,0.05186121538281441,0.1420377641916275,0.15186890959739685,1.4957622289657593,1.7367898,1.7330048,300,18804,19104,0.82248557,-0.126043364,0.5410032,0.9976251721382141,0.99177724,2.839178,5.263082,1.3292334,0.30298048,2.2397000789642334,2.884101629257202,1.8241989612579346,0.03799083083868027,2.848742,5.263082,1.3292334,0.30138323
A549,4,OSI,31,4,11.75,7,0.14877121150493622,0.0022708713077008724,0.14979833364486694,0.002132691442966461,0.10637693107128143,1.517142415046692,0.0008646804490126669,0.19517430663108826,0.02952740155160427,0.12979692220687866,0.14477746188640594,1.061543345451355,1.4224842,1.4184548,254,22498,22752,0.6639076,-0.032026708,0.37995714,0.9901393055915833,0.9865331,2.3159006,4.995907,0,0.3088128,1.517142415046692,2.116729497909546,0.9176778197288513,0.06647272408008575,2.3249185,4.995907,0,0.30426437
A549,4,OSI,31,4,11.75,8,0.2314939647912979,0.002008701441809535,0.2314939647912979,0.002008701441809535,0.19489793479442596,2.4627110958099365,0.000576310558244586,0.25113344192504883,0.1242312341928482,0.21404533088207245,0.22390145063400269,1.7050995826721191,2.0779407,2.0749185,200,24472,24672,0.48113927,-0.010097298,0.28723907,0.9979903697967529,0.9875091,3.1824365,7.1103525,1.8155575,0.413591,2.4627110958099365,2.997039318084717,2.0021891593933105,0.034393128007650375,3.1883185,7.1103525,1.8155575,0.41242194
A549,4,OSI,31,4,11.75,9,0.2481844574213028,0.0014672389952465892,0.2481844574213028,0.0014672389952465892,0.19902855157852173,1.4302538633346558,0.0009611861896701157,0.27954813838005066,0.131461963057518,0.22472544014453888,0.23877473175525665,1.2232670783996582,2.129006,2.1193502,400,37120,37520,0.9955264,0.8776148557662964,0.9069604,0.9939351677894592,0.9672441,2.6236064,6.913154,1.069843,0.45080066,1.4302538633346558,2.0174381732940674,1.069843053817749,0.03543936461210251,2.6364655,6.913154,1.1740533,0.43976536
A549,4,OSI,31,4,11.75,10,0.45700570940971375,0.0068204510025680065,0.45700570940971375,0.0068204510025680065,,,,,,,,,8.090637,8.090637,0,23168,23168,0.92657995,,0.858086,,0.95565253,7.1399155,10.908974,2.3686845,2.0769663,,,,,7.1399155,10.908974,2.3686845,2.0769663
A549,4,OSI,31,4,11.75,11,0.22629757225513458,0.001516486518085003,0.22630922496318817,0.0015139342285692692,0.20803789794445038,2.5754871368408203,0.00073158711893484,0.27401232719421387,0.13996118307113647,0.23004880547523499,0.24085840582847595,1.7936517000198364,1.8829662,1.88159,300,19172,19472,0.7210177,-0.371927977,0.76378065,0.9956969618797302,0.9953838,2.917155,4.9891567,0,0.15519603,2.5754871368408203,3.3510241508483887,1.8372007608413696,0.07391738146543503,2.9225013,4.9891567,0,0.1546126
A549,4,OSI,31,4,11.75,12,0.5485732555389404,0.0038251408841460943,0.5485732555389404,0.0038251408841460943,,,,,,,,,8.975456,8.975456,0,18432,18432,0.7989571,,0.49005172,,0.9774924,7.796513,10.212836,4.312605,0.91607314,,,,,7.796513,10.212836,4.312605,0.91607314
A549,4,OSI,31,4,11.75,13,0.24146759510040283,0.0023736711591482162,0.24146759510040283,0.0023736711591482162,0.187113955616951,2.3915517330169678,0.0004982613609172404,0.24318894743919373,0.13790886104106903,0.20557254552841187,0.21595387160778046,1.6819239854812622,2.208716,2.2033277,200,19352,19552,0.07905692,0.15415287017822266,-0.480662,0.9983648657798767,0.9793671,3.1933157,5.880911,1.8876153,0.4434883,2.3915517330169678,2.824767827987671,2.0097649097442627,0.026969969272613525,3.201602,5.880911,1.8876153,0.44108075
A549,4,OSI,31,4,11.75,14,0.34829556941986084,0.0016115049365907907,0.34829556941986084,0.0016115049365907907,0.2953072488307953,3.7148332595825195,0.0005075458902865648,0.35486456751823425,0.23741020262241364,0.31313103437423706,0.3247257173061371,2.9459686279296875,3.636224,3.631231,100,13724,13824,0.46030685,-0.104349911,0.64446664,0.9983744025230408,0.98526835,4.6442633,7.4766626,3.10194,0.38787073,3.7148332595825195,4.244143486022949,3.209074020385742,0.05388827249407768,4.651036,7.4766626,3.10194,0.38396403
A549,4,OSI,31,4,11.75,15,0.1827026754617691,0.0013092479202896357,0.18562160432338715,0.0007883517537266016,0.167740598320961,1.2946189641952515,0.0003603180521167815,0.2218693047761917,0.13001468777656555,0.1831502765417099,0.19279594719409943,1.0132261514663696,0.99174565,0.9919913,200,17288,17488,0.46305037,0.005152052268385887,0.677204,0.9953728318214417,0.99446213,1.255381,2.1732907,0,0.05960328,1.2946189641952515,1.7635530233383179,0.9547327756881714,0.023383300751447678,1.2549272,2.1732907,0,0.060004286
A549,4,OSI,31,4,11.75,16,0.17576977610588074,0.0032095075584948063,0.18051305413246155,0.0024398965761065483,0.10479995608329773,1.1253862380981445,0.0005146176554262638,0.161317378282547,0.04705581068992615,0.12297998368740082,0.13411180675029755,0.855373203754425,1.3775882,1.3748105,100,18700,18800,0.28532225,-0.172542661,0.1396139,0.9974369406700134,0.9764092,2.1196296,4.6567225,0,0.4831437,1.1253862380981445,1.4739311933517456,0.8873577117919922,0.01197575218975544,2.1249466,4.6567225,0,0.4803488
A549,4,OSI,31,4,11.75,17,0.2326582670211792,0.0020484474953264,0.2326582670211792,0.0020484474953264,0.17463046312332153,2.3841850757598877,0.0006081642350181937,0.23181851208209991,0.11886191368103027,0.1946653425693512,0.20632240176200867,1.611264944076538,1.9041803,1.9016826,100,11628,11728,0.7395131,-0.004759432,0.5526452,0.9984047412872314,0.9925718,3.0105557,5.8207603,1.8602027,0.24353361,2.3841850757598877,2.8179702758789062,2.0214924812316895,0.0299864299595356,3.0159426,5.8207603,1.8602027,0.24196696
A549,4,OSI,31,4,11.75,18,0.22806473076343536,0.0006758654490113258,0.22806473076343536,0.0006758654490113258,0.25458356738090515,1.1284892559051514,0.001528001856058836,0.32248684763908386,0.16913555562496185,0.2870527505874634,0.3015107810497284,1.0489892959594727,1.5723405,1.5691273,100,16188,16288,0.9884496,0.32998260855674744,0.8820225,0.9974602460861206,0.98625535,1.806094,2.3904357,1.0223167,0.048470087,1.1284892559051514,1.2413358688354492,1.0418908596038818,0.0022195461206138134,1.81028,2.3904357,1.0223167,0.045901924
A549,4,OSI,31,4,11.75,19,0.13665775954723358,0.0014618365094065666,0.13783538341522217,0.0013121165102347732,,,,,,,,,1.2229524,1.2229524,0,15216,15216,0.5789728,,0.1705347,,0.9835112,1.8060697,3.6113677,0,0.2242471,,,,,1.8060697,3.6113677,0,0.2242471
A549,4,OSI,31,4,11.75,20,0.18940670788288116,0.0005265367217361927,0.18940670788288116,0.0005265367217361927,0.20587001740932465,1.3447997570037842,0.00013515070895664394,0.23895475268363953,0.17987556755542755,0.21505282819271088,0.21961763501167297,1.1458353996276855,1.1500247,1.1499947,100,13900,14000,0.9021928,0.8770244717597961,0.98215604,0.9993820786476135,0.99576414,1.4553027,2.1556957,1.0200884,0.021421393,1.3447997570037842,1.4607638120651245,1.1893612146377563,0.002563991816714406,1.4560977,2.1556957,1.0200884,0.021468578
A549,4,OSI,31,4,11.75,21,0.16299660503864288,0.0018904402386397123,0.1695239543914795,0.0008596046245656908,,,,,,,,,0.9542241,0.9542241,0,16336,16336,0.55732936,,0.82397634,,0.9844099,1.1686871,1.9002062,0,0.103486344,,,,,1.1686871,1.9002062,0,0.103486344
A549,4,OSI,31,4,11.75,22,0.12104044109582901,0.0034072857815772295,0.14144444465637207,0.001095623942092061,0.12663580477237701,1.6584395170211792,0.0006276702624745667,0.20200827717781067,0.05511453002691269,0.1463029980659485,0.15838848054409027,1.1650352478027344,1.230673,1.2300634,300,32004,32304,0.8086062,-0.200258836,0.67691004,0.9922947883605957,0.9895969,1.61997,3.5019543,0,0.5475033,1.6584395170211792,2.171093702316284,1.0894724130630493,0.0675617977976799,1.6196092,3.5019543,0,0.55198824
A549,4,OSI,32,4,11.75,1,0.12140730023384094,0.00207267957739532,0.12248758226633072,0.001958800945430994,0.06887505203485489,0.5251609683036804,0.000695540220476687,0.17608436942100525,0,0.08997590839862823,0.10216585546731949,0.3566172420978546,0.55400693,0.54857504,649,22935,23584,0.50201404,-0.331923604,-0.013139512,0.980832040309906,0.95457935,0.8769705,1.9213598,0,0.09566919,0.5251609683036804,0.900608479976654,0.3078914284706116,0.014634464867413044,0.88692576,1.9213598,0,0.09436078
A549,4,OSI,32,4,11.75,2,0.11279720067977905,0.010530147701501846,0.19258490204811096,0.0026127994060516357,0.10170406103134155,0.6108192801475525,0.0009987856028601527,0.19477100670337677,0,0.12700508534908295,0.1426440179347992,0.35990941524505615,0.5117627,0.5108928,200,34712,34912,0.6124123,0.6187317371368408,0.43608466,0.9934743642807007,0.98689514,0.6303086,2.0917065,0,0.3155709,0.6108192801475525,0.9989638328552246,0,0.017480958253145218,0.6304208,2.0917065,0,0.31728616
A549,4,OSI,34,4,11.75,1,0.17496003210544586,0.005554385017603636,0.19588464498519897,0.0021198587492108345,0.13473698496818542,0.8338048458099365,0.0007149826851673424,0.23925168812274933,0.06370673328638077,0.1558191329240799,0.16971789300441742,0.5125080347061157,0.6402622,0.63829863,662,42410,43072,0.88771766,0.5439423322677612,0.70680594,0.9932519197463989,0.9716213,1.1048607,2.2970886,0,0.2186665,0.8338048458099365,1.2846266031265259,0.5465797781944275,0.013115793466567993,1.1090916,2.2970886,0,0.22071029
A549,4,OSI,34,4,11.75,2,0.047646500170230865,0.0018511585658416152,0.068244569003582,0.0012457274133339524,0.026306403800845146,0.27873924374580383,0.0003189562412444502,0.08261104673147202,0,0.04049267619848251,0.05062797665596008,0.19951492547988892,0.35508934,0.3538121,700,84564,85264,0.5218275,-0.323591411,0.24446124,0.9812798500061035,0.9291309,0.50968206,2.3821492,0,0.20534797,0.27873924374580383,0.6541776657104492,0.15606415271759033,0.005369418300688267,0.51159364,2.3821492,0,0.20655821
A549,4,OSI,35,4,11.75,1,0.1258683204650879,0.013357589021325111,0.22192129492759705,0.002234869170933962,0.17011693120002747,1.1675103902816772,0.0020715505816042423,0.26688212156295776,0.0349624902009964,0.20679455995559692,0.22237785160541534,0.6613564491271973,0.67738044,0.6772703,244,35260,35504,0.72881836,0.8145533204078674,0.7111843,0.9658340215682983,0.9849409,0.858922,2.6236088,0,0.6033112,1.1675103902816772,1.7331701517105103,0.5040707588195801,0.09406980872154236,0.85678655,2.6236088,0,0.6061716
A549,4,OSI,35,4,11.75,2,0.1983657032251358,0.003153005614876747,0.20377856492996216,0.0021360162645578384,0.15740132331848145,1.1936906576156616,0.0006912893150001764,0.23857897520065308,0.09115496277809143,0.17834047973155975,0.19267278909683228,0.7505723834037781,0.89381224,0.8919075,400,29680,30080,0.9430253,0.3648495078086853,0.65138835,0.9909352660179138,0.9807291,1.5342889,3.0389576,0,0.16057026,1.1936906576156616,1.8327362537384033,0.8430708646774292,0.038881558924913406,1.5388792,3.0389576,0,0.16062577
A549,4,OSI,35,4,11.75,3,0.1919010877609253,0.004192824475467205,0.1919010877609253,0.004192824475467205,0.08360849320888519,0.5250270366668701,6.143330392660573e-05,0.09959927946329117,0.0616205632686615,0.09012889117002487,0.09346039593219757,0.3789993226528168,0.8578922,0.8571978,100,68876,68976,0.18573323,0.13006846606731415,0.30991,0.9989290833473206,0.91931474,1.3389089,3.186018,0.31575269,0.22395639,0.5250270366668701,0.5836756229400635,0.46321800351142883,0.00066650181543082,1.3400905,3.186018,0.31575269,0.22331746
A549,4,OSI,35,4,11.75,4,0.13211946189403534,0.00285861873999238,0.14392884075641632,0.0014144243905320764,0.0959012433886528,0.7284461855888367,0.00039958651177585125,0.16384677588939667,0.04893387109041214,0.11163397133350372,0.12314671277999878,0.48854851722717285,0.6398629,0.63783675,400,29472,29872,0.94908595,0.3000294864177704,0.71603286,0.9933586120605469,0.97771823,0.99086493,2.008033,0,0.14718701,0.7284461855888367,1.056937336921692,0.5563713312149048,0.011459479108452797,0.9944264,2.008033,0,0.14808182
A549,4,OSI,35,4,11.75,5,0.2253808081150055,0.012217540293931961,0.26545459032058716,0.0037521051708608866,0.23058713972568512,1.4027990102767944,0.0025641070678830147,0.35488274693489075,0.10140080749988556,0.272968590259552,0.2965396046638489,0.7569581866264343,0.7418536,0.74200743,474,46054,46528,0.72356546,-0.016253017,0.43865773,0.9778331518173218,0.9703346,1.3442843,3.2351038,0,0.42947817,1.4027990102767944,2.36950421333313,0.8525009751319885,0.09242761880159378,1.343682,3.2351038,0,0.43291155
A549,4,OSI,35,4,11.75,6,0.20060233771800995,0.0544835701584816,0.46075016260147095,0.005276567302644253,0.35010185837745667,2.093709707260132,0.0006750468746758997,0.4002215564250946,0.28579607605934143,0.3718254566192627,0.38213905692100525,1.397080659866333,1.45558,1.4553461,200,49848,50048,0.89576876,0.8912734985351562,0.59887445,0.9971661567687988,0.9758397,1.1845026,4.1981497,0,1.8959835,2.093709707260132,2.5728347301483154,1.7724857330322266,0.016787169501185417,1.1808547,4.1981497,0,1.900193
A549,4,OSI,35,4,11.75,7,0.3627033233642578,0.013021953403949738,0.387424498796463,0.004331917501986027,0.3112659454345703,1.780777931213379,0.003920827992260456,0.4687170684337616,0.14112292230129242,0.3622746765613556,0.3902505934238434,1.1755003929138184,1.3219267,1.3177949,1358,46770,48128,0.72892827,-0.086814053,0.54402965,0.972595751285553,0.9713406,2.0503323,3.9018583,0,0.44427446,1.780777931213379,2.8948302268981934,0.9309709072113037,0.1377929002046585,2.0581589,3.9018583,0,0.45100242
A549,4,OSI,35,4,11.75,8,0.05418981984257698,0.006024325732141733,0.14488032460212708,0.002967191394418478,0.02768675982952118,0.2255358099937439,0.0016394644044339657,0.1779588758945465,0,0.05537351965904236,0.09028733521699905,0.27710434794425964,0.39711794,0.39532724,1510,99690,101200,0.611514,-0.022938039,0.39937416,0.9679430723190308,0.96205074,0.3728883,2.3304162,0,0.26979867,0.2255358099937439,1.099713921546936,0,0.08206412941217422,0.37512028,2.3304162,0,0.27230835
A549,4,OSI,35,4,11.75,9,0.10774435102939606,0.007086859550327063,0.156677708029747,0.0026386757381260395,0.044855549931526184,0.33602407574653625,0.0023175356909632683,0.2049802839756012,0,0.08599090576171875,0.11268208175897598,0.3111956715583801,0.45819932,0.45629644,856,65272,66128,0.5553958,-0.050894622,0.27227953,0.9694988131523132,0.96276855,0.73657805,2.3357353,0,0.31395152,0.33602407574653625,1.328810214996338,0,0.10570009052753448,0.74183106,2.3357353,0,0.31455094
A549,4,OSI,36,4,11.75,1,0.2356717586517334,0.006923621986061335,0.2356717586517334,0.006923621986061335,0.13062305748462677,0.7958624362945557,0.0009429252240806818,0.2244143784046173,0.0599747933447361,0.15609773993492126,0.17286968231201172,0.5485506653785706,1.0114307,1.0022459,868,42876,43744,0.11285591,-0.298109204,-0.4726527,0.976470947265625,0.9303941,1.4910581,3.3914723,0.4886231,0.32597172,0.7958624362945557,1.3978335857391357,0.48862311244010925,0.030761705711483955,1.505132,3.3914723,0.53474575,0.32196596
A549,4,OSI,36,4,11.75,2,0.062437620013952255,0.0012775009963661432,0.07381680607795715,0.000670348817948252,0.029080525040626526,0.16875001788139343,0.000410825276048854,0.10174130648374557,0,0.045840632170438766,0.05655799061059952,0.13181982934474945,0.24950983,0.24831264,500,48652,49152,0.9939406,0.1553950309753418,0.5177875,0.9826630353927612,0.96116155,0.32501695,1.0760643,0,0.031410467,0.16875001788139343,0.2810520827770233,0.09311356395483017,0.0011828818824142218,0.32662287,1.0760643,0,0.031467576
A549,4,OSI,36,4,11.75,3,0.05954873934388161,0.000648390909191221,0.06309416145086288,0.00046329907490871847,0.019880229607224464,0.1522446870803833,0.00035591921187005937,0.07304175943136215,0,0.036252979189157486,0.04643096774816513,0.12042216211557388,0.23931773,0.23819289,495,51825,52320,0.75712323,0.5405049920082092,0.26738608,0.9912867546081543,0.97312737,0.33391836,1.047601,0,0.015960231,0.1522446870803833,0.21756403148174286,0.09520994871854782,0.0006399115081876516,0.33565357,1.047601,0,0.015788304
A549,4,OSI,37,4,11.75,1,0.16737201809883118,0.048272449523210526,0.44658517837524414,0.004109000787138939,0.4007912576198578,3.3619046211242676,0.008258453570306301,0.5713409185409546,0,0.4617546498775482,0.4847891330718994,1.8759385347366333,1.898829,1.8983864,709,35963,36672,0.7377656,-0.021520227,0.37686667,0.981789231300354,0.96209955,1.4058186,5.5934243,0,3.4075882,3.3619046211242676,4.90964412689209,0,0.6171671152114868,1.3672549,5.5934243,0,3.3856797
A549,4,OSI,37,4,11.75,2,0.08428983390331268,0.007575705647468567,0.161737322807312,0.002010294934734702,0.1216273233294487,0.6673671007156372,0.0013910687994211912,0.25956082344055176,0.019907761365175247,0.1519365757703781,0.16997338831424713,0.4029763340950012,0.37225989,0.37282234,1682,90174,91856,0.85909414,0.12194687128067017,0.8573405,0.9822211265563965,0.9591458,0.44906422,1.94156,0,0.21185419,0.6673671007156372,1.2378629446029663,0.30456429719924927,0.02565782703459263,0.44499218,1.94156,0,0.21442178
A549,4,OSI,37,4,11.75,3,0.1000831350684166,0.020527314394712448,0.2937261462211609,0.003365990938618779,0.23317071795463562,1.3051066398620605,0.0012629821430891752,0.3482030928134918,0.12407593429088593,0.26161450147628784,0.27734071016311646,0.6967793107032776,0.75515896,0.7547112,500,64700,65200,0.83913577,0.3365696668624878,0.529297,0.9968131184577942,0.96830463,0.55868286,2.9366696,0,0.64221346,1.3051066398620605,1.7067440748214722,0.9070585370063782,0.020508620887994766,0.5529145,2.9366696,0,0.64267915
A549,4,OSI,38,4,11.75,1,0.060761477798223495,0.0006916491547599435,0.06287190318107605,0.0005829859874211252,0.031359583139419556,0.227002814412117,0.0002650463138706982,0.07491963356733322,0,0.04450749233365059,0.05167916789650917,0.17273421585559845,0.29841328,0.29645565,400,25280,25680,0.15098149,0.3376389443874359,0.2964185,0.9812538027763367,0.9644013,0.4512829,1.4848049,0,0.02236465,0.227002814412117,0.39138263463974,0.12245280295610428,0.002848920179530978,0.45483163,1.4848049,0,0.021864941
A549,4,OSI,38,4,11.75,2,0.1355191171169281,0.002376711228862405,0.1355191171169281,0.002376711228862405,0.06438321620225906,0.5627934336662292,0.00023021080414764583,0.1179443746805191,0.023332251235842705,0.07663458585739136,0.08439052104949951,0.3894408345222473,0.79942125,0.79120094,700,34212,34912,0.11423266,0.11449725925922394,0.11304473,0.9863309264183044,0.9259044,1.2916216,4.035513,0.32532752,0.2868831,0.5627934336662292,0.9299613833427429,0.3253275156021118,0.010126566514372826,1.3065339,4.035513,0.34896782,0.28145477
A549,4,OSI,38,4,11.75,3,0.12668576836585999,0.007839793339371681,0.17751312255859375,0.001962659414857626,0.055236849933862686,0.3774261772632599,0.002958857687190175,0.17445255815982819,0,0.10638623684644699,0.12450613081455231,0.37428203225135803,0.55685383,0.5558962,191,36225,36416,0.43485236,0.8700050115585327,0.04181493,0.994534432888031,0.98179126,0.94277006,2.6778684,0,0.42551687,0.3774261772632599,0.8480094075202942,0,0.1272886097431183,0.94575095,2.6778684,0,0.42539525
A549,4,OSI,38,4,11.75,4,0.16535349190235138,0.006857397500425577,0.19858130812644958,0.001636971952393651,0.14964915812015533,0.7963241338729858,0.0003511113754939288,0.2006382793188095,0.1021362766623497,0.1641242802143097,0.17402391135692596,0.513740062713623,0.6079492,0.6074833,100,20124,20224,0.9828858,-0.050840583,0.88281286,0.9980251789093018,0.9925196,0.973204,2.2460172,0,0.22254756,0.7963241338729858,0.9462668299674988,0.6181882619857788,0.0037137833423912525,0.97408307,2.2460172,0,0.22347876
A549,4,OSI,39,4,11.75,1,0.09975338727235794,0.0016621459508314729,0.1019458919763565,0.0014751609414815903,0.06395254284143448,0.3509557843208313,0.0006961050676181912,0.1289251297712326,0,0.08626768738031387,0.09725320339202881,0.24618098139762878,0.35799873,0.3572016,300,41780,42080,0.3106934,-0.885057092,-0.11827399,0.9396533966064453,0.95809335,0.5892266,1.4362167,0,0.049874734,0.3509557843208313,0.5898934006690979,0,0.016902746632695198,0.5909375,1.4362167,0,0.0497009
A549,4,OSI,39,4,11.75,2,0.2558182179927826,0.007320631295442581,0.27052041888237,0.0037641131784766912,,,,,,,,,0.73949033,0.73949033,0,30176,30176,0.85437554,,0.1244193,,0.9807323,1.4569564,2.7088394,0,0.24063541,,,,,1.4569564,2.7088394,0,0.24063541
A549,4,OSI,39,4,11.75,3,0.1237172856926918,0.0013478770852088928,0.12572462856769562,0.00111737463157624,0.07719355076551437,0.4232306182384491,0.0003409967466723174,0.12200010567903519,0.027345919981598854,0.09211022406816483,0.1005844920873642,0.2870733141899109,0.39209107,0.39065796,300,21684,21984,0.8360503,0.12234188616275787,0.46423027,0.9921985864639282,0.98626125,0.65064085,1.2554871,0,0.024942292,0.4232306182384491,0.6323062777519226,0.2629108130931854,0.0045980727300047874,0.65378714,1.2554871,0,0.02449837
A549,4,OSI,39,4,11.75,4,0.16863667964935303,0.005757688079029322,0.1760937124490738,0.004699153825640678,0.08613660931587219,0.5642574429512024,0.0009354393696412444,0.16902989149093628,0.025433171540498734,0.11104298382997513,0.12769177556037903,0.3715020418167114,0.6014253,0.5993305,500,54380,54880,0.6457603,-0.389368534,0.13779217,0.9547458291053772,0.94385177,1.062297,3.1533022,0,0.25858447,0.5642574429512024,1.0379658937454224,0.2698633074760437,0.03315386176109314,1.0668762,3.1533022,0,0.25835556
A549,4,OSI,39,4,11.75,5,0.15407367050647736,0.004472292494028807,0.15418541431427002,0.004458309151232243,0.053277648985385895,0.7133737802505493,0.0005248558591119945,0.142073392868042,0,0.07136543095111847,0.08247526735067368,0.46729084849357605,1.1149821,1.1041518,900,52924,53824,0.15863946,-0.084902644,-0.1681407,0.9778597354888916,0.8950507,2.0516248,5.352297,0.36286676,0.9208414,0.7133737802505493,1.2210114002227783,0.36286675930023193,0.02684718742966652,2.0743823,5.352297,0.36518326,0.90507084
A549,4,OSI,39,4,11.75,6,0.05112449452280998,0.0010632339399307966,0.05786272883415222,0.0008134761592373252,0.019425760954618454,0.2954549491405487,0.0004059662751387805,0.08648913353681564,0,0.035536859184503555,0.04812172055244446,0.21373815834522247,0.35012457,0.34760118,500,26524,27024,0.1681523,0.445342481136322,0.3459953,0.9828335642814636,0.95910484,0.5706068,2.3990505,0,0.065487504,0.2954549491405487,0.5628965497016907,0,0.010498465038836002,0.5757936,2.3990505,0,0.06507002
A549,4,OSI,4,4,11.75,1,0.08486282080411911,0.0015184225048869848,0.08514582365751266,0.001499388599768281,0.07284582406282425,0.7325689196586609,0.00020764803048223257,0.12068042904138565,0.03697090968489647,0.08416169881820679,0.09167855232954025,0.5217011570930481,0.87933004,0.87032443,500,19356,19856,0.8474908,0.31823843717575073,0.32950985,0.9949939250946045,0.9342411,1.3973279,5.6551776,0,0.6218122,0.7325689196586609,1.0028162002563477,0.5771723389625549,0.0069491807371377945,1.4144998,5.6551776,0,0.62598526
A549,4,OSI,4,4,11.75,2,0.295468807220459,0.006350343581289053,0.295468807220459,0.006350343581289053,0.2180391401052475,2.234564781188965,0.0005902268458157778,0.28225937485694885,0.15551702678203583,0.23788192868232727,0.24937830865383148,1.725508451461792,2.819517,2.8022358,300,18692,18992,0.71862954,0.40828248858451843,0.11315481,0.9949405193328857,0.93508273,3.7189696,8.567993,1.5230142,2.011184,2.234564781188965,3.0777623653411865,1.7939156293869019,0.04472804442048073,3.7427936,8.567993,1.5230142,2.0068126
A549,4,OSI,4,4,11.75,3,0.06504953652620316,0.005069769453257322,0.1297132819890976,0.001721724634990096,0.10352872312068939,0.6344320774078369,0.0007397878216579556,0.17430685460567474,0,0.12521034479141235,0.13956685364246368,0.4186197817325592,0.48976022,0.48887864,300,23908,24208,0.656279,0.14037714898586273,0.5782228,0.9883780479431152,0.96275944,0.5440456,2.4746456,0,0.36660415,0.6344320774078369,1.4122675657272339,0,0.0212146807461977,0.54291147,2.4746456,0,0.37083432
A549,4,OSI,4,4,11.75,4,0.06597741693258286,0.008493209257721901,0.16812820732593536,0.004468551836907864,0.23805664479732513,1.8044053316116333,0.0006991730770096183,0.306696355342865,0.1634821742773056,0.2584690451622009,0.27295923233032227,1.118634819984436,0.5854961,0.5872005,100,31180,31280,0.49640974,0.8717671036720276,0.5926512,0.997153639793396,0.9213477,0.5356323,3.4880877,0,0.57582986,1.8044053316116333,2.111365556716919,1.4840000867843628,0.013945996761322021,0.5315631,3.4880877,0,0.57245255
A549,4,OSI,4,4,11.75,5,0.16514812409877777,0.003497510449960828,0.1668221354484558,0.0032537011429667473,0.09509031474590302,1.0507773160934448,0.00039465061854571104,0.14702199399471283,0.040939368307590485,0.11100810766220093,0.12059258669614792,0.7025499939918518,1.1444888,1.1417512,200,32088,32288,0.84911174,0.09583944827318192,0.5040543,0.9949759840965271,0.9587164,1.996217,5.9472585,0,0.5591524,1.0507773160934448,1.3973251581192017,0.8198775053024292,0.014499910175800323,2.00211,5.9472585,0,0.55694115
A549,4,OSI,4,4,11.75,6,0.13512052595615387,0.0006881743320263922,0.13512052595615387,0.0006881743320263922,0.11362778395414352,0.7517530918121338,0.0003347217570990324,0.16367745399475098,0.07339535653591156,0.12826049327850342,0.138129323720932,0.5315952301025391,0.72532654,0.7233145,168,16008,16176,0.7414276,0.8682620525360107,0.36156467,0.9985417127609253,0.9862651,1.1173339,2.0669298,0.6092202,0.045634598,0.7517530918121338,0.9030048847198486,0.6607851982116699,0.002059981459751725,1.1211706,2.0669298,0.6092202,0.044674564
A549,4,OSI,4,4,11.75,7,0.1324445903301239,0.014731810428202152,0.22714902460575104,0.0037537587340921164,0.215459942817688,3.2195160388946533,0.0034511545673012733,0.3523978292942047,0.09295240044593811,0.2661421298980713,0.2939271330833435,2.019688129425049,1.2153308,1.2238559,544,50784,51328,0.86041284,-0.817417741,0.8147713,0.9487124085426331,0.8794704,1.8223746,6.4640274,0,3.1501546,3.2195160388946533,4.998472213745117,1.5738424062728882,1.1239815950393677,1.8074083,6.4640274,0,3.1507246
A549,4,OSI,4,4,11.75,8,0.10352056473493576,0.015081563033163548,0.23236384987831116,0.003913786727935076,0.18283016979694366,3.0939414501190186,0.0013109943829476833,0.2889898419380188,0.07519026845693588,0.21052692830562592,0.22929039597511292,1.9087239503860474,1.3256501,1.3306016,300,35028,35328,0.89146614,0.18027234077453613,0.91034025,0.9825628399848938,0.88891786,1.7884008,6.57777,0,4.452326,3.0939414501190186,4.5501556396484375,1.9096888303756714,0.33523279428482056,1.7772193,6.57777,0,4.472864
A549,4,OSI,4,4,11.75,9,0.20564112067222595,0.0029481693636626005,0.20666268467903137,0.0027516945265233517,0.1625978946685791,3.030975341796875,0.0023040673695504665,0.31878727674484253,0.08553175628185272,0.19977064430713654,0.2309662103652954,2.0666449069976807,2.847884,2.8416474,281,34919,35200,0.9898107,0.5861555337905884,0.6994304,0.9909586906433105,0.9790453,5.0887814,11.035838,0,1.583254,3.030975341796875,4.506441593170166,2.2807016372680664,0.22815744578838348,5.105341,11.035838,0,1.559808
A549,4,OSI,4,4,11.75,10,0.13639801740646362,0.00990123488008976,0.19767163693904877,0.002237072680145502,0.15015724301338196,1.8959240913391113,0.0009830191265791655,0.24221718311309814,0.08297920972108841,0.17458082735538483,0.19340619444847107,1.2511589527130127,1.0453247,1.0463139,200,41416,41616,0.9820746,0.8197643756866455,0.9303542,0.9957283139228821,0.95263946,1.6186566,4.945613,0,1.3958224,1.8959240913391113,2.5662546157836914,1.4990559816360474,0.04599399492144585,1.6173177,4.945613,0,1.4019678
A549,4,OSI,40,4,11.75,1,0.25569623708724976,0.013546888716518879,0.26185810565948486,0.012259813956916332,0.1237591803073883,0.643333911895752,0.0010030886624008417,0.24730972945690155,0.03889487683773041,0.14895211160182953,0.16478723287582397,0.41998088359832764,0.79813075,0.79110396,1040,54928,55968,0.044957552,0.06935247033834457,-0.2086682,0.987669050693512,0.89456123,1.345879,3.6468534,0,0.427766,0.643333911895752,0.9821980595588684,0.36048653721809387,0.011861329898238182,1.3591808,3.6468534,0,0.42611858
A549,4,OSI,40,4,11.75,2,0.2017333060503006,0.004670122638344765,0.2070922702550888,0.003684381954371929,0.21452751755714417,1.8085410594940186,0.0009980739559978247,0.2893717288970947,0.16064371168613434,0.24062281847000122,0.2585960626602173,1.252854824066162,0.8203884,0.823098,200,31720,31920,0.6242326,-0.124834917,0.7909987,0.9821349382400513,0.9359252,1.6195168,3.8413038,0,0.29507312,1.8085410594940186,2.639666795730591,1.289209008216858,0.10122403502464294,1.6183251,3.8413038,0,0.2960687
A549,4,OSI,40,4,11.75,3,0.046918246895074844,0.004710047505795956,0.1399163007736206,0.0010340281296521425,,,,,,,,,0.42995822,0.42995822,0,36880,36880,0.6487239,,0.9414604,,0.9207273,0.38056603,3.0903208,0,0.3182326,,,,,0.38056603,3.0903208,0,0.3182326
A549,4,OSI,40,4,11.75,4,0.2731783390045166,0.008496950380504131,0.2731783390045166,0.008496950380504131,0.13245199620723724,1.1041350364685059,0.0002281743654748425,0.16950641572475433,0.08478543907403946,0.14446836709976196,0.15194599330425262,0.7917364239692688,1.8713279,1.8613169,200,21368,21568,0.08630332,0.7789944410324097,-0.3331858,0.9952359795570374,0.90595657,2.4826717,4.8646197,0.87385577,0.82767904,1.1041350364685059,1.3455201387405396,0.8783872723579407,0.009900416247546673,2.495575,4.8646197,0.87385577,0.8173797
A549,4,OSI,40,4,11.75,5,0.19896993041038513,0.004010358825325966,0.19896993041038513,0.004010358825325966,0.11976710706949234,1.0105661153793335,0.0006797410896979272,0.20467422902584076,0.04948108643293381,0.14065638184547424,0.15490521490573883,0.685504138469696,1.1127539,1.1034787,1413,63675,65088,0.49032915,0.4087825417518616,-0.10589512,0.981937050819397,0.93027884,1.6547561,3.9572353,0.56281173,0.40407577,1.0105661153793335,1.5402417182922363,0.613531231880188,0.040470778942108154,1.6690513,3.9572353,0.56281173,0.40273133
A549,4,OSI,41,4,11.75,1,0.14345386624336243,0.005547228269279003,0.1436217576265335,0.00552960904315114,0.06215200573205948,0.39910659193992615,0.0003073595289606601,0.1299315094947815,0.015906689688563347,0.07586939632892609,0.08385360985994339,0.2848209738731384,0.6081644,0.6031622,900,57276,58176,0.54350173,0.5064100027084351,0.06898763,0.9836850166320801,0.88296956,0.90883094,2.8918402,0,0.24976513,0.39910659193992615,0.682100772857666,0.23979896306991577,0.005481239408254623,0.9168404,2.8918402,0,0.24945684
A549,4,OSI,41,4,11.75,2,0.11773578077554703,0.006968132685869932,0.15694226324558258,0.0031353940721601248,0.08968762308359146,0.6053974032402039,0.0007054530433379114,0.16787467896938324,0.015473435632884502,0.11085756868124008,0.12302594631910324,0.3587484359741211,0.48396984,0.48270416,600,58760,59360,0.5135663,0.6391352415084839,0.4981168,0.993139386177063,0.96694607,0.7592452,2.1789527,0,0.2568025,0.6053974032402039,0.8939350247383118,0.39260220527648926,0.008542499504983425,0.76081616,2.1789527,0,0.25909337
A549,4,OSI,42,4,11.75,1,0.1502024382352829,0.00391861516982317,0.15672685205936432,0.0030662789940834045,0.07861879467964172,0.41095951199531555,0.0005293840658850968,0.13108870387077332,0.025598488748073578,0.09732196480035782,0.10746385902166367,0.2887227535247803,0.51777947,0.51681435,300,70900,71200,0.1193935,0.22608265280723572,0.29792595,0.9591463804244995,0.9309745,0.8044957,2.0003402,0,0.10286575,0.41095951199531555,0.7185600996017456,0.22083686292171478,0.01412611361593008,0.806161,2.0003402,0,0.102583155
A549,4,OSI,42,4,11.75,2,0.10224218666553497,0.0010169832967221737,0.10247249901294708,0.0009956746362149715,0.06357892602682114,0.6225020289421082,0.0004090757283847779,0.1351747065782547,0.012944641523063183,0.08004862815141678,0.09018196910619736,0.4298241436481476,0.62911683,0.62485117,1000,45720,46720,0.84248775,-0.182348162,0.6410731,0.9719048738479614,0.9629384,0.96623135,1.8925343,0,0.064830944,0.6225020289421082,1.1893415451049805,0.3444505035877228,0.026083368808031082,0.9737495,1.8925343,0,0.063037716
A549,4,OSI,42,4,11.75,3,0.07910824567079544,0.0009259386570192873,0.07939586043357849,0.0009064695914275944,0.04033232852816582,0.46694833040237427,0.0002917551319114864,0.09364893287420273,0,0.05346136912703514,0.06338915228843689,0.3106463551521301,0.53053814,0.5286187,200,22712,22912,0.23306985,0.20552466809749603,-0.34943646,0.9960703253746033,0.95787185,0.9216943,2.0925663,0,0.107710324,0.46694833040237427,0.659357488155365,0.33360058069229126,0.0023823073133826256,0.9256989,2.0925663,0,0.10680079
A549,4,OSI,44,4,11.75,1,0.13906557857990265,0.012650640681385994,0.20803271234035492,0.004577085375785828,0.14096945524215698,1.425856351852417,0.002141155768185854,0.2648315131664276,0,0.179297536611557,0.2015322744846344,0.7167500853538513,1.0288982,1.0219314,866,37934,38800,0.51071846,-0.021467254,0.14759493,0.9751086831092834,0.95552343,1.4622442,4.688588,0,1.3809274,1.425856351852417,2.5055530071258545,0,0.12469549477100372,1.4630748,4.688588,0,1.4095752
A549,4,OSI,44,4,11.75,2,0.6025524139404297,0.005133348051458597,0.6025524139404297,0.005133348051458597,0.5410818457603455,3.9785542488098145,0.0007445340161211789,0.6078733205795288,0.4620813727378845,0.5628769397735596,0.5779431462287903,3.8016817569732666,4.496801,4.487459,252,18500,18752,0.24172114,0.846213161945343,-0.2516852,0.9961833953857422,0.9670526,4.482082,6.421965,3.1357334,0.3308917,3.9785542488098145,4.6513519287109375,3.394827127456665,0.060624536126852036,4.488941,6.421965,3.1357334,0.33107245
A549,4,OSI,44,4,11.75,3,0.23449191451072693,0.0058155665174126625,0.236611470580101,0.005366622004657984,0.13132785260677338,0.8927331566810608,0.0006175771122798324,0.1958387792110443,0.055689577013254166,0.15109901130199432,0.1618414968252182,0.6102554798126221,1.0978642,1.0878357,900,42860,43760,0.3970778,-0.200404584,0.06078536,0.9842796921730042,0.92621976,1.7356943,4.095702,0,0.5438523,0.8927331566810608,1.8070058822631836,0.5458415150642395,0.03882835432887077,1.7533953,4.095702,0,0.53922254
A549,4,OSI,44,4,11.75,4,0.09721601009368896,0.010928058065474033,0.19560791552066803,0.0027420613914728165,0.0686393678188324,0.3562432825565338,0.004543077666312456,0.2447080910205841,0,0.12936221063137054,0.15929725766181946,0.319135844707489,0.41757694,0.41593808,1152,68048,69200,0.4873891,-0.145424426,0.20700271,0.9772129654884338,0.96917677,0.48759863,1.9647092,0,0.27098805,0.3562432825565338,1.0529874563217163,0,0.10774106532335281,0.4898224,1.9647092,0,0.27345464
A549,4,OSI,44,4,11.75,5,0.20694699883460999,0.0031173881143331528,0.20998087525367737,0.002526035765185952,0.1320146918296814,1.2666181325912476,0.001298127113841474,0.2505142092704773,0.020152688026428223,0.15986856818199158,0.17698214948177338,0.73854660987854,0.9824144,0.97878814,635,42069,42704,0.890557,0.2873409390449524,0.43622136,0.991695761680603,0.9824538,1.9659588,3.9359355,0,0.26004755,1.2666181325912476,2.096977949142456,0.7944365739822388,0.042547110468149185,1.9765148,3.9359355,0,0.25583684
A549,4,OSI,45,4,11.75,1,0.2959790825843811,0.01087664533406496,0.2959790825843811,0.01087664533406496,0.217377170920372,1.3651247024536133,0.0010541334049776196,0.30978474020957947,0.12523828446865082,0.24432235956192017,0.25895190238952637,0.9098429083824158,1.2744298,1.2663769,986,43654,44640,0.11776626,0.01764797605574131,-0.25956,0.9884002804756165,0.90606296,1.8326373,4.134406,0.7006807,0.49879035,1.3651247024536133,1.8782883882522583,0.8631076216697693,0.03977755457162857,1.843197,4.134406,0.7006807,0.50410974
A549,4,OSI,45,4,11.75,2,0.058733049780130386,0.005413112696260214,0.13946008682250977,0.001595093635842204,0.07479853928089142,0.7202264070510864,0.002059479244053364,0.18451058864593506,0,0.10992021858692169,0.12436125427484512,0.44385722279548645,0.50490254,0.50418085,300,25076,25376,0.54312825,0.3084700107574463,0.26271516,0.994987964630127,0.96938884,0.5755069,3.0755224,0,0.5123336,0.7202264070510864,1.2479221820831299,0,0.15607750415802002,0.5737756,3.0755224,0,0.5163421
A549,4,OSI,45,4,11.75,3,0.22289936244487762,0.003493823576718569,0.22377295792102814,0.0033120291773229837,0.15592558681964874,1.0076594352722168,0.0008797603077255189,0.251341849565506,0.09364611655473709,0.17899994552135468,0.194932758808136,0.5590069890022278,0.77415663,0.77336425,100,27052,27152,0.5558482,0.005890434607863426,0.022693992,0.9954752326011658,0.9743281,1.553308,3.2582164,0,0.15156952,1.0076594352722168,1.2919251918792725,0.7935728430747986,0.012920664623379707,1.555325,3.2582164,0,0.15097737
A549,4,OSI,45,4,11.75,4,0.23402079939842224,0.013021393679082394,0.26884743571281433,0.005596167407929897,0.159475177526474,1.6064996719360352,0.002249825047329068,0.36046263575553894,0.05718410387635231,0.19532816112041473,0.22509190440177917,1.063775897026062,1.4978303,1.4919178,600,43448,44048,0.90110856,0.046214789152145386,0.5957651,0.9623428583145142,0.9396243,2.3389435,5.711258,0,1.3983395,1.6064996719360352,3.348860502243042,0.9514037370681763,0.22827886044979095,2.3490584,5.711258,0,1.4069867
A549,4,OSI,5,4,11.75,1,0.08055063337087631,0.00443967105820775,0.11679396033287048,0.002204276155680418,0.07821974903345108,0.3789547383785248,0.00021725718397647142,0.11022484302520752,0.04247717559337616,0.0906510055065155,0.0971461609005928,0.2841191589832306,0.5833167,0.58222884,100,27404,27504,0.709688,0.0009019371937029064,0.6123542,0.9967676997184753,0.93334657,0.6635793,4.164806,0,0.3968003,0.3789547383785248,0.4701884686946869,0.290835976600647,0.001159143983386457,0.66461784,4.164806,0,0.39794734
A549,4,OSI,5,4,11.75,2,0.10967084020376205,0.0014677958097308874,0.1103365495800972,0.0014032531762495637,0.09102282673120499,0.8771305680274963,0.0011965685989707708,0.25759443640708923,0.010160841979086399,0.11680961400270462,0.13757437467575073,0.6049965023994446,0.79305804,0.7893978,800,40304,41104,0.7039802,0.677791178226471,0.5104011,0.9891467094421387,0.9511274,1.3656055,4.200676,0,0.37708288,0.8771305680274963,1.5453943014144897,0.6328040361404419,0.024958651512861252,1.3753014,4.200676,0,0.37924206
A549,4,OSI,5,4,11.75,3,0.0741209015250206,0.011547661386430264,0.2201407104730606,0.0021519099827855825,0.19868884980678558,1.457505702972412,0.002433327492326498,0.330111026763916,0,0.2375432550907135,0.258293479681015,0.7075939774513245,0.7980654,0.7971583,300,29620,29920,0.43055597,-0.565954328,0.24226491,0.978057861328125,0.9760151,0.59956235,3.7144785,0,0.7975975,1.457505702972412,2.3165578842163086,0,0.18624860048294067,0.59087294,3.7144785,0,0.79625875
A549,4,OSI,5,4,11.75,4,0.3641606569290161,0.001509314402937889,0.3641606569290161,0.001509314402937889,0.3104192018508911,1.9409244060516357,0.002070837654173374,0.39226704835891724,0.18456850945949554,0.3461730182170868,0.358187735080719,1.6644858121871948,2.2920783,2.2840414,285,21971,22256,0.9998691,0.23930329084396362,0.79012537,0.9931724667549133,0.9865049,2.978695,4.5501103,1.5312046,0.26869452,1.9409244060516357,2.7998902797698975,1.5312045812606812,0.056486424058675766,2.9921565,4.5501103,1.5865837,0.25729594
A549,4,OSI,5,4,11.75,5,0.10522855818271637,0.026590753346681595,0.3379249572753906,0.006758085917681456,0.3802969455718994,2.6407768726348877,0.000478891161037609,0.43268635869026184,0.3270896077156067,0.3982556164264679,0.40711474418640137,2.097357988357544,0.7324607,0.7387378,100,21644,21744,0.45759183,0.8045116662979126,0.8589146,0.9979453682899475,0.8036291,0.7319573,4.5402923,0,1.3737975,2.6407768726348877,3.1384060382843018,2.1155173778533936,0.04908900707960129,0.72313803,4.5402923,0,1.363006
A549,4,OSI,5,4,11.75,6,0.08595406264066696,0.005000970792025328,0.1218893751502037,0.002711623441427946,0.09423121809959412,1.1529619693756104,0.0017552818171679974,0.20245809853076935,0,0.12946727871894836,0.1438404619693756,0.7578403949737549,0.7135258,0.7142595,900,53452,54352,0.5814479,0.3406336009502411,0.7996581,0.9370682835578918,0.9314917,0.9860418,4.4481077,0,0.60470945,1.1529619693756104,2.1933844089508057,0.307979941368103,0.20528210699558258,0.9832312,4.4481077,0,0.61095774
A549,4,OSI,5,4,11.75,7,0.1696782261133194,0.017131583765149117,0.25583094358444214,0.003789470298215747,0.17325271666049957,1.4308897256851196,0.0029801176860928535,0.3415195047855377,0.05225125327706337,0.21770481765270233,0.24588218331336975,0.7796133160591125,1.0638736,1.0585899,400,21120,21520,0.48457858,-0.439762652,0.08819583,0.9716927409172058,0.9788339,1.4871533,4.1113973,0,1.3260058,1.4308897256851196,2.6509318351745605,0.8316496014595032,0.15798835456371307,1.4882189,4.1113973,0,1.3480663
A549,4,OSI,5,4,11.75,8,0.07671729475259781,0.0007210992625914514,0.07681270688772202,0.0007146670832298696,0.03923576697707176,0.5505772829055786,0.0006999156321398914,0.11553239822387695,0,0.060492150485515594,0.0758405476808548,0.3789992928504944,0.6447376,0.6414714,188,15108,15296,0.29489443,-0.373560727,0.20625745,0.9897599220275879,0.95961,1.0657176,2.5759318,0,0.12724653,0.5505772829055786,0.8227700591087341,0.3967245817184448,0.009334352798759937,1.0721279,2.5759318,0,0.1253705
A549,4,OSI,6,4,11.75,1,0.148384690284729,0.008329839445650578,0.17087963223457336,0.0057487101294100285,0.08835539221763611,1.0371958017349243,0.0002853230689652264,0.16847775876522064,0.03117355704307556,0.10181738436222076,0.10992944240570068,0.6763278245925903,1.474605,1.4657518,900,80252,81152,0.035675816,-0.255190045,0.060992792,0.986055850982666,0.8852225,2.779452,9.814209,0,3.687428,1.0371958017349243,1.9432673454284668,0.6799765825271606,0.049333296716213226,2.7989912,9.814209,0,3.6938043
A549,4,OSI,6,4,11.75,2,0.2476429045200348,0.006581741385161877,0.25204044580459595,0.005590257700532675,0.16156387329101562,1.9568533897399902,0.0005457924562506378,0.23621512949466705,0.09776094555854797,0.17992804944515228,0.19139684736728668,1.3541226387023926,2.383051,2.3713746,400,34848,35248,0.15118128,0.38868045806884766,0.31433672,0.9922966361045837,0.9218739,4.018512,11.058612,0,2.757799,1.9568533897399902,2.8882205486297607,1.5324844121932983,0.05919947475194931,4.0421762,11.058612,0,2.7394266
A549,4,OSI,6,4,11.75,3,0.09685724973678589,0.001022059004753828,0.09874729812145233,0.0008553667576052248,0.08991691470146179,0.6052125096321106,0.0004997416981495917,0.13319085538387299,0.029904011636972427,0.10825120657682419,0.12047691643238068,0.43001818656921387,0.5116971,0.51139647,100,27068,27168,0.67267525,0.47295504808425903,0.48404178,0.998112678527832,0.96824837,0.75256485,1.5718061,0,0.057400078,0.6052125096321106,0.6951048374176025,0.49618756771087646,0.001545242965221405,0.75310916,1.5718061,0,0.057525918
A549,4,OSI,6,4,11.75,4,0.15827220678329468,0.001437996979802847,0.15872998535633087,0.0013694950612261891,0.13279381394386292,1.0362215042114258,0.0021811865735799074,0.28548118472099304,0.014358382672071457,0.16792038083076477,0.19722473621368408,0.6722519397735596,0.7810247,0.779064,400,21792,22192,0.70208484,0.28915128111839294,0.4455694,0.9841651916503906,0.986188,1.3679909,2.9816318,0,0.10841914,1.0362215042114258,1.6336135864257812,0.6686128377914429,0.03730026260018349,1.3740807,2.9816318,0,0.107667066
A549,4,OSI,6,4,11.75,5,0.036873724311590195,0.0032483385875821114,0.10844191908836365,0.001792046707123518,0.11243023723363876,1.6420289278030396,0.000853837002068758,0.1904081106185913,0.0513589046895504,0.13645553588867188,0.15244223177433014,1.0442031621932983,0.5523617,0.5542373,100,26124,26224,0.58611304,0.42371034622192383,0.8783188,0.9917349815368652,0.8313465,0.64483607,4.4963326,0,0.98760754,1.6420289278030396,2.186922311782837,1.3305740356445312,0.0365334115922451,0.6410189,4.4963326,0,0.9874273
A549,4,OSI,6,4,11.75,6,0.0709843710064888,0.005135362036526203,0.1313285380601883,0.0015760441310703754,0.11821253597736359,1.671967625617981,0.0009284712723456323,0.2647189497947693,0.05761151388287544,0.14193476736545563,0.15904894471168518,1.0962424278259277,0.739773,0.74274224,300,35716,36016,0.83086866,-0.203454047,0.82959676,0.9831846356391907,0.90595907,1.0000783,6.2242436,0,1.1875495,1.671967625617981,2.6964657306671143,1.146712303161621,0.14507171511650085,0.9944347,6.2242436,0,1.1924822
A549,4,OSI,7,4,11.75,1,0.15765751898288727,0.012950490228831768,0.23032763600349426,0.0021819076500833035,0.1998196393251419,1.5385266542434692,0.0006832979852333665,0.2618463337421417,0.13780710101127625,0.22117263078689575,0.23428834974765778,0.9537107348442078,1.1526064,1.1519666,200,61976,62176,0.9254706,0.06954803317785263,0.73036176,0.9967637658119202,0.98360044,1.604756,5.27893,0,1.454853,1.5385266542434692,1.9190386533737183,1.1999436616897583,0.02341344766318798,1.6049699,5.27893,0,1.4594584
A549,4,OSI,7,4,11.75,2,0.13177278637886047,0.002226209035143256,0.13349342346191406,0.0020255842246115208,0.07181727886199951,0.598354697227478,0.000244528433540836,0.11115992069244385,0.04007149115204811,0.08493498712778091,0.09229876846075058,0.41492730379104614,0.71032363,0.7087695,100,18908,19008,0.900437,-0.118327558,0.33906686,0.9970168471336365,0.97469985,1.2582839,3.4334116,0,0.20230535,0.598354697227478,0.7401375770568848,0.4972556531429291,0.0030679800547659397,1.261774,3.4334116,0,0.20104358
A549,4,OSI,7,4,11.75,3,0.1899581104516983,0.005808600690215826,0.19729390740394592,0.00458561209961772,0.09273587912321091,1.0703649520874023,0.0003232286253478378,0.15158550441265106,0.04234606400132179,0.10669708251953125,0.11591215431690216,0.734772801399231,1.6493438,1.6418865,400,48656,49056,0.7676568,0.4926268458366394,0.35750365,0.9839515686035156,0.92591745,3.0561562,8.711531,0,1.88803,1.0703649520874023,1.8129911422729492,0.7050058841705322,0.05081978812813759,3.0724814,8.711531,0,1.870449
A549,4,OSI,7,4,11.75,4,0.1222657635807991,0.011732549406588078,0.2068270742893219,0.002357430523261428,0.16431137919425964,1.2061110734939575,0.0006961104809306562,0.22752629220485687,0.0771331712603569,0.1847367286682129,0.1948726326227188,0.8352770209312439,0.70630276,0.70750767,600,63624,64224,0.9160007,0.22469615936279297,0.7958443,0.9959157705307007,0.90531385,0.93196714,3.049226,0,0.69753915,1.2061110734939575,1.5242213010787964,0.8821700215339661,0.011026298627257347,0.92938185,3.049226,0,0.7032979
A549,4,OSI,7,4,11.75,5,0.09439434856176376,0.010305119678378105,0.18898098170757294,0.0027561611495912075,0.15464292466640472,1.9471582174301147,0.0019352856324985623,0.26993438601493835,0.03655904904007912,0.19001543521881104,0.2058289647102356,1.2797882556915283,0.94821566,0.95125186,900,97388,98288,0.7823727,0.04632286727428436,0.8805781,0.9573968648910522,0.89552337,1.2277337,5.7528577,0,1.8463149,1.9471582174301147,3.2215535640716553,0.6497132778167725,0.31614789366722107,1.2210852,5.7528577,0,1.8556283
A549,4,OSI,7,4,11.75,6,0.18989714980125427,0.012045829556882381,0.23961931467056274,0.003285482758656144,0.20410379767417908,2.4072892665863037,0.0007226445595733821,0.30135378241539,0.12646867334842682,0.22580662369728088,0.23860718309879303,1.4370532035827637,1.478101,1.4777232,300,32292,32592,0.9094142,0.4658151865005493,0.7412635,0.9969837665557861,0.96676725,2.4597542,6.6876917,0,2.047143,2.4072892665863037,3.107192039489746,1.9109764099121094,0.050735149532556534,2.460242,6.6876917,0,2.0656643
A549,4,OSI,7,4,11.75,7,0.20445163547992706,0.025889907032251358,0.31597286462783813,0.004774258006364107,0.25426098704338074,3.805408239364624,0.0005587121704593301,0.313340425491333,0.18582472205162048,0.27304357290267944,0.28403446078300476,2.3469161987304688,2.3337162,2.3338168,200,26008,26208,0.99698615,-0.169427276,0.8515915,0.997870683670044,0.9666315,3.3523376,9.024665,0,6.8767176,3.805408239364624,4.867333889007568,3.083324432373047,0.09760421514511108,3.3488533,9.024665,0,6.9272575
A549,4,OSI,8,4,11.75,1,0.07954221218824387,0.0005626653437502682,0.0796734169125557,0.0005531398928724229,0.0749717429280281,0.7388343214988708,0.00028994379681535065,0.12510840594768524,0.02994261123239994,0.08845185488462448,0.0989290252327919,0.5264075398445129,0.7094614,0.7082411,255,38001,38256,0.89160275,0.6590672135353088,0.55312353,0.9969101548194885,0.9767952,1.0749601,2.3919516,0,0.06675157,0.7388343214988708,0.8522589206695557,0.5946815609931946,0.0030299443751573563,1.0772156,2.3919516,0,0.066415936
A549,4,OSI,8,4,11.75,2,0.2348143756389618,0.011495453305542469,0.272261381149292,0.0031333155930042267,0.2088194489479065,2.287503719329834,0.001685905852355063,0.34073466062545776,0.0962119922041893,0.24106158316135406,0.2624175548553467,1.4620234966278076,1.6401935,1.6365731,700,33748,34448,0.876596,-0.028683953,0.7653637,0.9768895506858826,0.9639731,2.707308,5.940197,0,1.5304606,2.287503719329834,3.9928386211395264,1.5540997982025146,0.2538483440876007,2.7160158,5.940197,0,1.5532088
A549,4,OSI,8,4,11.75,3,0.08330429345369339,0.005124146118760109,0.12240820378065109,0.0027428334578871727,0.06594319641590118,0.5199301242828369,0.0002492181956768036,0.1125304326415062,0.026851501315832138,0.07841277122497559,0.0870460569858551,0.3655429184436798,0.69629127,0.6947157,200,41784,41984,0.19944942,-0.449421227,0.32524455,0.9931683540344238,0.9223111,0.97187805,4.218092,0,0.8009416,0.5199301242828369,0.8104994297027588,0.3847896158695221,0.005672039929777384,0.9740413,4.218092,0,0.80376583
A549,4,OSI,8,4,11.75,4,0.02433333545923233,0.0015728493453934789,0.0785643458366394,0.0008175898692570627,0.028572702780365944,0.14382869005203247,0.0014182663289830089,0.11320599913597107,0,0.05714540556073189,0.0841207355260849,0.24896200001239777,0.38707834,0.3854119,300,24564,24864,0.39626375,-0.350400329,0.16146675,0.9900709986686707,0.96234304,0.22520207,1.8117573,0,0.13627438,0.14382869005203247,0.47445547580718994,0,0.032824598252773285,0.22619587,1.8117573,0,0.13745598
A549,4,OSI,8,4,11.75,5,0.1941843032836914,0.0020018015056848526,0.1941843032836914,0.0020018015056848526,0.13482166826725006,2.199061632156372,0.00046044960618019104,0.2074567675590515,0.07492907345294952,0.15140856802463531,0.16313625872135162,1.562756061553955,2.4194427,2.4048133,400,23024,23424,0.72066927,0.35450154542922974,0.39161527,0.9929150938987732,0.9720728,3.4995232,6.8213434,1.5894673,0.6420522,2.199061632156372,2.8113951683044434,1.5894672870635986,0.07263772189617157,3.5221162,6.8213434,1.7616442,0.6220527
A549,4,OSI,8,4,11.75,6,0.5552699565887451,0.02033812738955021,0.5850064754486084,0.004031244199723005,0.4909912049770355,4.7435383796691895,0.00047468984848819673,0.5672615170478821,0.44706839323043823,0.508658766746521,0.5191090106964111,4.4497971534729,5.5471997,5.54006,155,23669,23824,0.9996046,0.37942034006118774,0.7571205,0.9989078640937805,0.98954254,5.8352556,8.91792,0,2.2839842,4.7435383796691895,4.992056846618652,4.213490962982178,0.029820097610354424,5.842405,8.91792,0,2.29089
A549,4,OSI,8,4,11.75,7,0.10515913367271423,0.007493946701288223,0.16424499452114105,0.0020000217482447624,0.16846027970314026,2.60304594039917,0.0003756043442990631,0.2344190627336502,0.12815167009830475,0.18365471065044403,0.19310374557971954,1.6488178968429565,0.9730822,0.975839,100,24412,24512,0.8664481,0.3815196752548218,0.94807637,0.9983413219451904,0.9465012,1.4434772,4.8014855,0,1.3455464,2.60304594039917,3.0688352584838867,2.292131185531616,0.025130750611424446,1.4387271,4.8014855,0,1.3454247
A549,4,OSI,8,4,11.75,8,0.18684059381484985,0.002726132981479168,0.19163009524345398,0.0018782040569931269,0.1411857008934021,1.3623805046081543,0.0006491206586360931,0.22424961626529694,0.05755208060145378,0.16144156455993652,0.1751481145620346,0.9183869361877441,1.1667702,1.1620388,580,29868,30448,0.97590446,0.6073271036148071,0.72821546,0.9938260912895203,0.9822651,1.8991872,3.9903698,0,0.30243686,1.3623805046081543,1.8943594694137573,1.0772699117660522,0.022305205464363098,1.9096115,3.9903698,0,0.30217227
A549,4,OSI,8,4,11.75,9,0.05385018512606621,0.0034435023553669453,0.10308374464511871,0.0015166118973866105,0.08056499063968658,0.8342925906181335,0.0009582478669472039,0.1569918394088745,0.005469402763992548,0.10544733703136444,0.11861160397529602,0.49669504165649414,0.7361106,0.734405,300,41812,42112,0.62625086,-0.248668581,0.5014659,0.9878249764442444,0.9718118,0.87106276,4.445699,0,0.8815269,0.8342925906181335,1.4180543422698975,0.5173816680908203,0.036306869238615036,0.87132657,4.445699,0,0.8875815
A549,4,OSI,9,4,11.75,1,0.19959065318107605,0.007967512123286724,0.20747698843479156,0.006646093912422657,0.11801803857088089,0.8617199659347534,0.0007316270493902266,0.22131435573101044,0.06204258278012276,0.13754796981811523,0.15344372391700745,0.6087365746498108,1.2986366,1.2915428,600,57752,58352,0.03605111,-0.14370352,0.10153483,0.9775369167327881,0.8581224,2.2566059,6.939257,0,1.7374101,0.8617199659347534,1.4789999723434448,0.520710825920105,0.03653842210769653,2.2710977,6.939257,0,1.7346562
A549,4,OSI,9,4,11.75,2,0.19806860387325287,0.0029211656656116247,0.19809657335281372,0.002916035708039999,0.14396141469478607,0.9810209274291992,0.0018533173715695739,0.2578791677951813,0.03706919401884079,0.1785379946231842,0.19711630046367645,0.7306711077690125,1.1037307,1.0958269,600,27720,28320,0.70640504,-0.18108809,0.22240268,0.9645435214042664,0.95787436,1.5539354,3.184275,0.47770372,0.16723305,0.9810209274291992,1.6371564865112305,0.4939731955528259,0.061375707387924194,1.5663364,3.184275,0.47770372,0.16226599
A549,4,OSI,9,4,11.75,3,0.06571683287620544,0.004073056858032942,0.11423434317111969,0.00153775152284652,0.09065888077020645,1.688077688217163,0.0005035068024881184,0.15148217976093292,0.039109669625759125,0.10862322896718979,0.12040606141090393,1.030442476272583,0.7027877,0.70514697,200,27576,27776,0.6143819,0.34150150418281555,0.80367845,0.9917282462120056,0.8484194,0.93130636,4.972281,0,1.0689124,1.688077688217163,2.428905963897705,1.2464669942855835,0.050695423036813736,0.9258177,4.972281,0,1.0721135
A549,4,OSI,9,4,11.75,4,0.13860908150672913,0.01266845315694809,0.19899101555347443,0.0061717163771390915,0.12097245454788208,0.648114025592804,0.0008351051947101951,0.2027396857738495,0,0.14367054402828217,0.1587972790002823,0.4302304983139038,0.80566347,0.80173135,400,37792,38192,0.1831723,0.39362233877182007,0.19506142,0.9928818345069885,0.89108926,1.1255512,5.0096917,0,0.9878893,0.648114025592804,0.9639102816581726,0,0.011062727309763432,1.1306044,5.0096917,0,0.99579006
A549,4,OSI,9,4,11.75,5,0.10260766744613647,0.0008563254959881306,0.1026734709739685,0.0008501183474436402,0.07968388497829437,1.3140839338302612,0.0005623442120850086,0.14261683821678162,0,0.09832652658224106,0.10876651108264923,0.8257623314857483,1.0841686,1.0795316,700,38308,39008,0.87499434,0.17872053384780884,0.3931696,0.9942837953567505,0.98320097,1.895997,5.1681523,0.9339632,0.27544987,1.3140839338302612,1.923953652381897,0.9339631795883179,0.028768667951226234,1.9066302,5.1681523,1.0237451,0.27365673
A549,4,OSI,9,4,11.75,6,0.131564199924469,0.0006922945030964911,0.131564199924469,0.0006922945030964911,0.09225285053253174,1.2993024587631226,0.0003437018604017794,0.14444243907928467,0.04184505343437195,0.10674107074737549,0.11688503623008728,0.9205330610275269,1.5054605,1.4946446,500,26540,27040,0.8340051,0.6609184741973877,0.161908,0.9955534338951111,0.9704971,2.1873467,4.3106008,0.97627544,0.33281875,1.2993024587631226,1.7745989561080933,1.0191643238067627,0.01990376226603985,2.2040772,4.3106008,0.97627544,0.3235768
A549,4,OSI,9,4,11.75,7,0.1682555228471756,0.0019480171613395214,0.16904841363430023,0.001823156955651939,0.09816253930330276,0.8187664151191711,0.0007182771223597229,0.19022423028945923,0.020512253046035767,0.11964015662670135,0.1325593888759613,0.5333617925643921,0.81652343,0.80988264,600,24984,25584,0.85358244,0.6287789344787598,0.5349342,0.992943286895752,0.9840405,1.5155523,3.1843293,0,0.15116,0.8187664151191711,1.3079832792282104,0.5649757981300354,0.01545613631606102,1.5322859,3.1843293,0,0.14247924
A549,4,OSI,9,4,11.75,8,0.0708388090133667,0.004927414003759623,0.13125087320804596,0.001200427650474012,,,,,,,,,0.6705703,0.6705703,0,26208,26208,0.7193589,,0.8985379,,0.90610546,0.78931755,3.544538,0,0.6853104,,,,,0.78931755,3.544538,0,0.6853104
A549,4,OSI,9,4,11.75,9,0.11392166465520859,0.008131264708936214,0.17223897576332092,0.0022492038551717997,0.1258736252784729,0.7541841864585876,0.0021282562520354986,0.26036742329597473,0,0.1601179540157318,0.179780974984169,0.4718705117702484,0.6334064,0.62933546,600,23208,23808,0.5644543,0.17843517661094666,0.14817096,0.9947229027748108,0.98426735,0.73722553,2.3454287,0,0.32318693,0.7541841864585876,1.234900712966919,0,0.041580259799957275,0.736787,2.3454287,0,0.33045974
A549,4,OSI,9,4,11.75,10,0.08043718338012695,0.010689818300306797,0.20294375717639923,0.002108566230162978,0.17548786103725433,1.4115148782730103,0.0028090057894587517,0.2953256070613861,0,0.21352113783359528,0.23471151292324066,0.7028195858001709,0.8172591,0.8149236,800,38400,39200,0.43198094,0.47451508045196533,0.45754743,0.9880046248435974,0.9810781,0.7046085,3.6636567,0,0.84357274,1.4115148782730103,2.4870636463165283,0,0.1561899334192276,0.6898814,3.6636567,0,0.8472656
A549,4,OSI,9,4,11.75,11,0.06404957920312881,0.007520622573792934,0.16548122465610504,0.0026455663610249758,0.11426231265068054,1.4308339357376099,0.0010452381102368236,0.2086445838212967,0.04229192063212395,0.13964052498340607,0.1573067605495453,0.7676359415054321,0.979398,0.97861755,100,27036,27136,0.96650076,-0.022410039,0.60717076,0.9975764751434326,0.9814426,0.8201625,3.986724,0,1.1407461,1.4308339357376099,1.815627098083496,1.143885612487793,0.017770104110240936,0.81790376,3.986724,0,1.1435152
A549,4,OSI,9,4,11.75,12,0.07055521011352539,0.007371258921921253,0.15881389379501343,0.00257538422010839,0.06409473717212677,0.6591005921363831,0.0013872918207198381,0.15643395483493805,0,0.09365421533584595,0.11092793941497803,0.43532001972198486,0.6513412,0.64989465,300,44500,44800,0.96073,-0.591785014,0.5510409,0.9766323566436768,0.9795736,0.6262487,3.158268,0,0.5436673,0.6591005921363831,1.2653981447219849,0,0.09019507467746735,0.6260272,3.158268,0,0.5467171
A549,4,VIN,0,5,39.29,1,0.24183468520641327,0.010305420495569706,0.26936063170433044,0.00406400253996253,0.22877910733222961,3.7076470851898193,0.002207634039223194,0.3916749358177185,0.10012146830558777,0.2664376199245453,0.2895604372024536,2.1954691410064697,2.3811803,2.3786592,863,62705,63568,0.7067335,0.4955040216445923,0.61455387,0.9892841577529907,0.9807461,4.1895556,9.518526,0,2.8073628,3.7076470851898193,4.987171649932861,2.1648917198181152,0.351105272769928,4.1961884,9.518526,0,2.8379276
A549,4,VIN,0,5,39.29,2,0.1928798109292984,0.007274783682078123,0.21822215616703033,0.002700353041291237,0.18325848877429962,1.5131787061691284,0.0037003851030021906,0.33610785007476807,0.049998991191387177,0.23408399522304535,0.2636995017528534,1.1732432842254639,1.5683045,1.5651863,493,61971,62464,0.9515435,0.5844603776931763,0.7602654,0.9841381907463074,0.9795975,2.1321833,4.8978143,0,0.84555525,1.5131787061691284,2.8708789348602295,0.9358177185058594,0.1217179074883461,2.1371076,4.8978143,0,0.84824127
A549,4,VIN,0,5,39.29,3,0.1423933506011963,0.029876450076699257,0.33823326230049133,0.004727293737232685,0.27840590476989746,3.6190569400787354,0.0031814766116440296,0.45724570751190186,0.09572834521532059,0.32340845465660095,0.34921956062316895,2.4803097248077393,1.9391198,1.9450336,1441,130431,131872,0.89810866,0.4790111780166626,0.8875959,0.9844510555267334,0.9177646,1.9882528,8.228361,0,5.8592687,3.6190569400787354,4.997754096984863,2.023388624191284,0.4856226444244385,1.9702355,8.228361,0,5.8889303
A549,4,VIN,0,5,39.29,4,0.12461831420660019,0.008382637053728104,0.1768631786108017,0.0026567743625491858,0.13152940571308136,1.81915283203125,0.0029983774293214083,0.39895865321159363,0,0.1718541979789734,0.19428086280822754,1.2173515558242798,1.4181054,1.4141026,914,44926,45840,0.8899792,0.21580880880355835,0.6557563,0.9924118518829346,0.9916939,1.8290797,5.1530457,0,1.5866991,1.81915283203125,3.302485227584839,0,0.33930307626724243,1.8292816,5.1530457,0,1.612075
A549,4,VIN,0,5,39.29,5,0.13909335434436798,0.0011448115110397339,0.13909335434436798,0.0011448115110397339,0.1471291035413742,1.9468441009521484,0.0013538941275328398,0.24246232211589813,0.055471595376729965,0.17600777745246887,0.1972033828496933,1.4267429113388062,1.4715643,1.470822,300,17812,18112,0.045894675,0.7870147228240967,0.76014316,0.9968692660331726,0.9919378,2.112868,4.239865,1.405033,0.06518829,1.9468441009521484,2.528294324874878,1.5604273080825806,0.028444137424230576,2.1156645,4.239865,1.405033,0.06533509
A549,4,VIN,0,5,39.29,6,0.058103859424591064,0.004673506133258343,0.12342319637537003,0.0018654572777450085,0.1298942118883133,2.3928213119506836,0.0009028387721627951,0.19530923664569855,0.055099643766880035,0.153840109705925,0.16775600612163544,1.5620145797729492,1.3398001,1.3406886,100,24908,25008,0.7943994,0.5470858216285706,0.9555794,0.9986145496368408,0.9929797,1.1529722,4.23547,0,1.5393652,2.3928213119506836,2.898606300354004,2.1161046028137207,0.019766034558415413,1.1479945,4.23547,0,1.5392696
A549,4,VIN,0,5,39.29,7,0.15363870561122894,0.001252169837243855,0.15364256501197815,0.0012516084825620055,0.14419516921043396,1.350305438041687,0.0013696847017854452,0.2506716251373291,0.05102171376347542,0.173549622297287,0.19352369010448456,1.049734115600586,1.2113549,1.2100683,317,39507,39824,0.709207,0.5469225645065308,0.37343293,0.9949977993965149,0.9779346,1.6206522,3.0096865,0.6204653,0.13363215,1.350305438041687,1.7784160375595093,1.0448321104049683,0.023991404101252556,1.6228216,3.0096865,0.6204653,0.13392074
A549,4,VIN,0,5,39.29,8,0.06064862757921219,0.005900499410927296,0.142245814204216,0.002232226310297847,0.12498033791780472,1.1853983402252197,0.005921077914535999,0.3626099228858948,0,0.18757902085781097,0.22987620532512665,0.9224147200584412,0.96195316,0.9614821,1175,97433,98608,0.97206175,0.9151323437690735,0.9391176,0.9888362884521484,0.9785274,0.69120234,3.17958,0,0.69356346,1.1853983402252197,2.0051639080047607,0.7147072553634644,0.046868953853845596,0.6852424,3.17958,0,0.6983814
A549,4,VIN,0,5,39.29,9,0.04212408512830734,0.0013038860633969307,0.0636218935251236,0.0006015863036736846,0.043164052069187164,0.623468279838562,0.00044094223994761705,0.11174371838569641,0,0.059496451169252396,0.07123620808124542,0.5102167725563049,0.625758,0.6248809,266,34774,35040,0.7387458,0.6760011911392212,0.40366083,0.9883396029472351,0.9843205,0.5568739,1.8247688,0,0.17738456,0.623468279838562,0.8861804604530334,0.4134151041507721,0.011751971207559109,0.5563645,1.8247688,0,0.17861734
A549,4,VIN,1,5,39.29,1,0.1313544064760208,0.001774543197825551,0.13757798075675964,0.001002391567453742,0.1737378090620041,1.2279866933822632,0.0027176712173968554,0.27873674035072327,0.057382240891456604,0.2183932363986969,0.24407783150672913,1.0304628610610962,1.3364395,1.3336282,495,53377,53872,0.84533304,0.9849860072135925,0.9376447,0.9935703873634338,0.98561114,1.7330147,3.135395,0,0.24525476,1.2279866933822632,2.2557311058044434,0.8547446131706238,0.06194590404629707,1.7376981,3.135395,0,0.2445675
A549,4,VIN,1,5,39.29,2,0.13926838338375092,0.0009460365399718285,0.13966012001037598,0.0008939853287301958,0.12571634352207184,1.694421410560608,0.000694428919814527,0.21583425998687744,0.06138848885893822,0.1461346447467804,0.1609068661928177,1.264062762260437,1.4578689,1.4544713,400,22416,22816,0.8453063,0.40970635414123535,0.4710382,0.9924940466880798,0.9886141,2.044617,3.5833857,0,0.15859653,1.694421410560608,2.3337202072143555,1.2667088508605957,0.0551789291203022,2.050866,3.5833857,0,0.15821452
A549,4,VIN,1,5,39.29,3,0.16150180995464325,0.0011438089422881603,0.16150538623332977,0.0011432592291384935,0.16747203469276428,1.1960068941116333,0.0020887020509690046,0.26666197180747986,0.05820451304316521,0.20524537563323975,0.22671958804130554,0.9920053482055664,1.4764632,1.472406,380,44996,45376,0.98378235,0.9599165916442871,0.7563086,0.9945003390312195,0.97665477,1.9919713,3.6937633,0,0.19549789,1.1960068941116333,2.1046133041381836,0.7977843284606934,0.036853644996881485,1.9986932,3.6937633,0,0.19144195
A549,4,VIN,1,5,39.29,4,0.21421900391578674,0.00463497219607234,0.21939575672149658,0.0036112230736762285,0.1726778745651245,1.6823500394821167,0.00206489535048604,0.3495543599128723,0.036156024783849716,0.20858526229858398,0.2314436137676239,1.3086811304092407,1.7879015,1.780923,1014,68618,69632,0.6310617,0.22035208344459534,0.2912305,0.984687089920044,0.97031647,2.5125296,5.444808,0,0.62410265,1.6823500394821167,2.609698534011841,0.861041784286499,0.11130417138338089,2.5247974,5.444808,0,0.6213454
A549,4,VIN,1,5,39.29,5,0.19786527752876282,0.0008909762836992741,0.19786527752876282,0.0008909762836992741,0.21655693650245667,1.9130191802978516,0.0009389702463522553,0.3063529431819916,0.14607985317707062,0.24135535955429077,0.25776973366737366,1.6201119422912598,1.6966926,1.6950656,603,27781,28384,0.7923834,0.7096382975578308,0.65824896,0.9921437501907349,0.98362404,2.0894222,3.3509808,1.0153781,0.14919573,1.9130191802978516,2.7977168560028076,1.348483681678772,0.06989267468452454,2.0932515,3.3509808,1.0153781,0.15022694
A549,4,VIN,1,5,39.29,6,0.08973341435194016,0.010322757065296173,0.1924528330564499,0.0023707537911832333,0.15536221861839294,1.7829052209854126,0.0006850574281997979,0.2106989324092865,0.09306805580854416,0.1768772304058075,0.18879881501197815,1.3338367938995361,1.6022737,1.6017915,100,55564,55664,0.990901,0.05304037034511566,0.8989867,0.996554434299469,0.9894279,1.2151341,5.0191545,0,1.8279891,1.7829052209854126,2.3939225673675537,1.5048162937164307,0.03258473053574562,1.2141125,5.0191545,0,1.8306392
A549,4,VIN,1,5,39.29,7,0.22452247142791748,0.011709809303283691,0.25466257333755493,0.005606184713542461,0.17082202434539795,2.2169060707092285,0.0011505130678415298,0.25568199157714844,0.058791760355234146,0.19790765643119812,0.21291981637477875,1.5194171667099,2.0445464,2.0407016,369,50031,50400,0.6657427,0.5511573553085327,0.23784786,0.9958555102348328,0.9793791,3.0584939,7.1724706,0,1.9119567,2.2169060707092285,2.9766464233398438,1.5829405784606934,0.0720401331782341,3.0647008,7.1724706,0,1.920265
A549,4,VIN,1,5,39.29,8,0.18554648756980896,0.001524047926068306,0.18561270833015442,0.0015123005723580718,0.16358435153961182,1.705777645111084,0.002198024420067668,0.338500440120697,0.07180085778236389,0.2005997747182846,0.22878649830818176,1.303501009941101,1.5787569,1.5752401,573,44275,44848,0.67974824,0.15999488532543182,0.6031274,0.9850631356239319,0.99013096,2.2437093,3.9561722,0,0.14358565,1.705777645111084,2.690387010574341,1.0040643215179443,0.11386629194021225,2.2506711,3.9561722,0,0.1401768
A549,4,VIN,1,5,39.29,9,0.1055552065372467,0.013393067754805088,0.2132990062236786,0.0040821838192641735,0.1466861516237259,2.6662888526916504,0.0019562947563827038,0.25614213943481445,0.02015022374689579,0.1825730949640274,0.20386648178100586,1.6712154150009155,1.8994101,1.8987634,300,105540,105840,0.9671418,0.13814564049243927,0.7697053,0.9978865385055542,0.9899005,1.9347858,7.587332,0,4.077494,2.6662888526916504,3.3163325786590576,1.9427993297576904,0.06348562985658646,1.9327065,7.587332,0,4.087379
A549,4,VIN,1,5,39.29,10,0.27470511198043823,0.006551878061145544,0.2810928225517273,0.004908673465251923,0.2623598575592041,2.4125163555145264,0.0023673968389630318,0.40139663219451904,0.1290055215358734,0.3021126091480255,0.3263523280620575,2.0886921882629395,2.6156108,2.6091812,886,71722,72608,0.7017682,0.8969172239303589,0.712369,0.994168221950531,0.94247353,3.2431116,7.051174,0,1.1813886,2.4125163555145264,3.4894258975982666,1.8138974905014038,0.06719163060188293,3.253372,7.051174,0,1.1865247
A549,4,VIN,1,5,39.29,11,0.22613777220249176,0.001940303249284625,0.22616377472877502,0.001934644184075296,0.22222833335399628,2.2777891159057617,0.0012280665105208755,0.3430643379688263,0.11624912917613983,0.2500295341014862,0.2663375735282898,1.8362853527069092,1.979191,1.977141,499,34285,34784,0.5695435,0.47542718052864075,0.47586164,0.9859304428100586,0.97275776,2.6179795,4.7566566,0,0.43372452,2.2777891159057617,3.5765528678894043,1.4473434686660767,0.19229820370674133,2.6229308,4.7566566,0,0.43552944
A549,4,VIN,1,5,39.29,12,0.32355913519859314,0.008681886829435825,0.3295702040195465,0.006862113252282143,0.23200978338718414,2.4086272716522217,0.0064278836362063885,0.4583236277103424,0.047719795256853104,0.2981412410736084,0.33709293603897095,1.8389511108398438,2.6562588,2.6424158,1210,70230,71440,0.6908339,0.14523161947727203,0.30640042,0.9755680561065674,0.9601502,3.9445348,8.541706,0,1.5553136,2.4086272716522217,4.506222724914551,1.2842776775360107,0.35389360785484314,3.970997,8.541706,0,1.5346693
A549,4,VIN,1,5,39.29,13,0.14236190915107727,0.010037831962108612,0.18394948542118073,0.0053201294504106045,0.12141544371843338,3.8123536109924316,0.006168936379253864,0.341001033782959,0,0.18390467762947083,0.22910386323928833,2.2678639888763428,2.720742,2.717775,395,59893,60288,0.9260717,0.49775660037994385,0.7729946,0.9938926100730896,0.978071,4.6764617,14.175408,0,7.9495807,3.8123536109924316,4.921992778778076,2.638448476791382,0.2484341263771057,4.682161,14.175408,0,7.995414
A549,4,VIN,10,5,39.29,1,0.04010782763361931,0.002921187086030841,0.10449323803186417,0.0008827522397041321,0.12037231773138046,0.6120494604110718,0.0011428955476731062,0.21758797764778137,0.03181610256433487,0.14823730289936066,0.1643507331609726,0.5244001150131226,0.712959,0.7113723,969,114183,115152,0.82130486,0.9283100366592407,0.8699666,0.9896108508110046,0.97124195,0.33322227,2.4213197,0,0.21094932,0.6120494604110718,0.9436478614807129,0.3413443863391876,0.014721246436238289,0.33085606,2.4213197,0,0.21194918
A549,4,VIN,10,5,39.29,2,0.1627148687839508,0.004833811894059181,0.1767076849937439,0.0027768586296588182,0.11300234496593475,1.864282488822937,0.0012096541468054056,0.21021433174610138,0.029184304177761078,0.1418309062719345,0.15868908166885376,1.3499647378921509,1.9324918,1.9253592,871,70265,71136,0.78570455,-0.137392312,0.60340494,0.9693252444267273,0.9697007,2.88778,7.64354,0,1.392551,1.864282488822937,3.210707902908325,0.9363762736320496,0.30662310123443604,2.9004674,7.64354,0,1.3928657
A549,4,VIN,10,5,39.29,3,0.10599669814109802,0.016084203496575356,0.24241819977760315,0.0037140827625989914,0.2084275484085083,3.141564130783081,0.0031605439726263285,0.4076257646083832,0.053116779774427414,0.2525118291378021,0.2864641547203064,2.189984083175659,1.8053552,1.8084103,943,117777,118720,0.9159922,0.9323996901512146,0.83255225,0.9938474893569946,0.92763597,1.9058892,10.742773,0,5.2868443,3.141564130783081,4.967118263244629,1.6875505447387695,0.261288583278656,1.8959953,10.742773,0,5.3147597
A549,4,VIN,11,5,39.29,1,0.19739772379398346,0.004626936744898558,0.20485971868038177,0.003273177659139037,0.16873937845230103,1.5458111763000488,0.0015548954252153635,0.3077600300312042,0.07894972711801529,0.19935977458953857,0.22339217364788055,1.1607407331466675,1.4951137,1.4877523,1155,51309,52464,0.29440397,0.37752461433410645,0.060921207,0.9930872321128845,0.9631145,2.1250958,7.474469,0,0.7429337,1.5458111763000488,2.508556604385376,0.9744447469711304,0.04864438623189926,2.138136,7.474469,0,0.7508386
A549,4,VIN,11,5,39.29,2,0.11734101176261902,0.011603599414229393,0.19728899002075195,0.00373662612400949,0.13813580572605133,1.4992233514785767,0.003027908969670534,0.3009296953678131,0,0.17904116213321686,0.20172417163848877,1.1091105937957764,1.4683398,1.4629015,1347,87629,88976,0.3159527,0.2118152678012848,0.46344376,0.9888268113136292,0.9703063,1.5811586,6.170742,0,2.081493,1.4992233514785767,2.9764246940612793,0,0.24476267397403717,1.582418,6.170742,0,2.1096218
A549,4,VIN,11,5,39.29,3,0.15182948112487793,0.014139294624328613,0.22683195769786835,0.004111030604690313,0.1674637645483017,3.3895487785339355,0.0030112594831734896,0.32829129695892334,0.0025686994194984436,0.21145635843276978,0.23971807956695557,1.9457294940948486,2.5447934,2.5403168,275,36525,36800,0.8689834,-0.486604035,0.621586,0.9863126873970032,0.9912194,3.5439475,10.165738,0,6.973061,3.3895487785339355,4.989766597747803,2.1244657039642334,0.5437806844711304,3.54511,10.165738,0,7.021287
A549,4,VIN,11,5,39.29,4,0.1992117464542389,0.0025094018783420324,0.19922418892383575,0.002507083583623171,0.1631781905889511,2.231018304824829,0.0021140077151358128,0.3121371865272522,0.05231562256813049,0.20064319670200348,0.22352281212806702,1.6137746572494507,2.167722,2.160271,863,63297,64160,0.64742917,0.15464484691619873,0.46408576,0.9763654470443726,0.969415,3.4430275,7.4986763,0,0.82447314,2.231018304824829,4.087527751922607,1.3179432153701782,0.3214209973812103,3.459552,7.4986763,0,0.81103057
A549,4,VIN,11,5,39.29,5,0.170622780919075,0.004097214434295893,0.17809028923511505,0.002946639433503151,0.13880780339241028,2.258756637573242,0.002208176301792264,0.31006330251693726,0.004923791158944368,0.1749948412179947,0.20167718827724457,1.4683468341827393,1.835624,1.8336625,350,65186,65536,0.7376347,0.6023622751235962,0.65658486,0.9845249652862549,0.98605245,3.316092,9.160129,0,1.0860441,2.258756637573242,3.860785484313965,1.2578212022781372,0.26194366812705994,3.3217692,9.160129,0,1.084434
A549,4,VIN,11,5,39.29,6,0.16063210368156433,0.004431364592164755,0.17254139482975006,0.002705062972381711,0.1377180516719818,1.6290028095245361,0.004708428867161274,0.36035922169685364,0.014373468235135078,0.18923047184944153,0.2386203110218048,1.2208926677703857,1.6191183,1.6133362,1251,84909,86160,0.4908642,0.49729129672050476,0.5336713,0.9742312431335449,0.9613669,2.4179244,5.72852,0,0.95211715,1.6290028095245361,2.7672853469848633,0.8911145329475403,0.15010598301887512,2.429548,5.72852,0,0.95462835
A549,4,VIN,11,5,39.29,7,0.03547389805316925,0.002743644407019019,0.09879555553197861,0.0013852110132575035,0.08938204497098923,0.7379635572433472,0.002624123590067029,0.2556847333908081,0,0.1299278736114502,0.16293738782405853,0.5881847739219666,0.805614,0.80391437,879,111569,112448,0.97828996,0.9253185987472534,0.9614949,0.9933106899261475,0.9791232,0.3385244,3.3042817,0,0.2367066,0.7379635572433472,0.9734882712364197,0.5171158909797668,0.006594440899789333,0.33537742,3.3042817,0,0.23725265
A549,4,VIN,11,5,39.29,8,0.14638490974903107,0.005085146985948086,0.16318801045417786,0.002926788991317153,0.1677398681640625,1.1330806016921997,0.008888794109225273,0.4046723246574402,0,0.24932101368904114,0.2879819869995117,0.9519877433776855,0.9960181,0.99531007,957,58547,59504,0.79462224,0.981423020362854,0.97036594,0.9915392994880676,0.98825586,1.1455348,2.1754005,0,0.18441524,1.1330806016921997,1.5801504850387573,0.7098641395568848,0.019186321645975113,1.1457382,2.1754005,0,0.18711346
A549,4,VIN,11,5,39.29,9,0.11774696409702301,0.004440733231604099,0.14336660504341125,0.0017339579062536359,0.12399245798587799,1.830275297164917,0.001415611826814711,0.21889159083366394,0,0.15252843499183655,0.16744735836982727,1.2383618354797363,1.355946,1.3547782,562,56030,56592,0.64745533,-0.01804392,0.601969,0.9831858277320862,0.98854613,1.894602,4.6355467,0,0.9347309,1.830275297164917,3.297215461730957,0,0.2783335745334625,1.8952471,4.6355467,0,0.9412728
A549,4,VIN,12,5,39.29,1,0.25957363843917847,0.00230683502741158,0.25957363843917847,0.00230683502741158,0.24890018999576569,1.705931305885315,0.002528884680941701,0.3678981065750122,0.12174176424741745,0.2911362648010254,0.31251102685928345,1.5124484300613403,2.0116594,2.0042524,452,30012,30464,0.81631285,0.8548606634140015,0.63578904,0.9822060465812683,0.9618178,2.4574692,4.5930066,1.0086623,0.43686965,1.705931305885315,2.8462953567504883,1.0086623430252075,0.18457932770252228,2.4687877,4.5930066,1.1299505,0.43203485
A549,4,VIN,12,5,39.29,2,0.1970514953136444,0.006763612385839224,0.22109155356884003,0.002273715101182461,0.1723594218492508,1.5800102949142456,0.0023309504613280296,0.2951275706291199,0.039179448038339615,0.21094201505184174,0.23464994132518768,1.261458396911621,1.6988924,1.6925535,751,51073,51824,0.72174793,0.48784685134887695,0.6718664,0.9801486134529114,0.97666055,2.1230242,4.5036592,0,0.7717179,1.5800102949142456,2.5739035606384277,0.804535984992981,0.13760881125926971,2.1310086,4.5036592,0,0.7766426
A549,4,VIN,12,5,39.29,3,0.1683296263217926,0.023113170638680458,0.2892325222492218,0.0047451769933104515,,,,,,,,,3.396615,3.396615,0,46800,46800,0.4859311,,0.7452358,,0.97807163,4.1421957,13.304637,0,13.61522,,,,,4.1421957,13.304637,0,13.61522
A549,4,VIN,12,5,39.29,4,0.11274608969688416,0.004246346652507782,0.13405470550060272,0.0021923701278865337,0.09852742403745651,1.459764838218689,0.005689730402082205,0.3125315010547638,0,0.15891388058662415,0.20776933431625366,1.1514426469802856,1.4826843,1.4785928,701,56051,56752,0.6384051,0.9022517204284668,0.5903597,0.9872119426727295,0.9744918,1.8467559,4.4994125,0,0.9138187,1.459764838218689,2.3768460750579834,0,0.19764909148216248,1.8515958,4.4994125,0,0.92087895
A549,4,VIN,12,5,39.29,5,0.14379943907260895,0.004420999903231859,0.15190087258815765,0.003439458319917321,0.13628074526786804,1.9331445693969727,0.011757707223296165,0.4254847764968872,0,0.22981077432632446,0.2847132682800293,1.4951380491256714,1.7555565,1.7540942,253,44803,45056,0.8275232,0.9928574562072754,0.9338879,0.997356116771698,0.98941743,2.5177877,5.535184,0,0.59897333,1.9331445693969727,2.481992483139038,1.537893295288086,0.026161333546042442,2.521089,5.535184,0,0.6002669
A549,4,VIN,13,5,39.29,1,0.2148061990737915,0.004621579311788082,0.22367627918720245,0.002828394528478384,0.17256556451320648,2.718827247619629,0.0008966706809587777,0.24723955988883972,0.09436523914337158,0.19669599831104279,0.21102753281593323,1.648298978805542,1.9171815,1.9148682,261,30075,30336,0.8063978,-0.172106951,0.41969934,0.9948365092277527,0.9868772,3.4298716,6.7296877,0,1.0103368,2.718827247619629,3.5136654376983643,1.842605471611023,0.14365988969802856,3.436042,6.7296877,0,1.0134321
A549,4,VIN,13,5,39.29,2,0.17621706426143646,0.0029785919468849897,0.18308265507221222,0.0018376687075942755,0.1479109674692154,1.786607027053833,0.0010175865609198809,0.22903046011924744,0.040580928325653076,0.1734762042760849,0.18750900030136108,1.2094025611877441,1.3772776,1.37624,268,43092,43360,0.80995136,-0.519670606,0.6602255,0.9895306825637817,0.99442,2.2916017,4.7278194,0,0.3351454,1.786607027053833,2.4205105304718018,1.0632902383804321,0.08736547827720642,2.294742,4.7278194,0,0.33509058
A549,4,VIN,13,5,39.29,3,0.3238394260406494,0.003967645112425089,0.326129674911499,0.0032487683929502964,0.28044015169143677,3.366365432739258,0.0012999351602047682,0.37153497338294983,0.17725960910320282,0.30911561846733093,0.32524678111076355,2.3428902626037598,2.9457815,2.9393098,564,51980,52544,0.6271184,0.5996925830841064,0.39887553,0.9940792918205261,0.97522974,4.7469506,9.287586,0,1.2705042,3.366365432739258,4.973659038543701,2.2971572875976562,0.26874879002571106,4.76193,9.287586,0,1.2604684
A549,4,VIN,13,5,39.29,4,0.17098085582256317,0.0005584486643783748,0.17098085582256317,0.0005584486643783748,0.16386452317237854,1.3284481763839722,0.0008151647634804249,0.2511122524738312,0.09737472236156464,0.1875336468219757,0.201825350522995,1.0644198656082153,1.3628441,1.3592179,258,20974,21232,0.920123,0.8055121302604675,0.86146206,0.9956068992614746,0.9886595,1.7877345,2.6620443,0.8983906,0.07340889,1.3284481763839722,1.6992384195327759,0.9908666610717773,0.01978682354092598,1.7933843,2.6620443,0.8983906,0.07144176
A549,4,VIN,13,5,39.29,5,0.16931895911693573,0.0008712240378372371,0.16931895911693573,0.0008712240378372371,0.14391402900218964,1.5357613563537598,0.00029756073490716517,0.1970292180776596,0.09054190665483475,0.15758106112480164,0.16604600846767426,1.1732077598571777,1.324577,1.3228884,400,35456,35856,0.9405261,0.05422012507915497,0.93406075,0.9952604174613953,0.9947008,1.8269765,3.1064215,1.12805,0.06602864,1.5357613563537598,1.9058516025543213,1.206995964050293,0.022186515852808952,1.830262,3.1064215,1.12805,0.06555571
A549,4,VIN,13,5,39.29,6,0.19292369484901428,0.003934921696782112,0.20145653188228607,0.002389965346083045,0.15583904087543488,1.5423798561096191,0.0023702147882431746,0.32274171710014343,0.011017686687409878,0.19344110786914825,0.221425861120224,1.0892373323440552,1.4226636,1.417976,1095,76793,77888,0.77228117,0.5103246569633484,0.5661434,0.9924483299255371,0.98778915,2.3114944,4.7410135,0,0.4834358,1.5423798561096191,2.3778884410858154,1.0385282039642334,0.06868427246809006,2.3224611,4.7410135,0,0.48079467
A549,4,VIN,13,5,39.29,7,0.20852631330490112,0.0029431551229208708,0.20923708379268646,0.002804468385875225,0.1494711935520172,1.431480050086975,0.0028485076036304235,0.34038227796554565,0.036344174295663834,0.1923026144504547,0.22195705771446228,1.0796685218811035,1.7070464,1.6984876,755,54589,55344,0.778451,0.3767312467098236,0.51500857,0.9798078536987305,0.96348315,2.5239186,5.075793,0,0.46123046,1.431480050086975,2.4189867973327637,0.840489387512207,0.10368284583091736,2.539028,5.075793,0,0.44944152
A549,4,VIN,13,5,39.29,8,0.19401608407497406,0.0013426699442788959,0.19401608407497406,0.0013426699442788959,0.1528858095407486,1.5070208311080933,0.00045030692126601934,0.20980791747570038,0.11113978177309036,0.16955970227718353,0.1817522794008255,1.1715244054794312,1.7541156,1.7519313,100,26572,26672,0.9030637,0.39951977133750916,0.5241625,0.9986326694488525,0.97507715,2.4661946,4.0373406,0.85430765,0.25966617,1.5070208311080933,1.704413890838623,1.3001850843429565,0.007234951481223106,2.469804,4.0373406,0.85430765,0.2571408
A549,4,VIN,13,5,39.29,9,0.10787591338157654,0.0017664681654423475,0.11454135179519653,0.0011121464194729924,0.09522709250450134,1.2155863046646118,0.0007306263432838023,0.18609732389450073,0.021866854280233383,0.11698728054761887,0.13154785335063934,0.8738301992416382,1.018335,1.0165217,469,36907,37376,0.7644387,-0.086452551,0.6062804,0.9949129819869995,0.9930793,1.429036,2.649552,0,0.17657807,1.2155863046646118,1.7230273485183716,0.8063978552818298,0.02658037468791008,1.4317485,2.649552,0,0.17789786
A549,4,VIN,13,5,39.29,10,0.18170437216758728,0.005741734988987446,0.19940167665481567,0.002772085601463914,0.16488860547542572,2.124892234802246,0.0012669068528339267,0.2752642333507538,0.07010138034820557,0.19325384497642517,0.2109043300151825,1.3081713914871216,1.4722816,1.4706246,400,39216,39616,0.59086305,-0.333770692,0.34134233,0.9928959608078003,0.99051493,2.5105934,5.113973,0,0.8858698,2.124892234802246,3.186422824859619,1.283874750137329,0.1407465785741806,2.5145273,5.113973,0,0.891937
A549,4,VIN,13,5,39.29,11,0.06675618886947632,0.007248315494507551,0.16033555567264557,0.0024049640633165836,0.11631368100643158,1.0575017929077148,0.0031435340642929077,0.3147297203540802,0,0.1610424816608429,0.18717864155769348,0.8272923827171326,1.0415301,1.0388458,932,73452,74384,0.5584303,0.6091742515563965,0.55098534,0.9911031126976013,0.98318297,0.7432236,3.392109,0,0.8495174,1.0575017929077148,1.8406623601913452,0,0.09360247105360031,0.7392359,3.392109,0,0.8578397
A549,4,VIN,13,5,39.29,12,0.03676571696996689,0.0031258610542863607,0.11203465610742569,0.001092578168027103,0.03999941423535347,0.2698737382888794,0.0030258558690547943,0.2202100306749344,0,0.07999882847070694,0.12442261725664139,0.4864223003387451,0.63154286,0.62907624,548,31692,32240,0.7183935,0.06146029382944107,0.5396272,0.9858625531196594,0.9821799,0.2953298,1.6348685,0,0.18814045,0.2698737382888794,0.9453248977661133,0,0.10700704902410507,0.29576993,1.6348685,0,0.18953197
A549,4,VIN,14,5,39.29,1,0.3055908977985382,0.0024728586431592703,0.3055908977985382,0.0024728586431592703,0.20491354167461395,3.1179397106170654,0.001072642975486815,0.2945273518562317,0.1437002718448639,0.23109659552574158,0.25150755047798157,2.4530951976776123,3.9555552,3.9392445,276,25148,25424,0.731786,0.7973619103431702,0.4426962,0.9855505228042603,0.97413045,4.8594823,7.8774576,2.2168195,0.70375353,3.1179397106170654,4.342668056488037,2.2310242652893066,0.34203436970710754,4.8785963,7.8774576,2.2168195,0.6740713
A549,4,VIN,14,5,39.29,2,0.10641609132289886,0.012994510121643543,0.20912176370620728,0.004057947546243668,0.13413497805595398,2.5850658416748047,0.006148044019937515,0.31433942914009094,0,0.19573122262954712,0.2207528054714203,1.7632168531417847,1.8991736,1.8971617,814,54194,55008,0.760979,0.5646119117736816,0.64471614,0.9751689434051514,0.9702581,2.1679053,8.363098,0,4.935806,2.5850658416748047,4.956951141357422,0,1.8751579523086548,2.1616395,8.363098,0,4.9791236
A549,4,VIN,14,5,39.29,3,0.26349467039108276,0.010694766417145729,0.2692118287086487,0.009387696161866188,0.15675221383571625,2.144479513168335,0.0024845849256962538,0.4032476246356964,0.02851928398013115,0.1960732638835907,0.22151139378547668,1.6093518733978271,2.904677,2.8751655,1488,63824,65312,0.17680776,0.2594524025917053,0.24728422,0.9749231934547424,0.89467263,4.1538196,11.568928,0,3.085716,2.144479513168335,4.045533657073975,1.1898620128631592,0.26705029606819153,4.200665,11.568928,0,3.0551064
A549,4,VIN,14,5,39.29,4,0.22434782981872559,0.0019232813501730561,0.22435703873634338,0.0019212932093068957,0.15730759501457214,1.7512682676315308,0.0011279311729595065,0.3016953766345978,0.076262466609478,0.18270625174045563,0.20085318386554718,1.389763593673706,2.2087824,2.1919663,500,23852,24352,0.6409788,0.7385612726211548,0.3615693,0.9926922917366028,0.9632042,2.7853913,5.355343,0,0.5396686,1.7512682676315308,2.269761800765991,1.3020873069763184,0.044013116508722305,2.8070693,5.355343,0,0.5271713
A549,4,VIN,14,5,39.29,5,0.16027317941188812,0.002717629773542285,0.1652735471725464,0.001975990366190672,0.12814152240753174,2.4027044773101807,0.0010371318785473704,0.23819705843925476,0,0.15334369242191315,0.1680300235748291,1.5860552787780762,1.8766265,1.8688855,656,23968,24624,0.552938,0.5234835743904114,0.66464907,0.9939082860946655,0.9864657,2.999906,5.8298044,0,0.6085842,2.4027044773101807,3.569798231124878,1.6687778234481812,0.11057915538549423,3.0162516,5.8298044,0,0.61218596
A549,4,VIN,15,5,39.29,1,0.09411179274320602,0.0015518246218562126,0.10364864766597748,0.0007205986184999347,0.08259477466344833,0.7894563674926758,0.0007357614813372493,0.16046783328056335,0,0.10271942615509033,0.11486973613500595,0.6717097759246826,0.8873821,0.88543206,572,62692,63264,0.53338736,0.5689222812652588,0.20931557,0.992912232875824,0.9826307,1.057047,2.19177,0,0.18152829,0.7894563674926758,1.3156782388687134,0,0.03405635803937912,1.0594885,2.19177,0,0.18221451
A549,4,VIN,15,5,39.29,2,0.07105650007724762,0.003241180209442973,0.11022604256868362,0.0007103614043444395,0.08888586610555649,0.8011009693145752,0.0006877279374748468,0.1965377926826477,0,0.10867755115032196,0.12257858365774155,0.667453944683075,0.8416976,0.83921874,562,38942,39504,0.7844717,-0.150495127,0.54314095,0.9911811947822571,0.98395586,0.7313243,1.9432082,0,0.32389465,0.8011009693145752,1.213497281074524,0,0.023069782182574272,0.7303173,1.9432082,0,0.32816476
A549,4,VIN,15,5,39.29,3,0.08661123365163803,0.013732506893575191,0.22609873116016388,0.0043107750825583935,0.17590223252773285,2.131542682647705,0.004905044101178646,0.36658406257629395,0,0.23297356069087982,0.26797568798065186,1.534252643585205,1.3867967,1.3879088,730,96070,96800,0.8741895,0.6231027841567993,0.72555876,0.9833251237869263,0.9352324,1.2224176,6.5409307,0,2.6617937,2.131542682647705,3.733311653137207,0,0.30063384771347046,1.2155095,6.5409307,0,2.673407
A549,4,VIN,15,5,39.29,4,0.05780884250998497,0.006244187243282795,0.15132448077201843,0.0021940197329968214,0.12596364319324493,2.919130563735962,0.0014127189060673118,0.2725215256214142,0.030474146828055382,0.15544600784778595,0.17489434778690338,1.9079039096832275,1.4406435,1.4445076,443,53125,53568,0.7702371,0.7860633134841919,0.8368815,0.9953069686889648,0.9213951,1.3872017,7.0318055,0,3.4081604,2.919130563735962,4.435303211212158,2.0504233837127686,0.13670699298381805,1.3744271,7.0318055,0,3.4157078
A549,4,VIN,15,5,39.29,5,0.08690990507602692,0.003049728460609913,0.10793820023536682,0.0015178699977695942,0.08496807515621185,0.9677095413208008,0.00267992471344769,0.2745484709739685,0,0.12609553337097168,0.15665237605571747,0.7584449648857117,1.0864725,1.0802057,1120,57504,58624,0.46014577,0.3405992388725281,0.5633298,0.9829283952713013,0.95631677,1.237699,3.5767512,0,0.5946533,0.9677095413208008,1.7298753261566162,0.5348299145698547,0.047020699828863144,1.2429576,3.5767512,0,0.60387206
A549,4,VIN,15,5,39.29,6,0.11612503230571747,0.0072663710452616215,0.1586640328168869,0.0031787818297743797,0.10892149806022644,2.228870391845703,0.0012479054275900126,0.20915424823760986,0,0.13671447336673737,0.15363933145999908,1.4083479642868042,1.757339,1.754427,300,35652,35952,0.2990154,0.4465975761413574,0.66838586,0.9961487650871277,0.97748536,2.5986867,8.015989,0,3.0123565,2.228870391845703,3.1482203006744385,1.6190454959869385,0.08575515449047089,2.6017988,8.015989,0,3.0358224
A549,4,VIN,15,5,39.29,7,0.12296106666326523,0.028602998703718185,0.33851349353790283,0.00577704980969429,0.2698574960231781,2.562124729156494,0.004181140102446079,0.5138229727745056,0,0.3183298707008362,0.34742704033851624,1.9492013454437256,1.5272205,1.53242,968,77592,78560,0.937475,0.658257007598877,0.90396583,0.9832580089569092,0.93798065,1.1750293,5.733864,0,2.5556312,2.562124729156494,3.9083900451660156,0,0.19020648300647736,1.1577245,5.733864,0,2.5608387
A549,4,VIN,16,5,39.29,1,0.10618968307971954,0.0023914379999041557,0.12127453088760376,0.0009017471456900239,0.13128548860549927,1.1836116313934326,0.0010084050009027123,0.21756339073181152,0.04961087554693222,0.15688984096050262,0.17379312217235565,0.9179874062538147,1.211024,1.2057762,700,38388,39088,0.97638625,0.7305681705474854,0.7604623,0.9926631450653076,0.97925144,1.5808704,3.6002302,0,0.52023035,1.1836116313934326,1.6946828365325928,0.7976784110069275,0.030902160331606865,1.5881144,3.6002302,0,0.526223
A549,4,VIN,16,5,39.29,2,0.06967993825674057,0.0027079256251454353,0.10188070684671402,0.0006786853773519397,0.07067401707172394,0.5728843808174133,0.0011826296104118228,0.17936864495277405,0,0.09704381972551346,0.11273844540119171,0.5233872532844543,0.70519453,0.70198035,764,42452,43216,0.72054577,0.5906872749328613,0.46693802,0.9889205694198608,0.9820295,0.63283205,1.7166746,0,0.21345237,0.5728843808174133,0.9982065558433533,0,0.04334936663508415,0.63391095,1.7166746,0,0.21644786
A549,4,VIN,16,5,39.29,3,0.10282565653324127,0.00049820845015347,0.10283279418945312,0.0004975094343535602,,,,,,,,,0.6236106,0.6236106,0,14416,14416,0.18779565,,0.7767605,,0.985455,0.76928276,1.2597617,0,0.018773975,,,,,0.76928276,1.2597617,0,0.018773975
A549,4,VIN,16,5,39.29,4,0.08198215812444687,0.003129982389509678,0.10861518979072571,0.0012540483148768544,0.1155441403388977,0.5965203046798706,0.0033381516113877296,0.2763051688671112,0.01581927016377449,0.16380679607391357,0.19782914221286774,0.5102757215499878,0.62187773,0.6205457,351,29057,29408,0.7974542,0.9626842141151428,0.8237808,0.9929523468017578,0.9826811,0.569084,1.448424,0,0.12881468,0.5965203046798706,0.8444512486457825,0.4109792709350586,0.006923035718500614,0.5687525,1.448424,0,0.13027789
A549,4,VIN,16,5,39.29,5,0.24386201798915863,0.006746426224708557,0.25151994824409485,0.005032162647694349,0.175581693649292,3.137748956680298,0.004674706142395735,0.4529087245464325,0,0.22934480011463165,0.26438233256340027,2.0273146629333496,2.782245,2.7717178,998,70570,71568,0.45193017,-0.016607143,0.22111021,0.9694336652755737,0.96362567,5.0482574,12.11223,0,3.0380626,3.137748956680298,4.996028900146484,1.4990854263305664,0.698268711566925,5.075276,12.11223,0,3.018803
A549,4,VIN,17,5,39.29,1,0.12003366649150848,0.005099790170788765,0.1522042155265808,0.0015701029915362597,0.14546039700508118,2.4656248092651367,0.0013554854085668921,0.2807621657848358,0.04333353415131569,0.17459113895893097,0.19328798353672028,1.6757065057754517,1.648113,1.6486807,1300,61932,63232,0.8664414,0.21414417028427124,0.8192557,0.9798219799995422,0.9779026,2.1727607,5.717164,0,1.5722543,2.4656248092651367,4.143301963806152,1.2697447538375854,0.2858479619026184,2.166613,5.717164,0,1.5974185
A549,4,VIN,17,5,39.29,2,0.18085645139217377,0.002092726994305849,0.18436260521411896,0.001486893044784665,0.14706620573997498,0.8594640493392944,0.0017169935163110495,0.2593578100204468,0.026782909408211708,0.17998166382312775,0.2034529745578766,0.728519082069397,0.98542404,0.98121417,355,21309,21664,0.7201512,0.630493700504303,0.4546044,0.9913445115089417,0.9793199,1.1768953,2.465402,0,0.09324198,0.8594640493392944,1.1877449750900269,0.5702525973320007,0.014418201521039009,1.1821835,2.465402,0,0.09284852
A549,4,VIN,17,5,39.29,3,0.17458239197731018,0.002261134795844555,0.17750242352485657,0.0017806398682296276,0.13054047524929047,0.7664170265197754,0.001984188798815012,0.23605985939502716,0.04185744747519493,0.16734428703784943,0.18985615670681,0.640725314617157,1.0526029,1.0506146,152,31336,31488,0.8267716,0.7679657340049744,0.5076354,0.9887025356292725,0.9717419,1.2863566,2.6292827,0,0.1220558,0.7664170265197754,0.99416583776474,0.5574261546134949,0.012249800376594067,1.2888787,2.6292827,0,0.12127075
A549,4,VIN,17,5,39.29,4,0.4120630919933319,0.004055370111018419,0.4120630919933319,0.004055370111018419,0.3390720784664154,2.5078697204589844,0.002416249830275774,0.4755234718322754,0.20324961841106415,0.37857210636138916,0.40001922845840454,2.2970566749572754,3.2571142,3.2352788,1123,48253,49376,0.4918232,0.6863808631896973,0.43389514,0.9911076426506042,0.95592844,3.519748,6.3517036,1.7482088,0.6495823,2.5078697204589844,3.7101986408233643,1.74820876121521,0.10863617062568665,3.5432978,6.3517036,1.7784072,0.63778794
A549,4,VIN,17,5,39.29,5,0.3242766857147217,0.005371092818677425,0.3255278170108795,0.004984547384083271,0.21588969230651855,1.9005318880081177,0.005204073619097471,0.40190380811691284,0.07755006849765778,0.27537110447883606,0.3180355727672577,1.5196187496185303,2.3553774,2.3475578,353,37375,37728,0.77561545,0.7573225498199463,0.66802704,0.9857770800590515,0.9749814,3.3504517,7.1106553,0,0.6581694,1.9005318880081177,3.2016303539276123,1.309765100479126,0.1363663673400879,3.364146,7.1106553,0,0.64305466
A549,4,VIN,18,5,39.29,1,0.16211919486522675,0.0012417928082868457,0.1621556431055069,0.001236160402186215,0.20353107154369354,1.3335494995117188,0.0007750671356916428,0.30354779958724976,0.12525978684425354,0.22468671202659607,0.23763933777809143,1.0872050523757935,1.2250106,1.2232403,400,30736,31136,0.953848,0.8857883214950562,0.80122,0.9962421655654907,0.9778031,1.7304823,3.0009253,0,0.16203961,1.3335494995117188,1.6416583061218262,1.0437155961990356,0.016474269330501556,1.7356479,3.0009253,0,0.16185687
A549,4,VIN,18,5,39.29,2,0.13916611671447754,0.005514204036444426,0.1653476059436798,0.002222550567239523,0.09286580979824066,1.191941261291504,0.0004490545252338052,0.14362314343452454,0.0438799224793911,0.10973282903432846,0.11910825967788696,0.7304540276527405,1.090228,1.0886433,100,22604,22704,0.9269046,-0.268785983,0.36034113,0.9954195022583008,0.9750465,2.1105576,4.8423233,0,1.1661608,1.191941261291504,1.6438305377960205,0.8445950150489807,0.022646725177764893,2.1146214,4.8423233,0,1.1674701
A549,4,VIN,18,5,39.29,3,0.13175395131111145,0.0012518134899437428,0.13180513679981232,0.0012455526739358902,0.16456356644630432,1.3438262939453125,0.002242042450234294,0.32346653938293457,0.04437807574868202,0.2013457864522934,0.23036421835422516,1.0025027990341187,1.0296177,1.0292287,480,32992,33472,0.80056465,0.9295002818107605,0.59107214,0.9931365251541138,0.9738338,1.6488746,3.9794328,0,0.27323356,1.3438262939453125,2.0134449005126953,0.8598077297210693,0.029594222083687782,1.6533127,3.9794328,0,0.27540472
A549,4,VIN,18,5,39.29,4,0.11882755905389786,0.001180665916763246,0.11887147277593613,0.0011758817126974463,0.16527968645095825,1.1721135377883911,0.0008191597298718989,0.23075586557388306,0.1132979616522789,0.1885630488395691,0.2062063366174698,0.9022505283355713,0.8508808,0.8511971,100,16140,16240,0.858112,0.7413476705551147,0.9485928,0.9981950521469116,0.9948862,1.3840375,2.2225044,0,0.03779747,1.1721135377883911,1.2956676483154297,1.0210161209106445,0.002630053786560893,1.3853506,2.2225044,0,0.037735377
A549,4,VIN,18,5,39.29,5,0.1854216456413269,0.015054925344884396,0.25020331144332886,0.004106155596673489,0.23819009959697723,1.685988187789917,0.0015408508479595184,0.3518581688404083,0.1540239155292511,0.269714891910553,0.2912271320819855,1.375529408454895,1.3452781,1.3454769,300,45348,45648,0.9670563,0.7773858904838562,0.76163375,0.9848148822784424,0.933799,1.8259323,5.791889,0,1.6751336,1.685988187789917,2.7527341842651367,1.1772106885910034,0.14711639285087585,1.8268579,5.791889,0,1.6851116
A549,4,VIN,18,5,39.29,6,0.05960873141884804,0.004961383529007435,0.1363435834646225,0.0008859116351231933,0.1354634314775467,1.7125272750854492,0.0017074740026146173,0.32917481660842896,0.050119198858737946,0.16330203413963318,0.18994562327861786,1.1169776916503906,0.63475627,0.63965946,600,58408,59008,0.9209783,0.5981244444847107,0.94265735,0.9943488836288452,0.9131753,0.7227803,3.1849,0,0.73935616,1.7125272750854492,2.2780566215515137,1.2480930089950562,0.03853129595518112,0.712613,3.1849,0,0.73638904
A549,4,VIN,19,5,39.29,1,0.1345060020685196,0.0016763501334935427,0.1393815279006958,0.001057555666193366,0.11988092958927155,0.9360601902008057,0.001378071727231145,0.2588635981082916,0.029780467972159386,0.14885078370571136,0.17033280432224274,0.7185755372047424,0.91592693,0.9105315,755,26861,27616,0.8052738,0.5910855531692505,0.5822888,0.9886340498924255,0.9797345,1.2605133,2.482539,0,0.14628825,0.9360601902008057,1.4150203466415405,0.5916435122489929,0.02990405261516571,1.269633,2.482539,0,0.14651747
A549,4,VIN,19,5,39.29,2,0.19707129895687103,0.02261045202612877,0.30025357007980347,0.0034679456148296595,0.23547418415546417,2.1691789627075195,0.001535623101517558,0.33701595664024353,0.10469207912683487,0.26711052656173706,0.285639226436615,1.3027405738830566,1.5725664,1.5651816,550,19546,20096,0.70704,-0.1213952,0.45708704,0.9936292171478271,0.98571825,1.846975,5.257362,0,1.9677095,2.1691789627075195,3.118877410888672,1.4987237453460693,0.11013559997081757,1.8379086,5.257362,0,2.0169759
A549,4,VIN,19,5,39.29,3,0.18997694551944733,0.03719695284962654,0.3768474757671356,0.0033639841713011265,0.3412458598613739,3.108292818069458,0.0015644811792299151,0.44903501868247986,0.19131432473659515,0.3729560077190399,0.3929075002670288,1.7561038732528687,1.867983,1.8652647,395,15861,16256,0.69523656,0.474536657333374,0.61587965,0.9970006942749023,0.98516655,1.793249,5.491663,0,3.3337822,3.108292818069458,4.162854194641113,2.167379140853882,0.1072206050157547,1.7604994,5.491663,0,3.369996
A549,4,VIN,19,5,39.29,4,0.11207439750432968,0.011891057714819908,0.1999479979276657,0.0036442680284380913,0.2620637118816376,4.402827262878418,0.0003252818714827299,0.3053528666496277,0.21472078561782837,0.2762344479560852,0.2834753394126892,3.533778667449951,1.5813648,1.5868938,100,35212,35312,0.70345455,0.9637061953544617,0.89073706,0.9994438290596008,0.90032685,1.8705225,6.962128,0,3.3922083,4.402827262878418,4.716212272644043,4.08362340927124,0.0177580825984478,1.863331,6.962128,0,3.3835292
A549,4,VIN,19,5,39.29,5,0.3363826274871826,0.001208400703035295,0.3364018499851227,0.00120199890807271,0.320341020822525,4.50640869140625,0.0007382069015875459,0.38216328620910645,0.26946768164634705,0.3434118926525116,0.35809412598609924,4.063043594360352,4.7967725,4.7927027,97,17391,17488,0.96900874,0.762795627117157,0.6783805,0.9991239309310913,0.9792621,5.6716895,8.683145,0,1.1211603,4.50640869140625,4.983920097351074,4.037117004394531,0.05390199273824692,5.678189,8.683145,0,1.1194971
A549,4,VIN,19,5,39.29,6,0.1340058147907257,0.007084365468472242,0.17351043224334717,0.00231835781596601,0.17953653633594513,0.9791903495788574,0.006055804900825024,0.3471427857875824,0.032376013696193695,0.24570780992507935,0.28517016768455505,0.8158661127090454,0.8638275,0.8632591,300,25012,25312,1,0.8876702785491943,0.91994065,0.9905972480773926,0.98130566,0.91361713,2.1064236,0,0.30447915,0.9791903495788574,1.44245183467865,0.7415384650230408,0.023692909628152847,0.9128306,2.1064236,0,0.30779478
A549,4,VIN,19,5,39.29,7,0.22570662200450897,0.0016852373955771327,0.225750133395195,0.001675739069469273,0.22685936093330383,1.485835075378418,0.003539108671247959,0.395294189453125,0.09392394870519638,0.27079248428344727,0.29721787571907043,1.2411422729492188,1.356737,1.3556231,200,20552,20752,0.9258905,0.6989622712135315,0.74733335,0.9925693869590759,0.9781324,1.761101,3.0414228,0,0.17261694,1.485835075378418,2.193207263946533,1.156833529472351,0.033608585596084595,1.7637799,3.0414228,0,0.17322515
A549,4,VIN,20,5,39.29,1,0.6459877490997314,0.0033255412708967924,0.6496911644935608,0.0009385074954479933,,,,,,,,,9.097564,9.097564,0,9824,9824,0.89519066,,0.84211665,,0.99324244,8.17405,12.162677,0,0.72530544,,,,,8.17405,12.162677,0,0.72530544
A549,4,VIN,20,5,39.29,2,0.16307921707630157,0.0012360303662717342,0.16311334073543549,0.0012307227589190006,0.1602174937725067,1.3122978210449219,0.0027236933819949627,0.2561863362789154,0.07923945784568787,0.20709814131259918,0.23034273087978363,1.008307695388794,1.358146,1.3529495,284,18836,19120,0.9621604,0.9504667520523071,0.5573,0.995271623134613,0.97242063,1.9743074,3.2572215,0,0.24338701,1.3122978210449219,1.838087797164917,1.0166699886322021,0.02985469065606594,1.9842892,3.2572215,0,0.23989908
A549,4,VIN,20,5,39.29,3,0.11551258713006973,0.0008090689079836011,0.116575688123703,0.0006925835623405874,0.09909352660179138,0.7103073000907898,0.0018432389479130507,0.1973201483488083,0.024056341499090195,0.13512146472930908,0.1583864390850067,0.5519652962684631,0.9279977,0.92359877,254,21458,21712,0.8176179,0.9183278679847717,0.7132077,0.9901334643363953,0.9723431,1.3440646,2.2858331,0,0.109571196,0.7103073000907898,0.9759523272514343,0.473786324262619,0.012373479083180428,1.3515666,2.2858331,0,0.10591111
A549,4,VIN,20,5,39.29,4,0.09714991599321365,0.004688753746449947,0.13966351747512817,0.0008029933669604361,0.13717365264892578,0.6789205074310303,0.0017057537334039807,0.29005658626556396,0.041150014847517014,0.16832385957241058,0.18930275738239288,0.5526958107948303,0.6065455,0.60531753,625,26783,27408,0.8807519,0.36629337072372437,0.7793775,0.9728388786315918,0.98411447,0.56855273,1.4016477,0,0.1638782,0.6789205074310303,1.1880234479904175,0.35002824664115906,0.027727873995900154,0.5659772,1.4016477,0,0.16676447
A549,4,VIN,20,5,39.29,5,0.3159598708152771,0.006606393028050661,0.32809969782829285,0.002877146238461137,0.30274394154548645,3.49456524848938,0.0022614384070038795,0.41993218660354614,0.1930614560842514,0.3420104384422302,0.36567580699920654,2.2540102005004883,2.3865504,2.3852491,169,17047,17216,0.58702284,0.49070608615875244,0.49433088,0.9943738579750061,0.98790616,3.9641414,6.924249,0,1.1288422,3.49456524848938,4.685760021209717,2.6190414428710938,0.18008044362068176,3.9687963,6.924249,0,1.1360403
A549,4,VIN,20,5,39.29,6,0.16686664521694183,0.001262094359844923,0.16686664521694183,0.001262094359844923,0.16997773945331573,2.2458982467651367,0.000975761387962848,0.2831094563007355,0.09738928079605103,0.19481173157691956,0.2117890864610672,1.6865341663360596,1.7881626,1.7867411,600,42296,42896,0.77398133,0.28616413474082947,0.76668346,0.9905630946159363,0.9684513,2.6786253,4.733932,1.2000306,0.37452894,2.2458982467651367,3.1713201999664307,1.6140574216842651,0.1262608915567398,2.684764,4.733932,1.2000306,0.37535682
A549,4,VIN,20,5,39.29,7,0.06471259146928787,0.004685806576162577,0.11883778870105743,0.0021728663705289364,0.09216292202472687,1.9714879989624023,0.0006446458864957094,0.14426526427268982,0.04526356980204582,0.11352119594812393,0.12484365701675415,1.200241208076477,1.3293831,1.3291832,50,32254,32304,0.69375795,0.1825176626443863,0.65535635,0.9975947737693787,0.98453283,1.4876509,5.549734,0,2.1347182,1.9714879989624023,2.317143201828003,1.608559489250183,0.021962031722068787,1.4869006,5.549734,0,2.13763
A549,4,VIN,20,5,39.29,8,0.14542478322982788,0.0024590149987488985,0.1459074467420578,0.0023967542219907045,0.10669369995594025,2.1013007164001465,0.003161356318742037,0.3053460419178009,0,0.14882075786590576,0.18482503294944763,1.3172543048858643,1.6064239,1.5978373,763,24933,25696,0.7360024,0.5862134695053101,0.58721375,0.9922680854797363,0.9876922,2.9638402,7.639361,0,0.6572955,2.1013007164001465,2.9632818698883057,1.4391711950302124,0.08136110752820969,2.9902353,7.639361,0,0.6514564
A549,4,VIN,20,5,39.29,9,0.18680571019649506,0.008065939880907536,0.21493014693260193,0.0032355135772377253,0.1893610656261444,2.4773905277252197,0.0029629874043166637,0.385477215051651,0.07084407657384872,0.23096683621406555,0.2600477337837219,1.497618556022644,1.6073308,1.6060222,271,22449,22720,0.8273097,0.5383342504501343,0.67985827,0.9952391386032104,0.9911832,2.8140244,5.99792,0,1.552385,2.4773905277252197,3.4050540924072266,1.7655948400497437,0.08724256604909897,2.8180883,5.99792,0,1.5686873
A549,4,VIN,21,5,39.29,1,0.11728759855031967,0.00820168573409319,0.17392009496688843,0.0023123533464968204,0.13272184133529663,1.2334569692611694,0.0016571641899645329,0.21854329109191895,0,0.16226524114608765,0.1798834353685379,0.7547692060470581,0.8579788,0.85663766,300,22788,23088,0.6302926,0.2872266471385956,0.31877726,0.997138500213623,0.9920819,1.1198024,3.1567461,0,0.6849979,1.2334569692611694,1.6364331245422363,0,0.07731585204601288,1.1183062,3.1567461,0,0.6928257
A549,4,VIN,21,5,39.29,2,0.18410798907279968,0.019933491945266724,0.2830801010131836,0.002632229356095195,0.2387445867061615,1.671297311782837,0.0012022113660350442,0.33665722608566284,0.1542511135339737,0.26623445749282837,0.2836838662624359,0.9904942512512207,1.265938,1.2627172,400,33808,34208,0.41469157,-0.012104012,0.300491,0.9883108735084534,0.97491807,1.5319886,4.6408806,0,1.527922,1.671297311782837,2.7739038467407227,1.1184278726577759,0.10111887007951736,1.5303403,4.6408806,0,1.544571
A549,4,VIN,21,5,39.29,3,0.08663609623908997,0.00517316535115242,0.1344367116689682,0.0016012507257983088,0.10815690457820892,1.067415714263916,0.0007271911017596722,0.20518438518047333,0.046132683753967285,0.12960799038410187,0.1439743936061859,0.7262123823165894,0.82173985,0.8200379,1000,55128,56128,0.9748032,-0.010596082,0.7572094,0.9880676865577698,0.97981477,0.94207174,3.1542637,0,0.5976591,1.067415714263916,2.116140127182007,0.6618621945381165,0.05164819583296776,0.93979806,3.1542637,0,0.6072733
A549,4,VIN,21,5,39.29,4,0.15095451474189758,0.000809210236184299,0.15095451474189758,0.000809210236184299,0.1361742615699768,0.923611581325531,0.0009265544940717518,0.21665142476558685,0.08023959398269653,0.16146449744701385,0.17744646966457367,0.7181200981140137,1.1281716,1.1201977,500,25212,25712,0.9995782,0.7570148706436157,0.90352577,0.993211030960083,0.9732888,1.7094363,3.2365065,0.6527502,0.21457821,0.923611581325531,1.3121836185455322,0.6865821480751038,0.016727684065699577,1.7250208,3.2365065,0.6527502,0.20601249
A549,4,VIN,21,5,39.29,5,0.24069692194461823,0.010878313332796097,0.26795339584350586,0.004806708078831434,0.23531091213226318,1.939002275466919,0.0036144175101071596,0.394290566444397,0.11116684228181839,0.28539392352104187,0.3187585771083832,1.551377534866333,1.9989738,1.9948108,521,55495,56016,0.804853,0.8899040222167969,0.6307384,0.9774251580238342,0.94024354,2.8182583,6.8218637,0,1.8443716,1.939002275466919,3.1933300495147705,1.2646785974502563,0.11844637989997864,2.826513,6.8218637,0,1.8532486
A549,4,VIN,21,5,39.29,6,0.272062212228775,0.0012124453205615282,0.272062212228775,0.0012124453205615282,0.22197747230529785,2.5783064365386963,0.00118813116569072,0.3190767168998718,0.14994338154792786,0.24979647994041443,0.26880842447280884,1.7865705490112305,2.2318156,2.224216,278,16010,16288,0.6490443,-0.244363219,0.6053579,0.9906485080718994,0.9893402,3.4527497,5.1896434,1.8088642,0.23896484,2.5783064365386963,3.4970099925994873,1.8167965412139893,0.15434609353542328,3.4679337,5.1896434,1.8088642,0.22692612
A549,4,VIN,21,5,39.29,7,0.08802516013383865,0.014027928002178669,0.2318270355463028,0.003607423510402441,0.1473539024591446,1.685683012008667,0.000906160450540483,0.2143586426973343,0.06395779550075531,0.17152011394500732,0.18455076217651367,1.0076981782913208,1.2535136,1.2527868,200,67432,67632,0.9013388,0.5734686255455017,0.700016,0.9963407516479492,0.9668847,1.2123754,5.6066413,0,2.5953712,1.685683012008667,2.1624484062194824,1.2535219192504883,0.029059749096632004,1.2109716,5.6066413,0,2.6023166
A549,4,VIN,21,5,39.29,8,0.31660646200180054,0.010528857819736004,0.32461127638816833,0.008196601644158363,0.23116131126880646,2.2625250816345215,0.005822873208671808,0.4236515760421753,0.00781947374343872,0.29400745034217834,0.3293715715408325,1.787693738937378,2.9792275,2.9628468,800,57392,58192,0.6221594,0.8687100410461426,0.48567298,0.99172443151474,0.9218663,4.63454,11.432715,0,3.6392117,2.2625250816345215,3.646710157394409,1.6466703414916992,0.10551717132329941,4.667604,11.432715,0,3.608947
A549,4,VIN,21,5,39.29,9,0.15129990875720978,0.02394423820078373,0.30284738540649414,0.0020319002214819193,0.27213239669799805,3.8863141536712646,0.001705947332084179,0.4012255072593689,0.1574901044368744,0.3052174746990204,0.32639938592910767,1.9673513174057007,2.10677,2.103459,581,23883,24464,0.7995451,0.3888601064682007,0.8161841,0.9929888248443604,0.9946635,2.2409668,7.075974,0,5.195279,3.8863141536712646,4.967348575592041,2.6713948249816895,0.24928656220436096,2.2009406,7.075974,0,5.248141
A549,4,VIN,22,5,39.29,1,0.3449905514717102,0.022169236093759537,0.39398109912872314,0.006016036961227655,0.31799426674842834,2.601024866104126,0.0021655773743987083,0.45394355058670044,0.17301471531391144,0.3549991250038147,0.37930840253829956,2.1877033710479736,3.1379442,3.126473,592,48448,49040,0.6747988,0.8658249378204346,0.49244463,0.9950162768363953,0.94251573,4.4575925,10.353859,0,4.704893,2.601024866104126,4.21692419052124,1.9447376728057861,0.19238558411598206,4.480278,10.353859,0,4.7173996
A549,4,VIN,22,5,39.29,2,0.20041702687740326,0.00249328906647861,0.20218436419963837,0.0021579458843916655,0.1708480715751648,1.8826820850372314,0.0014571709325537086,0.3116395175457001,0.07827933132648468,0.2014031857252121,0.22085295617580414,1.2896162271499634,1.5968091,1.5926136,1000,72216,73216,0.4842206,0.7071672081947327,0.5727248,0.9913837909698486,0.9808995,2.730296,5.8364153,0,0.486627,1.8826820850372314,2.729074001312256,1.1980421543121338,0.06401839852333069,2.7420332,5.8364153,0,0.48239267
A549,4,VIN,22,5,39.29,3,0.2575927674770355,0.005855363328009844,0.26338425278663635,0.004461626522243023,0.2308567315340042,1.7309190034866333,0.018515776842832565,0.4282762110233307,0,0.3309621512889862,0.35192394256591797,2.019888401031494,1.8590395,1.8593735,263,126393,126656,1,0.9988974928855896,0.9625684,0.9994909763336182,0.9779646,2.7754946,7.0701914,0,1.0378375,1.7309190034866333,2.9322190284729004,0,0.8926081657409668,2.7776682,7.0701914,0,1.0358646
A549,4,VIN,22,5,39.29,4,0.25742316246032715,0.002774289110675454,0.2579330503940582,0.002648263704031706,0.2506205141544342,1.1499630212783813,0.002849364187568426,0.39114996790885925,0.11847597360610962,0.2940291166305542,0.3193400800228119,1.0119153261184692,1.3826938,1.3805795,300,52308,52608,1,0.9845338463783264,0.7649905,0.9919323921203613,0.9624272,1.7463106,3.6142192,0,0.20355445,1.1499630212783813,1.7702879905700684,0.8232021927833557,0.052290454506874084,1.7497306,3.6142192,0,0.20237066
A549,4,VIN,22,5,39.29,5,0.054493289440870285,0.0006945990025997162,0.059837158769369125,0.00044295279076322913,0.07037343084812164,0.3773055076599121,0.0017024605767801404,0.18305133283138275,0.009725961834192276,0.10390830785036087,0.13147348165512085,0.31218835711479187,0.41590154,0.4147526,374,33386,33760,0.74714446,0.4801168441772461,0.6155672,0.9596399664878845,0.97488725,0.45886454,0.85990936,0,0.031039719,0.3773055076599121,0.5893281102180481,0.15920479595661163,0.01418478973209858,0.45977822,0.85990936,0,0.031153176
A549,4,VIN,22,5,39.29,6,0.10297755151987076,0.005347225349396467,0.12995293736457825,0.0032424211967736483,0.1934325397014618,3.1071481704711914,0.0011418111389502883,0.29337015748023987,0.10229995846748352,0.2208193987607956,0.2353668063879013,2.2094836235046387,1.3329544,1.3385781,371,57453,57824,0.4044275,0.02022416889667511,0.7149516,0.9735000729560852,0.890324,1.8619629,6.631162,0,1.6539584,3.1071481704711914,4.55872106552124,1.7623366117477417,0.576753556728363,1.8539221,6.631162,0,1.6508375
A549,4,VIN,22,5,39.29,7,0.14501236379146576,0.0034579418133944273,0.14519597589969635,0.0034356596879661083,0.19290514290332794,2.4318249225616455,0.0025459404569119215,0.33800601959228516,0.10584096610546112,0.23467229306697845,0.2543465495109558,1.8845300674438477,1.7370064,1.7379885,300,44772,45072,0.9230599,0.7517403960227966,0.8300547,0.9931595921516418,0.96052897,2.754311,6.41716,0,0.50558263,2.4318249225616455,3.434965133666992,1.9151540994644165,0.14012427628040314,2.7564716,6.41716,0,0.5073299
A549,4,VIN,22,5,39.29,8,0.11964938789606094,0.007804695051163435,0.1669842153787613,0.0029881615191698074,0.11091743409633636,2.165301561355591,0.0004137613286729902,0.17119580507278442,0.05989585071802139,0.12790295481681824,0.13610120117664337,1.3374780416488647,1.6789212,1.6780194,100,37756,37856,0.99831414,-0.232292563,0.79580265,0.998507559299469,0.98183995,2.7862208,7.3739176,0,3.599609,2.165301561355591,2.544473171234131,1.791497826576233,0.025147410109639168,2.7878652,7.3739176,0,3.6080532
A549,4,VIN,23,5,39.29,1,0.10117626190185547,0.013798138126730919,0.22442156076431274,0.0029470843728631735,0.17640601098537445,1.604182481765747,0.0010759253054857254,0.2992396056652069,0.09783543646335602,0.20182770490646362,0.21971726417541504,1.1333556175231934,1.0444467,1.0449016,362,70374,70736,0.999255,0.9137799143791199,0.8507158,0.9865199327468872,0.93976575,1.2244984,6.372684,0,2.0969734,1.604182481765747,2.853567123413086,1.0488321781158447,0.14977741241455078,1.2225453,6.372684,0,2.106244
A549,4,VIN,23,5,39.29,2,0.09298531711101532,0.0009148427634499967,0.09379799664020538,0.0008466102881357074,0.11421767622232437,0.8745439052581787,0.0016607643337920308,0.23857007920742035,0.01850944198668003,0.14728115499019623,0.17009057104587555,0.653720498085022,0.7644497,0.76219565,726,34938,35664,0.9459126,0.7549524307250977,0.8786915,0.9799417853355408,0.98764104,1.1596451,2.0346017,0,0.047680918,0.8745439052581787,1.5788055658340454,0.5048398971557617,0.03192067891359329,1.1655694,2.0346017,0,0.046284284
A549,4,VIN,23,5,39.29,3,0.10745860636234283,0.006577547639608383,0.15728744864463806,0.0017901211977005005,0.17987115681171417,0.8577297329902649,0.0014722214546054602,0.28962597250938416,0.07622705399990082,0.21050390601158142,0.22769860923290253,0.6747782826423645,0.73245233,0.73176795,400,33312,33712,0.95585525,0.8250673413276672,0.8543836,0.9926278591156006,0.9834621,0.8427723,2.3916552,0,0.39914438,0.8577297329902649,1.170178771018982,0.5563012957572937,0.011604886502027512,0.8425926,2.3916552,0,0.4037951
A549,4,VIN,23,5,39.29,4,0.2357960343360901,0.012268845923244953,0.2661595642566681,0.0057671573013067245,0.20861190557479858,1.1785366535186768,0.002799934707581997,0.4400271773338318,0.0986778736114502,0.24897116422653198,0.2800701856613159,0.8928216695785522,1.2504885,1.2434672,800,39952,40752,0.70667446,-0.051217198,0.4266928,0.9754263162612915,0.94338137,1.8142785,4.9091935,0,0.9878935,1.1785366535186768,2.6666877269744873,0.6982626914978027,0.1142808347940445,1.8270086,4.9091935,0,0.99713165
A549,4,VIN,23,5,39.29,5,0.08891761302947998,0.005690168589353561,0.1405043751001358,0.0017432334134355187,0.12244464457035065,1.4034799337387085,0.0012502690078690648,0.2794662415981293,0.03444790467619896,0.14817538857460022,0.16990803182125092,0.9633290767669678,1.0224521,1.021522,766,47922,48688,0.9197476,0.7283627986907959,0.8861079,0.9908133149147034,0.97616005,1.1783754,3.3938253,0,0.9321475,1.4034799337387085,2.348877191543579,0.9859808087348938,0.06583380699157715,1.1747774,3.3938253,0,0.94517195
A549,4,VIN,23,5,39.29,6,0.1984506994485855,0.0017380480421707034,0.1984506994485855,0.0017380480421707034,0.19273118674755096,1.8781307935714722,0.0026537631638348103,0.356466680765152,0.0754118412733078,0.2335926592350006,0.263531357049942,1.4142524003982544,1.6976424,1.6895806,538,18374,18912,0.798399,0.7502451539039612,0.6387544,0.9937388300895691,0.9809876,2.5303826,5.2294083,1.1948162,0.4056807,1.8781307935714722,2.756810426712036,1.1948162317276,0.07174447178840637,2.549481,5.2294083,1.2456751,0.40263692
A549,4,VIN,23,5,39.29,7,0.23937752842903137,0.0021765418350696564,0.23937752842903137,0.0021765418350696564,0.19165779650211334,2.047253370285034,0.0026572225615382195,0.36545324325561523,0.10655878484249115,0.22970229387283325,0.26599615812301636,1.552076816558838,2.1123097,2.100075,420,18812,19232,0.8625107,0.6892687082290649,0.5560541,0.9908384680747986,0.9741761,3.009512,5.3384833,1.4411242,0.49541387,2.047253370285034,2.9767839908599854,1.4411242008209229,0.07334241271018982,3.0309956,5.3384833,1.4636875,0.48370284
A549,4,VIN,23,5,39.29,8,0.06638889014720917,0.00647298339754343,0.14132069051265717,0.0031894962303340435,0.09086994081735611,1.314709186553955,0.0039650569669902325,0.24811133742332458,0,0.14303018152713776,0.17044341564178467,0.8421549797058105,0.9431927,0.9416445,800,51408,52208,0.17835353,0.739297091960907,0.7179625,0.9653475880622864,0.9747586,1.0841724,4.156901,0,1.4143885,1.314709186553955,2.707710027694702,0,0.5588886737823486,1.0805848,4.156901,0,1.4268618
A549,4,VIN,24,5,39.29,1,0.2768137753009796,0.0045167384669184685,0.28183987736701965,0.0031821895390748978,0.2657795250415802,2.1724274158477783,0.0009215320460498333,0.3287827670574188,0.194536030292511,0.29131776094436646,0.3044270873069763,1.7248739004135132,1.9733816,1.9725233,165,47611,47776,0.8174388,0.9541687965393066,0.77543396,0.9872429370880127,0.9661356,2.9622958,5.9973025,0,0.5407666,2.1724274158477783,3.366586685180664,1.3322726488113403,0.28448548913002014,2.965033,5.9973025,0,0.5394851
A549,4,VIN,24,5,39.29,2,0.12298879772424698,0.00042608019430190325,0.12298879772424698,0.00042608019430190325,0.12842953205108643,0.7901028990745544,0.000740485789719969,0.23281270265579224,0.06742601841688156,0.1506706327199936,0.16613627970218658,0.616284191608429,0.7963747,0.79299176,1100,57460,58560,0.6599029,0.8912939429283142,0.7131418,0.9926932454109192,0.9802354,1.0973798,2.0626078,0.4991249,0.05866871,0.7901028990745544,1.3611533641815186,0.5452937483787537,0.012741032987833023,1.1032623,2.0626078,0.4991249,0.057705797
A549,4,VIN,24,5,39.29,3,0.11089468002319336,0.0017826338298618793,0.11757311224937439,0.0011047867592424154,0.09448971599340439,1.3966097831726074,0.000525677518453449,0.18183311820030212,0.04170606657862663,0.11259785294532776,0.12487172335386276,0.8757790923118591,1.0054392,1.0041431,400,39616,40016,0.93650824,-0.061042488,0.74945295,0.9969989061355591,0.9931336,1.758343,3.8156261,0,0.29580703,1.3966097831726074,1.8004579544067383,1.0441184043884277,0.01962682604789734,1.7619952,3.8156261,0,0.2972611
A549,4,VIN,24,5,39.29,4,0.051944244652986526,0.0033852134365588427,0.10917577892541885,0.0008667024085298181,0.052810151129961014,0.5742218494415283,0.0022306006867438555,0.16521434485912323,0,0.09504234790802002,0.11237893253564835,0.5668091177940369,0.7520204,0.74987054,872,74248,75120,0.59656864,0.7407659292221069,0.7016809,0.9123127460479736,0.9659111,0.68669397,2.8344896,0,0.57809687,0.5742218494415283,2.1130220890045166,0,0.3135218918323517,0.6880149,2.8344896,0,0.5810539
A549,4,VIN,24,5,39.29,5,0.14405915141105652,0.000783993978984654,0.14405915141105652,0.000783993978984654,0.14013800024986267,1.4243122339248657,0.0012367578456178308,0.260126531124115,0.04172904044389725,0.16767250001430511,0.1863865703344345,1.0800188779830933,1.4957047,1.4853872,1023,40193,41216,0.6344629,0.8630887269973755,0.5591779,0.9934218525886536,0.9750002,2.1237988,3.97944,0.95993,0.23552631,1.4243122339248657,1.9294037818908691,1.0221621990203857,0.03286644071340561,2.141602,3.97944,0.95993,0.22791418
A549,4,VIN,24,5,39.29,6,0.07394696027040482,0.010531456209719181,0.20406027138233185,0.002511111553758383,0.19121457636356354,1.9085193872451782,0.0037966459058225155,0.32458677887916565,0.039834972470998764,0.24192065000534058,0.266987681388855,1.3368948698043823,0.8558589,0.85930866,400,55376,55776,0.6694786,0.9309756755828857,0.8776987,0.9511006474494934,0.9189694,0.6738909,4.559711,0,0.8726358,1.9085193872451782,3.2974741458892822,0.9691242575645447,0.418671190738678,0.6649728,4.559711,0,0.86482483
A549,4,VIN,24,5,39.29,7,0.16191667318344116,0.0024833495263010263,0.16194121539592743,0.002479750895872712,0.09137549251317978,0.5382471680641174,0.0005606830818578601,0.15413470566272736,0.024518338963389397,0.11021005362272263,0.12162254005670547,0.425663560628891,0.96972275,0.9639918,556,52228,52784,0.08289974,-0.094594315,-0.4691662,0.9908089637756348,0.91891664,1.4068247,3.1755245,0,0.4040602,0.5382471680641174,0.7618424296379089,0.3636898696422577,0.006079342216253281,1.4160713,3.1755245,0,0.40018016
A549,4,VIN,24,5,39.29,8,0.2585565149784088,0.000680075550917536,0.2585565149784088,0.000680075550917536,0.2541799545288086,2.0135750770568848,0.00040730510954745114,0.3074595332145691,0.20422008633613586,0.270507813,0.28068792819976807,1.7205959558486938,2.0486898,2.0457947,300,33700,34000,0.8929308,0.8009775876998901,0.7959783,0.9978777766227722,0.9902797,2.5457637,5.146119,1.6538252,0.21440758,2.0135750770568848,2.450347900390625,1.6572835445404053,0.02380066178739071,2.550501,5.146119,1.6538252,0.21356063
A549,4,VIN,24,5,39.29,9,0.279072105884552,0.010873853228986263,0.2980629801750183,0.005953335668891668,,,,,,,,,2.1691191,2.1691191,0,61760,61760,0.9970452,,0.5252486,,0.95258033,3.363123,7.9911833,0,2.1876588,,,,,3.363123,7.9911833,0,2.1876588
A549,4,VIN,24,5,39.29,10,0.11908785253763199,0.010447284206748009,0.18897943198680878,0.0033706286922097206,,,,,,,,,1.0041203,1.0041203,0,51520,51520,0.9536308,,0.96320164,,0.9406083,1.2266839,3.6832702,0,0.9896734,,,,,1.2266839,3.6832702,0,0.9896734
A549,4,VIN,24,5,39.29,11,0.10292892158031464,0.011531240306794643,0.2068156599998474,0.0016843813937157393,0.19736161828041077,1.512959599494934,0.0019852283876389265,0.3471073806285858,0.11017873883247375,0.23182132840156555,0.25513723492622375,1.203094482421875,0.84613925,0.848225,270,45938,46208,0.6900277,0.9501277804374695,0.9553356,0.9917428493499756,0.94517606,0.7455012,2.8109355,0,0.62281257,1.512959599494934,1.8178040981292725,1.0553183555603027,0.03572675958275795,0.7409906,2.8109355,0,0.62278104
A549,4,VIN,24,5,39.29,12,0.19102035462856293,0.0020057689398527145,0.19144898653030396,0.001928206067532301,0.14618563652038574,1.8306305408477783,0.001286163693293929,0.27421435713768005,0.07917660474777222,0.17248491942882538,0.19498811662197113,1.22621750831604,1.6028936,1.6002021,300,41684,41984,0.8811448,0.17585857212543488,0.4868152,0.9947563409805298,0.9821454,2.7762873,5.4454308,0,0.449311,1.8306305408477783,2.3506057262420654,1.3568685054779053,0.041109733283519745,2.783093,5.4454308,0,0.44576648
A549,4,VIN,24,5,39.29,13,0.27369236946105957,0.001366809126920998,0.2737550735473633,0.0013499562628567219,0.22614923119544983,1.837369680404663,0.0025055352598428726,0.375074565410614,0.11614566296339035,0.26435837149620056,0.29363125562667847,1.531165361404419,1.8837132,1.879237,388,30172,30560,0.9953335,0.7992600202560425,0.8519404,0.9936965703964233,0.9740703,2.444536,4.227491,0,0.26897642,1.837369680404663,2.2196121215820312,1.3070695400238037,0.03739277645945549,2.4523435,4.227491,0,0.26715282
A549,4,VIN,25,5,39.29,1,0.2600727379322052,0.0019286742899566889,0.2600727379322052,0.0019286742899566889,0.22843416035175323,2.615609645843506,0.0009241286898031831,0.3025416433811188,0.15435002744197845,0.25343772768974304,0.26627659797668457,2.0719456672668457,3.053749,3.0401754,336,23968,24304,0.46063817,0.696006178855896,0.030505445,0.9912689328193665,0.96811295,4.0884624,6.673103,1.7751986,0.96518433,2.615609645843506,3.8056304454803467,1.7751985788345337,0.14924810826778412,4.10911,6.673103,2.0001864,0.94578576
A549,4,VIN,25,5,39.29,2,0.2326211780309677,0.0011337266769260168,0.2326211780309677,0.0011337266769260168,0.20000901818275452,2.2756831645965576,0.001027095946483314,0.3075001537799835,0.1295926868915558,0.22512447834014893,0.24339386820793152,1.722973346710205,2.359325,2.3485634,470,27322,27792,0.59733814,0.7078263759613037,0.4269443,0.9908708930015564,0.9810886,3.3131301,5.3344045,1.5207454,0.36546373,2.2756831645965576,3.2550158500671387,1.6323915719985962,0.1005624309182167,3.3309765,5.3344045,1.5207454,0.3511874
A549,4,VIN,25,5,39.29,3,0.318317174911499,0.0027348115108907223,0.318317174911499,0.0027348115108907223,0.2671409249305725,3.459913969039917,0.0010979454964399338,0.3515845835208893,0.16544018685817719,0.2940680980682373,0.30967506766319275,2.534025192260742,3.2351227,3.2250814,555,38197,38752,0.45177087,0.04958284646272659,0.1235164,0.9928727746009827,0.97489125,4.4601607,7.318049,1.9186541,0.7515604,3.459913969039917,4.6654582023620605,2.597424030303955,0.16656289994716644,4.4746943,7.318049,1.9186541,0.74531204
A549,4,VIN,25,5,39.29,4,0.2261601984500885,0.0017154952511191368,0.2261601984500885,0.0017154952511191368,0.18133844435214996,1.5866962671279907,0.0016954558668658137,0.30606311559677124,0.10448899865150452,0.21511174738407135,0.23701107501983643,1.2150555849075317,1.9212924,1.9146144,333,34883,35216,0.94216096,0.8554354906082153,0.5693039,0.9940522313117981,0.9700227,2.812303,5.5055537,1.044377,0.43833768,1.5866962671279907,2.2539870738983154,1.1600122451782227,0.04328429698944092,2.8240027,5.5055537,1.044377,0.4276326
A549,4,VIN,25,5,39.29,5,0.17718856036663055,0.001134683028794825,0.17742426693439484,0.0010943720117211342,0.16847336292266846,1.3730685710906982,0.0005542554426938295,0.2452848255634308,0.12518998980522156,0.1874929666519165,0.19998100399971008,0.9852351546287537,1.085978,1.0847614,200,16360,16560,0.6662798,0.0589090958237648,0.52949446,0.9969638586044312,0.98276705,1.5993354,2.846401,0,0.10095841,1.3730685710906982,1.776064157485962,1.0794943571090698,0.019369494169950485,1.6021017,2.846401,0,0.1013223
A549,4,VIN,25,5,39.29,6,0.050111401826143265,0.00374873960390687,0.10563268512487411,0.002037320053204894,0.0835101455450058,2.01072096824646,0.001128638512454927,0.19215892255306244,0,0.11012892425060272,0.1268414556980133,1.047584891319275,1.2929456,1.2904464,500,48588,49088,0.9237107,0.33100029826164246,0.7642993,0.9969217777252197,0.99058086,1.2692999,5.462767,0,1.9202647,2.01072096824646,2.951683521270752,1.4454090595245361,0.06147370859980583,1.2616701,5.462767,0,1.9336778
A549,4,VIN,25,5,39.29,7,0.2612718939781189,0.0025483279023319483,0.2612718939781189,0.0025483279023319483,0.21388664841651917,3.694923162460327,0.00569345336407423,0.37507811188697815,0.07952195405960083,0.27798423171043396,0.31578996777534485,2.998711109161377,3.5851276,3.5793076,269,26835,27104,0.29980665,0.9730899333953857,0.9365379,0.9962783455848694,0.993511,4.820375,7.3504944,2.761628,0.4826932,3.694923162460327,4.525422096252441,3.0641863346099854,0.06544705480337143,4.831657,7.3504944,2.761628,0.47405136
A549,4,VIN,25,5,39.29,8,0.03503386303782463,0.00326338573358953,0.11059140413999557,0.0019455172587186098,0.07946907728910446,1.1532822847366333,0.0007644016877748072,0.15217238664627075,0,0.10123543441295624,0.11461115628480911,0.7085891962051392,1.0119264,1.0098293,100,14364,14464,0.98190975,0.10855302959680557,0.6025681,0.9977081418037415,0.9858791,0.5874018,3.5191958,0,0.8229555,1.1532822847366333,1.4159849882125854,0,0.02558649703860283,0.58346224,3.5191958,0,0.8262619
A549,4,VIN,25,5,39.29,9,0.202962726354599,0.004200078547000885,0.2146613597869873,0.0019309248309582472,0.17801189422607422,1.726597547531128,0.0008147358312271535,0.2403847724199295,0.11100900918245316,0.2011193484067917,0.21340930461883545,1.0969945192337036,1.4020002,1.4010757,100,32892,32992,0.3811776,-0.089555636,0.80752766,0.9962578415870667,0.9690169,2.367225,5.1171837,0,0.59822655,1.726597547531128,2.239309787750244,1.310930609703064,0.02981719933450222,2.3691728,5.1171837,0,0.598703
A549,4,VIN,25,5,39.29,10,0.21906070411205292,0.006366061046719551,0.21906070411205292,0.006366061046719551,0.17497627437114716,1.6954162120819092,0.003455342259258032,0.3559702932834625,0.05914783477783203,0.22359918057918549,0.25201287865638733,1.3296360969543457,1.8055631,1.8000671,672,57520,58192,0.5751804,0.7085487246513367,0.5042656,0.9493499994277954,0.9048342,2.3374639,5.3068156,0.72216403,0.93137467,1.6954162120819092,3.1691761016845703,0.835024893283844,0.28593936562538147,2.3449645,5.3068156,0.72216403,0.934043
A549,4,VIN,26,5,39.29,1,0.2582075595855713,0.0021627028472721577,0.2582075595855713,0.0021627028472721577,0.2206241488456726,2.9758358001708984,0.001215953379869461,0.2986811101436615,0.12584196031093597,0.24908597767353058,0.26529499888420105,2.3501250743865967,3.3412442,3.3277953,335,24353,24688,0.70760757,0.5863524079322815,0.31922555,0.9912847280502319,0.96678656,4.5222187,8.578559,1.7802181,1.3814172,2.9758358001708984,3.6990151405334473,2.151045560836792,0.14849191904067993,4.5434904,8.578559,1.7802181,1.3650299
A549,4,VIN,26,5,39.29,2,0.08237948268651962,0.013555477373301983,0.23853610455989838,0.0020019393414258957,0.20075219869613647,1.4964035749435425,0.0039726984687149525,0.32891854643821716,0,0.24776585400104523,0.2761552333831787,1.1093322038650513,0.93089724,0.9321066,433,63455,63888,0.5683985,0.7078607082366943,0.8033266,0.9759353399276733,0.944691,0.6948489,3.787954,0,0.9562924,1.4964035749435425,2.6257269382476807,0,0.20314915478229523,0.68937933,3.787954,0,0.9570177
A549,4,VIN,26,5,39.29,3,0.05421767756342888,0.006276926025748253,0.15632641315460205,0.002136038616299629,0.20351599156856537,2.9366164207458496,0.0003415274550206959,0.25314900279045105,0.14562714099884033,0.21834762394428253,0.22707892954349518,2.035109043121338,0.9428452,0.9460578,100,33900,34000,0.4555304,0.5847418308258057,0.84018105,0.9955937266349792,0.93254405,0.7443897,4.368193,0,1.1443199,2.9366164207458496,3.590587615966797,2.4187469482421875,0.07546506077051163,0.73792297,4.368193,0,1.1332544
A549,4,VIN,26,5,39.29,4,0.22186140716075897,0.0009756144718267024,0.22186140716075897,0.0009756144718267024,0.23463185131549835,1.77593195438385,0.002997352508828044,0.3096952438354492,0.09191838651895523,0.28124818205833435,0.2921709716320038,1.506232738494873,1.5122448,1.5121832,239,23009,23248,0.87613964,0.8420373201370239,0.8936688,0.972108006477356,0.9874212,1.972594,3.1573071,1.0994009,0.06179325,1.77593195438385,2.37603759765625,1.0994008779525757,0.13493992388248444,1.9746369,3.1573071,1.1462407,0.060627554
A549,4,VIN,26,5,39.29,5,0.1456623524427414,0.007741720415651798,0.1862877458333969,0.0023328810930252075,0.2666919231414795,2.773472785949707,0.0003838363627437502,0.31751325726509094,0.22174890339374542,0.2824527621269226,0.2910081148147583,2.3612046241760254,1.0900389,1.0928831,90,40134,40224,0.4754073,0.8298416137695312,0.9287579,0.998507559299469,0.9493421,1.3571423,3.1522527,0,0.62185055,2.773472785949707,3.0948400497436523,2.5378258228302,0.01245119422674179,1.3539662,3.1522527,0,0.61870867
A549,4,VIN,26,5,39.29,6,0.31125837564468384,0.002159714000299573,0.31125837564468384,0.002159714000299573,0.24707651138305664,2.14569354057312,0.0005852130125276744,0.29952555894851685,0.18994513154029846,0.26726487278938293,0.27705565094947815,1.8587701320648193,2.720726,2.705111,400,21680,22080,0.1273059,0.502755880355835,-0.107292645,0.9955974221229553,0.96095586,2.920718,5.208879,1.5630157,0.5097604,2.14569354057312,2.528364658355713,1.8023039102554321,0.02460378222167492,2.9350176,5.208879,1.5630157,0.50742483
A549,4,VIN,26,5,39.29,7,0.25563961267471313,0.001844727317802608,0.25745508074760437,0.0013904221123084426,0.2284131646156311,1.812488317489624,0.0010899532353505492,0.33067047595977783,0.1483674943447113,0.2540040612220764,0.2720333933830261,1.3749269247055054,1.5405524,1.5384254,346,26598,26944,0.7579075,0.6021997928619385,0.64956117,0.9952465295791626,0.98890704,2.1968622,3.9962285,0,0.17877586,1.812488317489624,2.623384714126587,1.3294620513916016,0.05189649760723114,2.2018623,3.9962285,0,0.17847946
A549,4,VIN,26,5,39.29,8,0.3361223340034485,0.0022655855864286423,0.3361223340034485,0.0022655855864286423,0.3123985230922699,2.1662540435791016,0.003901943564414978,0.43861666321754456,0.19204141199588776,0.3641063868999481,0.39309537410736084,2.0540213584899902,2.118716,2.118303,173,26931,27104,0.7447018,0.6703324317932129,0.91124666,0.994537889957428,0.9935614,2.4625218,3.7885795,1.5576135,0.081929736,2.1662540435791016,2.6696527004241943,1.688466191291809,0.05253283679485321,2.464425,3.7885795,1.5576135,0.08155111
A549,4,VIN,26,5,39.29,9,0.15633760392665863,0.0010223762365058064,0.15633760392665863,0.0010223762365058064,0.14641480147838593,1.0222989320755005,0.0029807479586452246,0.2992747724056244,0.059032026678323746,0.19312693178653717,0.22232909500598907,0.8212091326713562,0.9122751,0.91060096,500,26700,27200,0.43537718,0.7260567545890808,0.78498197,0.9952910542488098,0.9856914,1.1573418,1.9890324,0.7620242,0.054994453,1.0222989320755005,1.2508994340896606,0.7834209203720093,0.0085566695779562,1.1598707,1.9890324,0.7620242,0.05551617
A549,4,VIN,29,5,39.29,1,0.21071311831474304,0.0013167188735678792,0.21072271466255188,0.0013147619320079684,0.19618205726146698,1.5623838901519775,0.0014445141423493624,0.3198276460170746,0.09398511052131653,0.22644488513469696,0.24613918364048004,1.2281330823898315,1.5236467,1.5202912,500,43532,44032,0.82350594,0.7915194034576416,0.6695986,0.994757890701294,0.9835774,2.1052237,3.690673,0,0.18035415,1.5623838901519775,2.1542303562164307,1.1191678047180176,0.03341766819357872,2.1114588,3.690673,0,0.17861837
A549,4,VIN,29,5,39.29,2,0.2904989421367645,0.006452682428061962,0.2964956760406494,0.004807875491678715,0.2473328411579132,1.1804301738739014,0.0045951958745718,0.40554389357566833,0.07982088625431061,0.3037010729312897,0.33528417348861694,1.0181057453155518,1.5606786,1.5542744,576,48224,48800,0.9620781,0.8775757551193237,0.68398213,0.9915208220481873,0.97054577,2.314046,5.429215,0,0.531518,1.1804301738739014,1.9069678783416748,0.8828091621398926,0.030482377856969833,2.3275862,5.429215,0,0.5219697
A549,4,VIN,29,5,39.29,3,0.21252162754535675,0.0015871289651840925,0.21252162754535675,0.0015871289651840925,0.17652079463005066,1.8818495273590088,0.0013557655038312078,0.28149551153182983,0.0886683315038681,0.20651933550834656,0.22763900458812714,1.3480676412582397,1.6898515,1.6812855,482,18750,19232,0.7368907,0.39878377318382263,0.18067326,0.9928566217422485,0.9881165,2.5341473,4.2718954,1.2469766,0.20248444,1.8818495273590088,2.7206990718841553,1.3849668502807617,0.05955176800489426,2.5509157,4.2718954,1.2469766,0.19493958
A549,4,VIN,29,5,39.29,4,0.1874174028635025,0.0012431967770680785,0.18742547929286957,0.0012417351827025414,0.15907298028469086,1.5525470972061157,0.0006849970668554306,0.20542877912521362,0.10190707445144653,0.18048103153705597,0.19239011406898499,1.1257699728012085,1.3576233,1.3566233,100,23084,23184,0.7845388,0.41002345085144043,0.5262893,0.9966344833374023,0.9881715,1.9857856,3.5599906,0,0.1357854,1.5525470972061157,1.8669865131378174,1.2297025918960571,0.021229662001132965,1.9876622,3.5599906,0,0.13546504
A549,4,VIN,29,5,39.29,5,0.2669641673564911,0.0013060100609436631,0.2669641673564911,0.0013060100609436631,0.2858179211616516,2.69610333442688,0.003140439745038748,0.4128349721431732,0.14634065330028534,0.3329419195652008,0.3571377694606781,2.3596906661987305,2.7142878,2.709577,437,32459,32896,0.8914846,0.9651463031768799,0.9169441,0.9981019496917725,0.9911847,3.7123637,6.6929283,1.8728309,0.5642636,2.69610333442688,3.8135523796081543,1.9994078874588013,0.1132654994726181,3.726046,6.6929283,1.8728309,0.5562437
A549,4,VIN,29,5,39.29,6,0.06027527526021004,0.009644336998462677,0.19964253902435303,0.00412013940513134,0.17886094748973846,2.9864284992218018,0.004476028028875589,0.38494715094566345,0.0350850448012352,0.23259396851062775,0.2679848372936249,1.5299644470214844,1.7444403,1.7427175,384,47424,47808,0.85485387,-0.243208796,0.64026266,0.9755860567092896,0.98977983,1.0256387,7.0155954,0,2.575976,2.9864284992218018,4.969144344329834,1.6740055084228516,0.6297600269317627,1.0097618,7.0155954,0,2.5603514
A549,4,VIN,29,5,39.29,7,0.2751231789588928,0.002731942804530263,0.275240957736969,0.00270069413818419,0.260513573884964,2.4973747730255127,0.0033290155697613955,0.3936947286128998,0.13439299166202545,0.3092774450778961,0.3390003740787506,1.9598772525787354,2.343853,2.3385768,578,41486,42064,0.95983976,0.4481724500656128,0.584247,0.990544855594635,0.97458863,3.5443947,7.2310743,0,0.7859169,2.4973747730255127,3.6623709201812744,1.651781678199768,0.17030318081378937,3.5589821,7.2310743,0,0.7790077
A549,4,VIN,29,5,39.29,8,0.11269915848970413,0.0047521935775876045,0.1481364369392395,0.0009969264501705766,0.08111856877803802,0.5931636095046997,0.0034547268878668547,0.19017428159713745,0,0.13101352751255035,0.14416025578975677,0.6305952072143555,0.8706939,0.86796474,329,28615,28944,0.9160229,0.7928351163864136,0.5250444,0.9901978969573975,0.98913276,0.9535235,2.0673473,0,0.3190822,0.5931636095046997,1.0724833011627197,0,0.1603098064661026,0.9576667,2.0673473,0,0.31939748
A549,4,VIN,29,5,39.29,9,0.24347062408924103,0.001856080605648458,0.24347062408924103,0.001856080605648458,0.2050904780626297,1.6255863904953003,0.0018697987543419003,0.3602258265018463,0.10509781539440155,0.2389913648366928,0.265092670917511,1.2855225801467896,1.6700114,1.656645,836,23212,24048,0.63602585,0.4021427631378174,0.26234686,0.9914951920509338,0.9759054,2.1896322,4.407891,1.111345,0.2972092,1.6255863904953003,2.4778826236724854,1.1113450527191162,0.05859752371907234,2.2099469,4.407891,1.1911342,0.29393196
A549,4,VIN,29,5,39.29,10,0.17843379080295563,0.002782532013952732,0.18329347670078278,0.0019675656221807003,0.17973215878009796,1.6963629722595215,0.003602231852710247,0.393113911151886,0.042858876287937164,0.22463759779930115,0.2622780501842499,1.228576898574829,1.2345712,1.2344687,520,29880,30400,0.80502397,0.12947508692741394,0.8299172,0.9842748641967773,0.99057925,1.8082457,3.4630878,0,0.19473709,1.6963629722595215,2.600609540939331,0.9699771404266357,0.14482593536376953,1.8101927,3.4630878,0,0.19538407
A549,4,VIN,29,5,39.29,11,0.19196002185344696,0.0040476443246006966,0.19584134221076965,0.003369362559169531,0.1843327134847641,2.270047664642334,0.004356325604021549,0.32320213317871094,0.00823585968464613,0.23997196555137634,0.26479676365852356,1.6774041652679443,2.1906068,2.1864808,243,29981,30224,0.98849386,0.9471912384033203,0.7097402,0.9952713251113892,0.97966987,3.8591998,8.960564,0,1.1876643,2.270047664642334,3.11118221282959,1.6588536500930786,0.11476694047451019,3.87208,8.960564,0,1.1757256
A549,4,VIN,29,5,39.29,12,0.24558702111244202,0.016516223549842834,0.29475778341293335,0.0053295958787202835,0.22302314639091492,1.4163695573806763,0.004611257463693619,0.43069204688072205,0,0.276608407497406,0.30850306153297424,1.0873143672943115,1.4332992,1.4277812,987,60901,61888,0.38040948,0.5791851282119751,0.3720894,0.9900569319725037,0.9625768,1.8742603,4.8616295,0,1.0905017,1.4163695573806763,2.2812299728393555,0,0.06823704391717911,1.8816812,4.8616295,0,1.1036161
A549,4,VIN,3,5,39.29,1,0.04424366354942322,0.0036451315972954035,0.11426371335983276,0.0014131697826087475,0.1571502536535263,0.8142804503440857,0.005339063238352537,0.2968924939632416,0,0.21578273177146912,0.2407628744840622,0.7324962019920349,0.8070729,0.8065471,692,97452,98144,0.88586336,0.9138205051422119,0.86586547,0.9807605147361755,0.9775559,0.45621732,2.6641288,0,0.37130654,0.8142804503440857,1.7433353662490845,0,0.10673089325428009,0.4536747,2.6641288,0,0.3722684
A549,4,VIN,3,5,39.29,2,0.07554357498884201,0.0043319095857441425,0.1242736428976059,0.001070384751074016,0.09835605323314667,0.7970004677772522,0.0015770598547533154,0.20933973789215088,0,0.1295669674873352,0.15058499574661255,0.6733787655830383,0.8562524,0.85430634,276,25660,25936,0.79691,0.5330529808998108,0.60207826,0.9935411810874939,0.9822767,0.7425869,2.1305375,0,0.39112973,0.7970004677772522,1.1517091989517212,0,0.04020293802022934,0.74200165,2.1305375,0,0.39487216
A549,4,VIN,3,5,39.29,3,0.149820014834404,0.014871700666844845,0.22557801008224487,0.00530238589271903,0.14190635085105896,1.4122872352600098,0.0016094364691525698,0.32031628489494324,0.03776140883564949,0.17289209365844727,0.19280922412872314,1.0479518175125122,1.5845506,1.5794002,600,61912,62512,0.48048902,0.7139548063278198,0.50827473,0.9912912845611572,0.94901747,1.7844157,5.986867,0,2.2742593,1.4122872352600098,2.227259635925293,0.9101195335388184,0.0659402459859848,1.788022,5.986867,0,2.2943053
A549,4,VIN,3,5,39.29,4,0.13934201002120972,0.0006551318801939487,0.13934201002120972,0.0006551318801939487,0.15536299347877502,1.8176348209381104,0.0017042179824784398,0.23619681596755981,0.053658243268728256,0.18792571127414703,0.20226508378982544,1.4226301908493042,1.486622,1.486214,217,33831,34048,0.8577583,0.23184996843338013,0.8235201,0.9946735501289368,0.9904565,1.9917119,3.048181,1.2816532,0.09135335,1.8176348209381104,2.407395124435425,1.3869010210037231,0.042775750160217285,1.9928286,3.048181,1.2816532,0.09146932
A549,4,VIN,3,5,39.29,5,0.10865812003612518,0.0011218748986721039,0.10886131227016449,0.001101853558793664,0.11347904801368713,1.110527515411377,0.0026779132895171642,0.2468755841255188,0.013096973299980164,0.15623722970485687,0.18483547866344452,0.8667392730712891,1.0157866,1.0134894,289,18463,18752,0.90654117,0.966158390045166,0.862985,0.9967390298843384,0.98898125,1.3574157,2.4354606,0.74880904,0.06429979,1.110527515411377,1.371138334274292,0.9478973746299744,0.006630906369537115,1.3612802,2.4354606,0.74880904,0.06423344
A549,4,VIN,3,5,39.29,6,0.06467819213867188,0.006162895355373621,0.1321200579404831,0.003678704844787717,0.09245909005403519,3.337611436843872,0.0038738870061933994,0.27561652660369873,0,0.14320239424705505,0.17164084315299988,1.7535396814346313,1.7404419,1.7406093,654,50498,51152,0.6896379,0.194151371717453,0.6500629,0.9875599145889282,0.9877177,2.1322873,7.6573496,0,4.80196,3.337611436843872,4.973239421844482,0,2.0218260288238525,2.116677,7.6573496,0,4.8189073
A549,4,VIN,30,5,39.29,1,0.10404148697853088,0.0011748226825147867,0.1065605953335762,0.000934830866754055,0.11945927888154984,0.8163256049156189,0.0008142450824379921,0.18006578087806702,0.05052654817700386,0.1425754725933075,0.15473368763923645,0.5835590958595276,0.62454355,0.6242584,176,25120,25296,0.7824866,0.2646225094795227,0.71633816,0.994996964931488,0.99374247,0.9427712,1.9118112,0,0.048554182,0.8163256049156189,1.0905872583389282,0.5682746767997742,0.012728826142847538,0.9436571,1.9118112,0,0.04869238
A549,4,VIN,30,5,39.29,2,0.17542968690395355,0.024577531963586807,0.29849088191986084,0.005085655953735113,0.21335221827030182,2.416550874710083,0.0024693887680768967,0.32832372188568115,0.10028084367513657,0.25482678413391113,0.2777203321456909,1.5267643928527832,1.6860113,1.6853461,203,48405,48608,0.8378099,0.6864033937454224,0.72942877,0.9856227040290833,0.9562236,2.2171192,7.633124,0,4.002217,2.416550874710083,3.7645156383514404,1.487699031829834,0.40807443857192993,2.216283,7.633124,0,4.0171223
A549,4,VIN,30,5,39.29,3,0.053585488349199295,0.007329985499382019,0.17633056640625,0.0024766374845057726,0.11812791973352432,1.4462945461273193,0.002993830945342779,0.23211301863193512,0,0.1606341153383255,0.1796409785747528,0.8405377864837646,1.0730885,1.0725082,100,39980,40080,0.5649317,0.2737780511379242,0.38205224,0.9972835779190063,0.9819721,0.79616696,5.243484,0,1.6185154,1.4462945461273193,2.000986337661743,0,0.25946035981178284,0.79454076,5.243484,0,1.6208549
A549,4,VIN,30,5,39.29,4,0.2436404824256897,0.023577136918902397,0.3174791634082794,0.007280271966010332,0.24011828005313873,2.667013645172119,0.006764963269233704,0.4220980405807495,0.007765454240143299,0.3057887852191925,0.34639665484428406,1.9225910902023315,2.2614124,2.259519,332,59076,59408,0.9830629,0.7595670819282532,0.6929323,0.988723635673523,0.9568069,3.470847,9.843869,0,5.1226215,2.667013645172119,4.07450008392334,1.772387146949768,0.2427474856376648,3.4753647,9.843869,0,5.1463943
A549,4,VIN,30,5,39.29,5,0.1631176471710205,0.04329334571957588,0.4136488437652588,0.006155337672680616,0.34098294377326965,3.132040023803711,0.006204498000442982,0.5890486836433411,0.17360682785511017,0.40504753589630127,0.4449024200439453,2.1250603199005127,1.625195,1.6312914,1115,90309,91424,0.9768816,0.7080812454223633,0.7910961,0.9905446767807007,0.89059156,1.7155643,8.547102,0,4.920113,3.132040023803711,4.8761305809021,1.9085336923599243,0.36265501379966736,1.6980757,8.547102,0,4.951303
A549,4,VIN,30,5,39.29,6,0.07683383673429489,0.008830595761537552,0.17898522317409515,0.002287374110892415,0.15504738688468933,1.209283709526062,0.001604318036697805,0.23399485647678375,0.07850278168916702,0.1881592869758606,0.20711544156074524,0.7234281301498413,0.7587418,0.7585298,100,16556,16656,0.8642184,-0.039367631,0.77120227,0.9968098998069763,0.9952003,0.6071967,2.3963196,0,0.51127315,1.209283709526062,1.5657479763031006,0.8855688571929932,0.019853001460433006,0.60356,2.3963196,0,0.51203865
A549,4,VIN,31,5,39.29,1,0.218362495303154,0.0029797586612403393,0.21918314695358276,0.0028110884595662355,0.1507066935300827,1.58298659324646,0.001410200959071517,0.2441093921661377,0.05342838168144226,0.18060600757598877,0.1987774670124054,1.0609550476074219,1.5163819,1.5080112,432,23072,23504,0.6008436,-0.031994909,0.17267641,0.9915202260017395,0.97883856,2.4704995,5.8711267,0,0.36875567,1.58298659324646,2.333822250366211,1.1421630382537842,0.05765409395098686,2.4871173,5.8711267,0,0.35955608
A549,4,VIN,31,5,39.29,2,0.13910053670406342,0.0016354166436940432,0.1391887217760086,0.0016241793055087328,0.13159461319446564,1.3156582117080688,0.0013698622351512313,0.2814745306968689,0.05084868520498276,0.16037800908088684,0.18120630085468292,0.9470534920692444,1.3074564,1.3018165,494,31074,31568,0.8763173,0.7296501398086548,0.47897056,0.9923949241638184,0.9725781,2.1966312,6.1968856,0,0.5007906,1.3156582117080688,1.9360160827636719,0.9007021188735962,0.03173306584358215,2.2106364,6.1968856,0,0.49571308
A549,4,VIN,31,5,39.29,3,0.1499488353729248,0.009359422139823437,0.19408370554447174,0.003548352513462305,0.17325948178768158,2.943558931350708,0.004021045286208391,0.3958186209201813,0.01711459830403328,0.2220936268568039,0.257020503282547,2.0153615474700928,2.4228961,2.418108,732,61572,62304,0.93794715,0.6656259894371033,0.7761039,0.9846450090408325,0.964484,3.825406,11.684379,0,5.7352,2.943558931350708,4.995269298553467,1.745440125465393,0.5001345872879028,3.8358898,11.684379,0,5.7880816
A549,4,VIN,31,5,39.29,4,0.23923276364803314,0.010843606665730476,0.26848122477531433,0.0043166750110685825,0.2345258593559265,2.345712184906006,0.0030657718889415264,0.40604260563850403,0.010769110172986984,0.27847975492477417,0.30433422327041626,1.536860466003418,1.6157482,1.614411,1180,68436,69616,0.8177219,-0.09428522,0.7081731,0.9754043221473694,0.9695951,2.7106338,6.449098,0,1.3292049,2.345712184906006,3.897034168243408,1.1459680795669556,0.3105841279029846,2.7169263,6.449098,0,1.3444327
A549,4,VIN,31,5,39.29,5,0.1020069420337677,0.013376655988395214,0.21930642426013947,0.003034163499251008,0.18503327667713165,2.229789972305298,0.0019101421348750591,0.29272428154945374,0.07661215215921402,0.21951895952224731,0.24100853502750397,1.1197783946990967,1.1663195,1.1659188,100,11516,11616,0.7453412,0.031119756400585175,0.60036033,0.9974133968353271,0.99133694,1.1011481,4.13367,0,1.5119182,2.229789972305298,2.834634304046631,1.7730687856674194,0.059926681220531464,1.0913475,4.13367,0,1.5133693
A549,4,VIN,32,5,39.29,1,0.3630584478378296,0.050724368542432785,0.48156505823135376,0.010212739929556847,,,,,,,,,5.7586045,5.7586045,0,51616,51616,0.33232746,,0.34442782,,0.93530357,6.9352264,17.168379,0,19.584812,,,,,6.9352264,17.168379,0,19.584812
A549,4,VIN,32,5,39.29,2,0.20615093410015106,0.003878629067912698,0.21029755473136902,0.0030846225563436747,0.1568600833415985,0.9197263717651367,0.003440545406192541,0.3378690481185913,0.02999267168343067,0.2028275430202484,0.23710240423679352,0.7021887302398682,1.0984329,1.0926739,443,30037,30480,0.6960302,0.3809933066368103,0.5307477,0.9775896072387695,0.97029454,1.6633388,4.1710987,0,0.2679858,0.9197263717651367,1.6623942852020264,0.5498021245002747,0.037897396832704544,1.6743062,4.1710987,0,0.26310366
A549,4,VIN,32,5,39.29,3,0.2472187578678131,0.05497060716152191,0.45105305314064026,0.008354325778782368,0.3546084463596344,3.405388116836548,0.0032115348149091005,0.5856838226318359,0.21244972944259644,0.4001721441745758,0.4293787479400635,2.086103677749634,2.6990452,2.6902342,856,58696,59552,0.29094604,-0.140920371,0.34328178,0.9883921146392822,0.94687146,2.5770419,9.137101,0,6.3566084,3.405388116836548,4.965822219848633,2.225588798522949,0.285882830619812,2.564962,9.137101,0,6.434989
A549,4,VIN,32,5,39.29,4,0.2264537513256073,0.03584820032119751,0.3632970154285431,0.007796083576977253,0.2744462788105011,3.1049582958221436,0.004510955419391394,0.530766487121582,0.12565244734287262,0.32766613364219666,0.36632323265075684,1.97260582447052,2.5511868,2.542654,874,58390,59264,0.38273585,0.6857227087020874,0.3593216,0.9782946109771729,0.9444051,3.1395042,11.146357,0,7.839377,3.1049582958221436,4.9846296310424805,1.5932884216308594,0.5071281790733337,3.1400213,11.146357,0,7.94911
A549,4,VIN,32,5,39.29,5,0.1865783929824829,0.004292559344321489,0.1898721307516098,0.003742952598258853,0.12891936302185059,0.8390852212905884,0.002191773382946849,0.25930914282798767,0.015195568092167377,0.16780677437782288,0.19109921157360077,0.636890172958374,1.0229903,1.0177995,689,50559,51248,0.88462627,0.16476993262767792,0.5474278,0.9750334024429321,0.9648891,1.4818314,5.984428,0,0.35384846,0.8390852212905884,1.6794331073760986,0.46696731448173523,0.05129596218466759,1.4905905,5.984428,0,0.3522649
A549,4,VIN,32,5,39.29,6,0.23936374485492706,0.014253518544137478,0.2776942849159241,0.005891851149499416,0.21432968974113464,3.024832010269165,0.003919926937669516,0.42824599146842957,0.045878611505031586,0.2652904689311981,0.297525018453598,1.777407169342041,2.1408834,2.13552,650,43398,44048,0.5784183,-0.228236854,0.2537728,0.9748752117156982,0.9690878,3.8059926,10.2767,0,3.5651147,3.024832010269165,4.974939346313477,1.7781964540481567,0.592773973941803,3.8176928,10.2767,0,3.600357
A549,4,VIN,32,5,39.29,7,0.12590761482715607,0.008669286035001278,0.17239604890346527,0.0038557942025363445,0.13717961311340332,2.663999080657959,0.002916988916695118,0.29909342527389526,0.014094861224293709,0.18055391311645508,0.20895631611347198,1.4318881034851074,1.631677,1.6287606,444,29972,30416,0.79076946,0.6347565650939941,0.4903509,0.9950833320617676,0.98447,2.7047904,8.404073,0,3.3852632,2.663999080657959,3.731867790222168,1.9217801094055176,0.11083260923624039,2.7053945,8.404073,0,3.433745
A549,4,VIN,32,5,39.29,8,0.08279381692409515,0.006614454556256533,0.13963554799556732,0.0032184526789933443,0.07942670583724976,0.9855345487594604,0.003627851139754057,0.32115602493286133,0,0.1284138411283493,0.16172534227371216,0.7021510004997253,0.94167495,0.93787974,954,59254,60208,0.6828461,0.35558438301086426,0.5262879,0.9765287637710571,0.9782764,1.0957752,4.57585,0,1.0059463,0.9855345487594604,2.1156673431396484,0,0.15810249745845795,1.0975502,4.57585,0,1.019398
A549,4,VIN,35,5,39.29,1,0.5390957593917847,0.08327312022447586,0.6881004571914673,0.0037593250162899494,,,,,,,,,8.338563,8.338563,0,77328,77328,0.806406,,0.6264762,,0.97961664,6.034179,11.954315,0,10.9183235,,,,,6.034179,11.954315,0,10.9183235
A549,4,VIN,35,5,39.29,2,0.3560314476490021,0.03124779462814331,0.43586239218711853,0.0034590133000165224,0.3933260142803192,4.18981409072876,0.0017787943361327052,0.5280324816703796,0.27324724197387695,0.42641401290893555,0.44762542843818665,2.601217269897461,2.7476852,2.7449658,671,35473,36144,0.7359247,0.21690957248210907,0.46596238,0.9969509243965149,0.99101573,3.8753147,7.5477867,0,3.7227037,4.18981409072876,4.968017578,3.164710521697998,0.14849016070365906,3.869366,7.5477867,0,3.7884064
A549,4,VIN,35,5,39.29,3,0.14731016755104065,0.01810562238097191,0.25765249133110046,0.003237617900595069,0.21276624500751495,2.597045660018921,0.0022672524210065603,0.3312877416610718,0.06627297401428223,0.2516375780105591,0.27277466654777527,1.2923846244812012,1.4192036,1.4176396,351,28113,28464,0.76844746,0.06295360624790192,0.5846349,0.9976117014884949,0.99045354,1.7548754,6.1820793,0,2.4453814,2.597045660018921,4.096014976501465,1.9121901988983154,0.09182435274124146,1.7443607,6.1820793,0,2.4658008
A549,4,VIN,35,5,39.29,4,0.348412424325943,0.003361224662512541,0.34923991560935974,0.0030802199617028236,0.2745460569858551,3.508488655090332,0.0012103173648938537,0.36514201760292053,0.1500013768672943,0.30255934596061707,0.3196698725223541,2.1972720623016357,2.6072388,2.603301,300,30932,31232,0.68565404,0.5374451875686646,0.43539223,0.9969972372055054,0.98869014,4.4590554,7.6789427,0,0.50261265,3.508488655090332,4.743410587310791,2.6044938564300537,0.12648972868919373,4.4682746,7.6789427,0,0.4974121
A549,4,VIN,35,5,39.29,5,0.16230733692646027,0.0024627679958939552,0.1644657999277115,0.002140522003173828,0.1255536526441574,1.9089170694351196,0.0018016572576016188,0.25502657890319824,0.020760519430041313,0.1598508656024933,0.1798885017633438,1.2005491256713867,1.5027841,1.4998292,260,26332,26592,0.6786483,0.764789879322052,0.5959009,0.9966835975646973,0.9892315,2.746258,5.203031,0,0.3483335,1.9089170694351196,2.4603748321533203,1.473059058189392,0.04186622053384781,2.7545264,5.203031,0,0.3443682
A549,4,VIN,35,5,39.29,6,0.16838917136192322,0.0013325688196346164,0.16838917136192322,0.0013325688196346164,0.1441616714000702,1.6769427061080933,0.0008755704038776457,0.22581493854522705,0.036696672439575195,0.16730405390262604,0.1810278445482254,1.1339696645736694,1.2969912,1.2938719,548,28092,28640,0.8224116,-0.217344373,0.5731047,0.9924734830856323,0.99141085,2.053137,3.5101242,1.0894551,0.09534789,1.6769427061080933,2.284614086151123,1.0894551277160645,0.055886950343847275,2.0604756,3.5101242,1.173758,0.093303084
A549,4,VIN,35,5,39.29,7,0.13849671185016632,0.001373555976897478,0.13855621218681335,0.001365899690426886,0.10793591290712357,1.4202548265457153,0.0006681944360025227,0.1935085654258728,0.04656711965799332,0.1288377195596695,0.1408909559249878,0.9211596846580505,1.0855298,1.0834734,233,18391,18624,0.74778754,-0.099889562,0.58092135,0.9938018918037415,0.99377304,1.8198225,3.2727606,0,0.06807281,1.4202548265457153,2.0372812747955322,1.0580540895462036,0.040439993143081665,1.8248849,3.2727606,0,0.06637458
A549,4,VIN,35,5,39.29,8,0.4207250475883484,0.006421144586056471,0.4207250475883484,0.006421144586056471,0.3183062672615051,3.527183771133423,0.0015571938129141927,0.4597514271736145,0.19936153292655945,0.34990376234054565,0.3698524534702301,2.847094774246216,4.734344,4.701511,854,48234,49088,0.09530768,0.4853121340274811,0.04568082,0.9874375462532043,0.9195555,5.6687717,11.901666,2.0601075,3.1915476,3.527183771133423,4.850818634033203,2.060107469558716,0.2739558517932892,5.706689,11.901666,2.0721343,3.160563
A549,4,VIN,35,5,39.29,9,0.18510983884334564,0.0019793405663222075,0.18510983884334564,0.0019793405663222075,0.17947937548160553,2.0230419635772705,0.0036268141120672226,0.35218673944473267,0.06179825961589813,0.22735333442687988,0.26657089591026306,1.513457179069519,1.6248475,1.6240581,228,31948,32176,0.8503099,0.3046858012676239,0.7057737,0.9829286932945251,0.9825302,2.4170372,4.656819,1.1505402,0.22923063,2.0230419635772705,2.8102259635925293,1.3778855800628662,0.15035395324230194,2.419849,4.656819,1.1505402,0.2286778
A549,4,VIN,35,5,39.29,10,0.08810083568096161,0.012585899792611599,0.21325622498989105,0.003775169840082526,0.15527059137821198,1.9631261825561523,0.002312330063432455,0.28439244627952576,0,0.19360992312431335,0.21543902158737183,1.076250433921814,1.291758,1.289596,300,29604,29904,0.92014956,0.3495378792285919,0.6109942,0.997355580329895,0.98748213,1.1278625,5.651707,0,1.9795293,1.9631261825561523,2.730034112930298,0,0.07311493903398514,1.1193981,5.651707,0,1.9917067
A549,4,VIN,35,5,39.29,11,0.1467278152704239,0.003135174512863159,0.14880792796611786,0.00287008099257946,0.11859799921512604,2.126371145248413,0.004636337980628014,0.30438828468322754,0,0.1723705381155014,0.21691517531871796,1.311790943145752,1.3721786,1.3709557,326,15770,16096,0.76919925,0.6758880019187927,0.76916695,0.99144446849823,0.9942775,2.593622,5.114726,0,0.29989588,2.126371145248413,2.7616312503814697,1.4856458902359009,0.06669113785028458,2.603281,5.114726,0,0.30011022
A549,4,VIN,36,5,39.29,1,0.35393062233924866,0.05226556584239006,0.479036420583725,0.010809923522174358,,,,,,,,,5.9065185,5.9065185,0,53936,53936,0.39870405,,0.4266248,,0.94022185,7.1041384,17.972176,0,21.404516,,,,,7.1041384,17.972176,0,21.404516
A549,4,VIN,36,5,39.29,2,0.17140111327171326,0.004618003964424133,0.1840692162513733,0.0026275075506418943,0.18573585152626038,1.1276335716247559,0.0025822657626122236,0.3413337767124176,0.09695873409509659,0.2245861142873764,0.25750789046287537,0.8720667958259583,1.0760101,1.0743544,235,28709,28944,0.74949074,0.41181695461273193,0.63395566,0.9693224430084229,0.97496516,1.5975943,4.2663674,0,0.40184084,1.1276335716247559,1.9283167123794556,0.661790668964386,0.1250946968793869,1.6014411,4.2663674,0,0.40228346
A549,4,VIN,36,5,39.29,3,0.20636583864688873,0.04926348850131035,0.4233902394771576,0.009185375645756721,0.32487326860427856,3.4477925300598145,0.0031310527119785547,0.4885343909263611,0.16865289211273193,0.3697459399700165,0.3975330591201782,1.9994412660598755,2.6738114,2.6659336,697,58967,59664,0.3518796,-0.19694376,0.42074847,0.9878787994384766,0.94794583,2.4296331,9.2435255,0,7.109819,3.4477925300598145,4.91914701461792,2.0194451808929443,0.3418559730052948,2.417598,9.2435255,0,7.1774187
A549,4,VIN,36,5,39.29,4,0.19727642834186554,0.03215154632925987,0.33856111764907837,0.007344221696257591,0.26454731822013855,3.1756067276000977,0.0036933859810233116,0.5159249305725098,0.08662362396717072,0.3134517967700958,0.3442685008049011,2.000666379928589,2.5333836,2.5250466,958,60258,61216,0.40411845,0.7228633761405945,0.4131498,0.9783233404159546,0.9443241,3.103431,12.55513,0,8.959389,3.1756067276000977,4.999351501464844,1.8007524013519287,0.555901050567627,3.102283,12.55513,0,9.092905
A549,4,VIN,36,5,39.29,5,0.15077000856399536,0.004000821616500616,0.15892821550369263,0.00292073842138052,0.12321708351373672,0.8445647358894348,0.0016042243223637342,0.22352872788906097,0.027822326868772507,0.1545165628194809,0.1793050915002823,0.6444675922393799,1.0706182,1.0673901,407,53321,53728,0.9238347,0.9717422723770142,0.6269221,0.9891517758369446,0.96676826,1.5928577,6.4273157,0,0.5336948,0.8445647358894348,1.3094964027404785,0.5946788191795349,0.014887318946421146,1.5985694,6.4273157,0,0.5333482
A549,4,VIN,36,5,39.29,6,0.21829254925251007,0.01015972439199686,0.24436861276626587,0.005001178476959467,0.18251070380210876,2.518096446990967,0.0018369073513895273,0.32006505131721497,0.026766570284962654,0.21651232242584229,0.23838871717453003,1.5291193723678589,2.0145874,2.007398,608,40448,41056,0.78364474,0.7005138993263245,0.33858025,0.9922352433204651,0.975624,3.7758527,10.171457,0,2.7513983,2.518096446990967,4.1615095138549805,1.596575140953064,0.23483246564865112,3.7947593,10.171457,0,2.7650895
A549,4,VIN,36,5,39.29,7,0.12910614907741547,0.008143938146531582,0.17260675132274628,0.0033794317860156298,0.14811131358146667,2.4020612239837646,0.0030383903067559004,0.38040968775749207,0,0.19041438400745392,0.2204117327928543,1.320557713508606,1.4646943,1.4613506,700,29476,30176,0.8444853,0.38158148527145386,0.55993897,0.9920203685760498,0.98389167,2.3888593,7.21411,0,2.488876,2.4020612239837646,4.070647716522217,0,0.19387340545654297,2.3885458,7.21411,0,2.5433738
A549,4,VIN,36,5,39.29,8,0.06289336830377579,0.006238122005015612,0.14386093616485596,0.0026208774652332067,0.07046007364988327,0.6827071309089661,0.0035144819412380457,0.2636711001396179,0,0.1210828647017479,0.14810088276863098,0.6238076686859131,0.8221912,0.81814337,1346,64622,65968,0.7001116,0.7045329213142395,0.5860942,0.9818242192268372,0.97400844,0.72608787,3.7969568,0,0.760462,0.6827071309089661,1.7107822895050049,0,0.2192227691411972,0.72699153,3.7969568,0,0.7716953
A549,4,VIN,36,5,39.29,9,0.22049367427825928,0.02392016351222992,0.29822635650634766,0.00917102862149477,0.19237206876277924,1.8989415168762207,0.005298865493386984,0.42978227138519287,0.0313030369579792,0.2491670399904251,0.29440268874168396,1.2053488492965698,1.5876539,1.584449,551,65177,65728,0.3167671,0.6672990322113037,0.4280848,0.9894816279411316,0.941017,2.2775714,6.9633307,0,2.626918,1.8989415168762207,3.5085599422454834,1.0537197589874268,0.1452474147081375,2.2807724,6.9633307,0,2.6466756
A549,4,VIN,37,5,39.29,1,0.2780158221721649,0.006299375090748072,0.2876111567020416,0.0037570695858448744,0.24220111966133118,2.172534942626953,0.002576960949227214,0.44013920426368713,0.10958154499530792,0.2819700539112091,0.30792975425720215,1.4817225933074951,1.8276519,1.8219988,530,31902,32432,0.79728794,0.7154474258422852,0.62915844,0.9891095161437988,0.9763678,3.060771,6.017026,0,0.7599016,2.172534942626953,3.479189395904541,1.332395315170288,0.1202833354473114,3.0755277,6.017026,0,0.7572026
A549,4,VIN,37,5,39.29,2,0.19201445579528809,0.00677343737334013,0.21348384022712708,0.0029474191833287477,0.16808418929576874,1.369185209274292,0.003334561362862587,0.3501095175743103,0.04434775188565254,0.21513162553310394,0.24789129197597504,0.9278397560119629,1.1468616,1.1443375,366,31394,31760,0.8886017,0.8338643312454224,0.71375316,0.994438886642456,0.9815385,1.88778,4.6423984,0,0.63928634,1.369185209274292,2.028045892715454,0.9241857528686523,0.03526720404624939,1.8938258,4.6423984,0,0.64315623
A549,4,VIN,37,5,39.29,3,0.18506108224391937,0.0120646758005023,0.23194359242916107,0.004246990196406841,0.18628312647342682,1.2935062646865845,0.004141781013458967,0.3952482044696808,0.032007716596126556,0.23827823996543884,0.2748132646083832,0.8830125331878662,1.0267955,1.0247304,757,51947,52704,0.8945377,0.903192937374115,0.6501582,0.9934780597686768,0.9796215,1.5966508,4.9245954,0,0.88097465,1.2935062646865845,2.0925240516662598,0.8235893249511719,0.03637898340821266,1.6010683,4.9245954,0,0.8919239
A549,4,VIN,37,5,39.29,4,0.05912061780691147,0.008441322483122349,0.1850188970565796,0.0031236899085342884,0.11912377178668976,1.5098079442977905,0.004799717105925083,0.3223687410354614,0,0.17401887476444244,0.19948329031467438,0.9320182800292969,0.93478364,0.9347395,909,55923,56832,0.50904185,0.04781561344861984,0.59961087,0.9734890460968018,0.96332556,0.80951566,6.486331,0,1.6047738,1.5098079442977905,3.9046056270599365,0,0.7844045162200928,0.7981328,6.486331,0,1.6100075
A549,4,VIN,38,5,39.29,1,0.2406189888715744,0.015137091279029846,0.2719400227069855,0.008590017445385456,0.1951412409543991,1.3431549072265625,0.004446948878467083,0.4074510931968689,0.07465054094791412,0.24694491922855377,0.2915925085544586,0.9445368647575378,1.4078438,1.4026601,500,44188,44688,0.13912885,-0.040351704,0.07266612,0.9601913094520569,0.9246879,2.1852686,6.5677576,0,1.6052296,1.3431549072265625,2.835312604904175,0.6743266582489014,0.16284790635108948,2.1947975,6.5677576,0,1.6134354
A549,4,VIN,38,5,39.29,2,0.26289069652557373,0.01810956746339798,0.312960147857666,0.005888925399631262,0.25258269906044006,1.7213144302368164,0.001435495330952108,0.3593386113643646,0.15306009352207184,0.28302302956581116,0.30105119943618774,1.358718991279602,1.8069504,1.8051258,195,47709,47904,0.92461157,0.7201862335205078,0.5899111,0.993192195892334,0.96871364,2.790055,7.3326993,0,2.1885943,1.7213144302368164,2.3548965454101562,1.285365343093872,0.04707205668091774,2.7944233,7.3326993,0,2.1926599
A549,4,VIN,38,5,39.29,3,0.10880455374717712,0.0023932938929647207,0.11347245424985886,0.001966291107237339,0.09680140018463135,0.7202855944633484,0.002566699869930744,0.274001806974411,0,0.13731813430786133,0.1654183268547058,0.546459436416626,0.86255467,0.8573701,1187,71181,72368,0.99306643,0.8694567084312439,0.71899587,0.9813694357872009,0.94613284,1.2991204,3.1807876,0,0.2433238,0.7202855944633484,1.2233113050460815,0.45033249258995056,0.019478611648082733,1.3087729,3.1807876,0,0.24137619
A549,4,VIN,39,5,39.29,1,0.3086710274219513,0.0017368877306580544,0.3086796700954437,0.0017342683859169483,0.3453747034072876,1.996816873550415,0.0033331913873553276,0.46966663002967834,0.1948309689760208,0.3932167589664459,0.4185221493244171,1.96967351436615,2.1885672,2.1864645,343,35369,35712,0.63849247,0.9036120176315308,0.8694267,0.9854505658149719,0.987045,2.7806997,5.557723,0,0.33393344,1.996816873550415,2.8869516849517822,1.1430917978286743,0.11108940839767456,2.7883015,5.557723,0,0.33007777
A549,4,VIN,39,5,39.29,2,0.10134052485227585,0.013956188224256039,0.22779525816440582,0.002565215341746807,0.19915196299552917,1.1682827472686768,0.0049614678137004375,0.3918263018131256,0.031995031982660294,0.25961464643478394,0.28993695974349976,0.9465029239654541,0.99184334,0.99164045,362,80582,80944,0.99431026,0.986381471157074,0.90779436,0.9959776997566223,0.9592288,0.8768744,4.0268955,0,1.0822536,1.1682827472686768,2.0734095573425293,0.8671119809150696,0.04491052031517029,0.87556535,4.0268955,0,1.0865307
A549,4,VIN,39,5,39.29,3,0.34063011407852173,0.031245563179254532,0.4187718629837036,0.005689842160791159,,,,,,,,,7.033936,7.033936,0,90848,90848,0.9961094,,0.82134795,,0.9186533,7.832365,20.014496,0,18.749731,,,,,7.832365,20.014496,0,18.749731
A549,4,VIN,39,5,39.29,4,0.056668445467948914,0.007666947785764933,0.1737532913684845,0.003164042253047228,0.06119731813669205,0.6523452401161194,0.002999200951308012,0.2538245618343353,0,0.10966025292873383,0.13066436350345612,0.6572957038879395,1.0478394,1.0467178,300,104148,104448,0.70571995,-0.00537114,0.38954255,0.9936091303825378,0.97356445,0.63408864,4.2986083,0,0.9621797,0.6523452401161194,1.6053435802459717,0,0.26768824458122253,0.63403594,4.2986083,0,0.9641793
A549,4,VIN,39,5,39.29,5,0.25046566128730774,0.007486466318368912,0.25052955746650696,0.007472368888556957,0.16913655400276184,2.5887317657470703,0.0023230588994920254,0.3288904130458832,0.060206327587366104,0.20543678104877472,0.23459447920322418,1.8256561756134033,3.075673,3.0683174,300,50676,50976,0.32227588,0.44195014238357544,0.7209726,0.9817380905151367,0.8596714,4.709,10.866164,0,2.3272517,2.5887317657470703,3.6634669303894043,1.90200674533844,0.19678446650505066,4.7215524,10.866164,0,2.3130932
A549,4,VIN,4,5,39.29,1,0.1613343358039856,0.010169834829866886,0.20334890484809875,0.004274639301002026,0.22261814773082733,2.357342004776001,0.005854357965290546,0.4617707133293152,0,0.2844405174255371,0.32264795899391174,1.9309521913528442,2.4735143,2.4672904,638,54978,55616,0.88982326,0.9576989412307739,0.7774259,0.994433581829071,0.96611524,3.3274632,10.946686,0,4.419115,2.357342004776001,3.953559398651123,1.6993279457092285,0.1904616504907608,3.3387213,10.946686,0,4.4571385
A549,4,VIN,4,5,39.29,2,0.2878544330596924,0.04934598505496979,0.43208709359169006,0.011750257574021816,,,,,,,,,6.450411,6.450411,0,53040,53040,0.24373713,,0.31385472,,0.9367768,7.529019,26.928583,0,36.300392,,,,,7.529019,26.928583,0,36.300392
A549,4,VIN,4,5,39.29,3,0.17902740836143494,0.006240479648113251,0.19423820078372955,0.0038161734119057655,0.10887973755598068,2.447395086288452,0.0036895007360726595,0.30768027901649475,0,0.15768052637577057,0.18628308176994324,1.7154736518859863,2.6441307,2.634801,570,56166,56736,0.8350757,0.24657827615737915,0.52274376,0.9701811671257019,0.9738711,4.1914344,11.265055,0,2.870532,2.447395086288452,4.4521026611328125,0,0.5758635401725769,4.2091336,11.265055,0,2.8626378
A549,4,VIN,40,5,39.29,1,0.07033377885818481,0.009464582428336143,0.1909652203321457,0.0026611376088112593,0.17128373682498932,2.319223642349243,0.0022693700157105923,0.35008543729782104,0.04420425742864609,0.20820589363574982,0.23577941954135895,1.5225152969360352,1.1198536,1.1223096,750,122210,122960,0.9084063,0.8782867193222046,0.921549,0.9931169748306274,0.9481514,1.0566684,5.751548,0,2.0619824,2.319223642349243,3.7405905723571777,1.4807507991790771,0.15239928662776947,1.0489203,5.751548,0,2.0638587
A549,4,VIN,40,5,39.29,2,0.22464033961296082,0.00412552896887064,0.2316618412733078,0.0026278658770024776,0.2042655199766159,1.8143057823181152,0.0027614785358309746,0.32349061965942383,0.0648970976471901,0.24843400716781616,0.2714853882789612,1.4220832586288452,2.067316,2.0563462,497,28735,29232,0.9949475,0.8858193755149841,0.7715106,0.9952697157859802,0.97629464,3.1253881,5.655539,0,0.75713545,1.8143057823181152,2.5234837532043457,1.3199719190597534,0.05890844762325287,3.1480649,5.655539,0,0.73896694
A549,4,VIN,40,5,39.29,3,0.18320348858833313,0.027778897434473038,0.320185124874115,0.004689755849540234,0.28085970878601074,1.9284898042678833,0.005847697611898184,0.49260443449020386,0.09312998503446579,0.34389880299568176,0.38132959604263306,1.4592604637145996,1.2408587,1.2440437,1026,69326,70352,0.9011419,0.380126953,0.8716335,0.9749571681022644,0.9474682,1.392918,4.8825088,0,1.6377312,1.9284898042678833,3.70353364944458,1.1281522512435913,0.22743627429008484,1.3849918,4.8825088,0,1.6542952
A549,4,VIN,40,5,39.29,4,0.07474400103092194,0.009832631796598434,0.18974407017230988,0.003140396671369672,0.12081186473369598,2.098250150680542,0.0025836641434580088,0.3049638271331787,0,0.16083566844463348,0.1844155639410019,1.0716017484664917,1.3264911,1.3249428,200,32728,32928,0.6762888,0.1341542750597,0.3133998,0.9966855049133301,0.9913166,1.1441798,5.8513155,0,2.141503,2.098250150680542,3.2275352478027344,0,0.1754709780216217,1.1383495,5.8513155,0,2.1479208
A549,4,VIN,40,5,39.29,5,0.2466946542263031,0.00409117853268981,0.24960224330425262,0.00341365416534245,0.23267792165279388,2.868905544281006,0.0027205944061279297,0.3592686951160431,0.12912851572036743,0.2748399078845978,0.30359742045402527,1.7382969856262207,1.9018276,1.9009578,100,18700,18800,0.96408176,0.5012595653533936,0.54788804,0.9982444047927856,0.9898721,3.5384762,6.5734415,0,0.5509409,2.868905544281006,3.6720755100250244,2.286308765411377,0.05989006534218788,3.5420563,6.5734415,0,0.5511566
A549,4,VIN,40,5,39.29,6,0.1828092485666275,0.0030466525349766016,0.1830160766839981,0.003012246685102582,0.138336181640625,2.01082706451416,0.003074789186939597,0.32810455560684204,0,0.18374846875667572,0.20928798615932465,1.3773328065872192,1.8557116,1.8500232,242,20110,20352,0.84802824,0.05859120935201645,0.7956805,0.989797830581665,0.9884241,3.2763073,7.039004,0,0.48864463,2.01082706451416,2.9422056674957275,1.4544498920440674,0.11813518404960632,3.291536,7.039004,0,0.47359994
A549,4,VIN,40,5,39.29,7,0.3865893483161926,0.0040888297371566296,0.3866124451160431,0.004080143757164478,,,,,,,,,6.1996036,6.1996036,0,16736,16736,1,,0.8894499,,0.99112856,8.062415,12.569002,0,1.5722528,,,,,8.062415,12.569002,0,1.5722528
A549,4,VIN,41,5,39.29,1,0.26056942343711853,0.003211322473362088,0.26084572076797485,0.0031426509376615286,0.2119641900062561,1.589689016342163,0.0012377917300909758,0.3240183889865875,0.1221601590514183,0.2400660365819931,0.25932398438453674,1.2367373704910278,1.7385567,1.7300695,463,26913,27376,0.85194415,0.6544471979141235,0.44876125,0.9888195991516113,0.9632161,2.4650013,4.5706997,0,0.3511562,1.589689016342163,2.26094913482666,1.0070430040359497,0.05529800057411194,2.4800599,4.5706997,0,0.34283838
A549,4,VIN,41,5,39.29,2,0.2753768265247345,0.003986245021224022,0.27851563692092896,0.003157480154186487,0.22731293737888336,1.972096562385559,0.0013946117833256721,0.30987706780433655,0.14100974798202515,0.2580714523792267,0.2755548059940338,1.487277865409851,1.9895885,1.9861028,282,40358,40640,0.8810288,0.05127297341823578,0.5976932,0.9733044505119324,0.9724042,3.0985537,6.6848674,0,0.7077761,1.972096562385559,2.907304048538208,1.1283456087112427,0.20312364399433136,3.1064246,6.6848674,0,0.702374
A549,4,VIN,41,5,39.29,3,0.18343496322631836,0.021516958251595497,0.2805600166320801,0.0056603397242724895,0.23313097655773163,3.2295680046081543,0.008878977969288826,0.4542021155357361,0.03615868464112282,0.31192147731781006,0.3664935231208801,2.2496795654296875,2.656209,2.6533244,245,34283,34528,0.9595603,0.954289436340332,0.9718021,0.9939122200012207,0.9900639,3.5427055,10.638251,0,7.6092997,3.2295680046081543,4.926205158233643,2.182180166244507,0.3337663412094116,3.544943,10.638251,0,7.660587
A549,4,VIN,41,5,39.29,4,0.16099964082241058,0.002852516947314143,0.16450414061546326,0.002338099991902709,0.13093066215515137,1.1762713193893433,0.0021874168887734413,0.3275880515575409,0.03670736029744148,0.16673976182937622,0.1928473711013794,0.8011789321899414,0.9312559,0.9303229,300,41524,41824,0.60104984,-0.075993061,0.34074175,0.9857816100120544,0.9822438,1.4360985,2.8690846,0,0.16033621,1.1762713193893433,1.902665615081787,0.7191963195800781,0.062388986349105835,1.4379756,2.8690846,0,0.16055259
A549,4,VIN,41,5,39.29,5,0.2613346576690674,0.031087003648281097,0.3600049614906311,0.007302521727979183,0.29874110221862793,4.373038291931152,0.004960979800671339,0.502234697341919,0.10443355143070221,0.35620394349098206,0.3952510356903076,3.1305925846099854,3.6730554,3.6700447,286,51250,51536,0.7829747,0.93153977394104,0.7059406,0.9957377910614014,0.95560414,5.1417284,13.980418,0,11.838401,4.373038291931152,4.9983296394348145,3.6643970012664795,0.09249231219291687,5.1460185,13.980418,0,11.900634
A549,4,VIN,41,5,39.29,6,0.0845642238855362,0.003075795015320182,0.09930068999528885,0.00214845291338861,0.04859226942062378,1.442452073097229,0.0014924100833013654,0.19347523152828217,0,0.0801539495587349,0.10160467028617859,0.9001733064651489,1.1827248,1.1779679,723,42221,42944,0.8328125,0.38319718837738037,0.7313235,0.9911447763442993,0.9849694,1.9093534,4.281036,0,0.7018313,1.442452073097229,2.1967241764068604,0.8580077290534973,0.051373474299907684,1.9173487,4.281036,0,0.7091728
A549,4,VIN,42,5,39.29,1,0.1550685167312622,0.015954334288835526,0.23824329674243927,0.004695995710790157,0.1961744725704193,3.5345757007598877,0.0020584380254149437,0.3509717285633087,0.06725217401981354,0.23179231584072113,0.2570633590221405,2.071589231491089,2.0888267,2.0885782,688,47104,47792,0.81477654,0.5261430144309998,0.713128,0.9818668961524963,0.9551978,3.348648,12.417161,0,7.508096,3.5345757007598877,4.998550891876221,1.8568147420883179,0.5927301049232483,3.3459322,12.417161,0,7.6085896
A549,4,VIN,42,5,39.29,2,0.14655601978302002,0.0017990467604249716,0.1494835764169693,0.001397362444549799,0.18922942876815796,0.863737940788269,0.005140223540365696,0.337942898273468,0.05967269837856293,0.25126829743385315,0.2837202250957489,0.7150629162788391,0.6652665,0.66546017,137,35095,35232,0.8512657,0.8875745534896851,0.94522876,0.9887082576751709,0.98827,0.89896065,1.5547295,0,0.036426585,0.863737940788269,1.1862742900848389,0.5911061763763428,0.018973669037222862,0.8990981,1.5547295,0,0.036489855
A549,4,VIN,42,5,39.29,3,0.12688757479190826,0.014742199331521988,0.23047477006912231,0.0029030549339950085,0.2690037488937378,1.4061801433563232,0.0005521652055904269,0.3277975022792816,0.22045020759105682,0.28865039348602295,0.30054572224617004,1.265196681022644,0.96077025,0.96124214,100,64412,64512,0.9176015,0.6826829314231873,0.9557266,0.9988240599632263,0.9679423,1.0619384,4.217625,0,1.0048506,1.4061801433563232,1.6030117273330688,1.2563339471817017,0.005023411940783262,1.061404,4.217625,0,1.0062187
A549,4,VIN,42,5,39.29,4,0.26589110493659973,0.002813920145854354,0.2666966915130615,0.0026075937785208225,0.2407507598400116,2.5991902351379395,0.0017972391797229648,0.34383413195610046,0.1239633709192276,0.2761075496673584,0.2962893843650818,1.935301661491394,2.301543,2.2996385,167,31945,32112,0.90618944,0.918770432472229,0.71816576,0.9910212159156799,0.9863077,3.9893162,7.4553843,0,0.6235662,2.5991902351379395,3.576244592666626,1.7371292114257812,0.2397521734237671,3.9965835,7.4553843,0,0.61541754
A549,4,VIN,42,5,39.29,5,0.04793613404035568,0.002004891401156783,0.07188795506954193,0.0012848102487623692,0.06525661051273346,1.2743812799453735,0.0014720788458362222,0.1723603457212448,0,0.09639579802751541,0.11643713712692261,0.8000802397727966,0.8115119,0.8114263,265,35127,35392,0.62839204,0.9483513236045837,0.5039791,0.990444540977478,0.98425764,1.02937,3.430502,0,0.620448,1.2743812799453735,1.7609612941741943,0,0.037272997200489044,1.0275216,3.430502,0,0.624391
A549,4,VIN,42,5,39.29,6,0.2152576446533203,0.021207798272371292,0.30098849534988403,0.0038502358365803957,0.24888116121292114,2.259732723236084,0.0027913455851376057,0.42305293679237366,0.10390900075435638,0.29090455174446106,0.31682702898979187,1.5410468578338623,1.7489955,1.7472628,527,62721,63248,0.9644117,0.8700901865959167,0.85804254,0.9929177165031433,0.9882706,2.2820172,6.1605153,0,2.3279002,2.259732723236084,3.2204196453094482,1.5363041162490845,0.09445781260728836,2.2822044,6.1605153,0,2.3466623
A549,4,VIN,42,5,39.29,7,0.15818460285663605,0.010636929422616959,0.210346519947052,0.00317241414450109,0.14470741152763367,1.7336980104446411,0.001748864073306322,0.2590351104736328,0.01810605078935623,0.17722846567630768,0.19817903637886047,0.9420644640922546,1.2332158,1.2305439,200,21592,21792,0.6615757,0.04377847909927368,0.059033424,0.9971277713775635,0.99032736,1.9397957,4.6803856,0,1.4305538,1.7336980104446411,2.271237850189209,1.2727503776550293,0.03865830972790718,1.9417048,4.6803856,0,1.4430497
A549,4,VIN,42,5,39.29,8,0.07673618197441101,0.00815312098711729,0.1653887927532196,0.0029101998079568148,0.1337364763021469,2.536801815032959,0.0021467828191816807,0.26151224970817566,0,0.17017807066440582,0.19258536398410797,1.2545632123947144,1.2661393,1.2660421,300,35508,35808,0.9548106,-0.192358315,0.8350893,0.9946826100349426,0.99191505,1.4202014,5.485545,0,2.4438298,2.536801815032959,4.073066234588623,0,0.22416061162948608,1.4107674,5.485545,0,2.4519603
A549,4,VIN,42,5,39.29,9,0.23899893462657928,0.016200799494981766,0.29379338026046753,0.0038168607279658318,0.2546798288822174,3.4274919033050537,0.00209034769795835,0.3781597912311554,0.12672755122184753,0.29194268584251404,0.31287071108818054,1.8921376466751099,2.0580785,2.0561006,300,24868,25168,0.7956346,0.7375617027282715,0.7251774,0.9973633289337158,0.99105144,3.4816694,7.754473,0,3.1779552,3.4274919033050537,4.581973552703857,2.5548994541168213,0.11052253842353821,3.4823232,7.754473,0,3.2149236
A549,4,VIN,43,5,39.29,1,0.2159677892923355,0.0009819363476708531,0.2159677892923355,0.0009819363476708531,0.22236496210098267,1.4641964435577393,0.0011945342412218451,0.3237670660018921,0.1699012964963913,0.24739637970924377,0.2746944725513458,1.212044358253479,1.5056522,1.5030838,200,22664,22864,0.8491572,0.2463831603527069,0.68529546,0.9907380938529968,0.9838892,1.9612368,3.0290601,0.8869455,0.12262514,1.4641964435577393,2.023607015609741,1.113885521888733,0.039323173463344574,1.9656228,3.0290601,0.8869455,0.1211609
A549,4,VIN,43,5,39.29,2,0.15959203243255615,0.0019679528195410967,0.16046781837940216,0.0018382157431915402,0.12819203734397888,1.2942419052124023,0.0016329834470525384,0.25368598103523254,0.02084394358098507,0.15987426042556763,0.179535374045372,0.8619070649147034,1.1367217,1.1330639,378,28022,28400,0.8273559,0.8303474187850952,0.5333673,0.9926162958145142,0.98767406,1.9845269,4.6746464,0,0.19361174,1.2942419052124023,1.7239166498184204,0.8397138714790344,0.02981804870069027,1.9938383,4.6746464,0,0.18930691
A549,4,VIN,43,5,39.29,3,0.21110711991786957,0.004185940138995647,0.2165103256702423,0.003123230068013072,0.19507348537445068,1.943576693534851,0.0021046458277851343,0.28372105956077576,0.07630792260169983,0.23291970789432526,0.2514074742794037,1.3329880237579346,1.7348045,1.7317113,244,31452,31696,1,0.5159251689910889,0.65184677,0.9924894571304321,0.9755783,3.1936963,6.882683,0,0.95374095,1.943576693534851,2.970508098602295,1.4599307775497437,0.09656565636396408,3.2033944,6.882683,0,0.94817287
A549,4,VIN,43,5,39.29,4,0.3303121328353882,0.0735694169998169,0.5446777939796448,0.00455420883372426,,,,,,,,,7.625475,7.625475,0,65664,65664,0.9135783,,0.83679485,,0.9845436,6.3093014,17.737198,0,27.60636,,,,,6.3093014,17.737198,0,27.60636
A549,4,VIN,43,5,39.29,5,0.07839897274971008,0.007052673492580652,0.15499410033226013,0.002071279799565673,0.16176219284534454,0.7911442518234253,0.003296186914667487,0.3049207329750061,0.025162363424897194,0.2076231688261032,0.23232783377170563,0.6475809812545776,0.6769501,0.67683643,300,77204,77504,1,0.8847392797470093,0.95087755,0.9856687784194946,0.9779509,0.5881336,2.3358634,0,0.3663041,0.7911442518234253,0.9991171956062317,0.6194279193878174,0.01254445593804121,0.5873447,2.3358634,0,0.36751798
A549,4,VIN,43,5,39.29,6,0.14735546708106995,0.0021323233377188444,0.14955048263072968,0.0018358224770054221,0.1619989424943924,0.981391191482544,0.005398806184530258,0.3526935577392578,0.037428729236125946,0.22503994405269623,0.2603462338447571,0.785507321357727,0.813645,0.81318504,539,32437,32976,0.84772515,0.9434726238250732,0.9265746,0.9936994910240173,0.9902636,1.0998318,2.0347738,0,0.052323896,0.981391191482544,1.3284562826156616,0.7560789585113525,0.01036039087921381,1.1018,2.0347738,0,0.05278422
A549,4,VIN,44,5,39.29,1,0.18071547150611877,0.019595490768551826,0.27575352787971497,0.0036936618853360415,0.20128831267356873,3.0448529720306396,0.0013341737212613225,0.28985804319381714,0.13032764196395874,0.23163537681102753,0.2485671192407608,1.656471848487854,1.7945426,1.7939912,100,24940,25040,0.78960115,-0.004701802,0.6888323,0.9981985092163086,0.99305326,2.5003405,6.526623,0,3.5159352,3.0448529720306396,3.710282564163208,2.431810140609741,0.07142818719148636,2.4981573,6.526623,0,3.528553
A549,4,VIN,44,5,39.29,2,0.20313036441802979,0.004337369464337826,0.21418552100658417,0.00220557046122849,0.21603521704673767,0.9520805478096008,0.0042600370943546295,0.3913273513317108,0.05441229045391083,0.269680380821228,0.30016472935676575,0.7923374176025391,0.93835205,0.9364978,497,38639,39136,0.96326745,0.8644708395004272,0.8909168,0.9867634773254395,0.9895895,1.2712424,2.7321615,0,0.14099409,0.9520805478096008,1.4765534400939941,0.6029844880104065,0.023618794977664948,1.2753477,2.7321615,0,0.14117673
A549,4,VIN,44,5,39.29,3,0.2751053273677826,0.0022034579887986183,0.27513712644577026,0.0021949668880552053,0.26080387830734253,3.2074408531188965,0.0017469743033871055,0.35083064436912537,0.1738964170217514,0.29622864723205566,0.31485915184020996,2.3444442749023438,2.6315327,2.6282165,200,17112,17312,0.71821034,0.8939278721809387,0.5747365,0.9866282939910889,0.9842299,4.047666,7.2216606,0,0.45712903,3.2074408531188965,4.200780391693115,2.39516019821167,0.15512914955615997,4.057486,7.2216606,0,0.45231104
A549,4,VIN,44,5,39.29,4,0.13834819197654724,0.011707094497978687,0.19317933917045593,0.005754688289016485,0.18340183794498444,3.2442095279693604,0.004517312161624432,0.3844378888607025,0,0.23811951279640198,0.2724229693412781,1.8553708791732788,1.9120244,1.9115624,691,84013,84704,0.33021325,0.4907680153846741,0.20966794,0.9699766635894775,0.9429922,3.0276718,11.574944,0,5.8436904,3.2442095279693604,4.999643325805664,1.5085208415985107,0.7587984204292297,3.0258908,11.574944,0,5.8851247
A549,4,VIN,44,5,39.29,5,0.26403194665908813,0.003354700980708003,0.2654877007007599,0.002986717037856579,0.23426437377929688,1.2835007905960083,0.003967822529375553,0.40880724787712097,0.09197373688220978,0.2854982912540436,0.32107457518577576,1.0334457159042358,1.3528992,1.3490833,525,43427,43952,0.9755027,0.8306159973144531,0.732104,0.9913012981414795,0.97670853,1.9281114,3.468465,0,0.17988019,1.2835007905960083,1.973706603050232,0.900131106376648,0.03799864649772644,1.9359043,3.468465,0,0.17651133
A549,4,VIN,44,5,39.29,6,0.06777047365903854,0.0018758175428956747,0.07408449053764343,0.001582812168635428,0.0715658888220787,1.2655984163284302,0.002923007821664214,0.24069415032863617,0,0.11420342326164246,0.14963798224925995,0.8394330739974976,0.96218103,0.9603385,354,23230,23584,0.8500035,0.8134195804595947,0.69518095,0.9868744015693665,0.9885145,1.5630815,3.4668505,0,0.2672312,1.2655984163284302,1.8825558423995972,0.7552055716514587,0.0590224526822567,1.5676149,3.4668505,0,0.26903495
A549,4,VIN,44,5,39.29,7,0.14051268994808197,0.0020697119180113077,0.1425975263118744,0.001803128281608224,0.11311861872673035,1.203567624092102,0.0017121569253504276,0.24376817047595978,0,0.146050825715065,0.16857413947582245,0.8363269567489624,1.0339903,1.0301943,1018,51990,53008,0.86519504,0.2670762538909912,0.6442559,0.9892269372940063,0.98747426,1.6415111,3.214406,0,0.15434662,1.203567624092102,1.952115774154663,0.6713337302207947,0.04839438199996948,1.6500865,3.214406,0,0.15259224
A549,4,VIN,45,5,39.29,1,0.17587246000766754,0.009618648327887058,0.20859605073928833,0.004582327790558338,0.1974572092294693,1.2073334455490112,0.002661019330844283,0.34004858136177063,0.07119686156511307,0.24098485708236694,0.26359233260154724,0.916269063949585,1.2088885,1.206025,579,58589,59168,0.4571953,0.9032261371612549,0.50197715,0.9893071055412292,0.9478271,1.8061548,5.9134974,0,1.2201678,1.2073334455490112,2.2614352703094482,0.7971746921539307,0.04108908027410507,1.8120725,5.9134974,0,1.2282408
A549,4,VIN,45,5,39.29,2,0.05178314819931984,0.005096118897199631,0.13098253309726715,0.0025166061241179705,0.09802748262882233,0.4731719195842743,0.0013778063002973795,0.19151701033115387,0,0.12697532773017883,0.14395475387573242,0.39911264181137085,0.6405839,0.63782626,700,60596,61296,0.84841216,0.8184703588485718,0.59520894,0.9859589338302612,0.9467791,0.4452932,4.051715,0,0.4313526,0.4731719195842743,0.8110312819480896,0,0.018382210284471512,0.44497114,4.051715,0,0.4361141
A549,4,VIN,45,5,39.29,3,0.37188589572906494,0.011581690050661564,0.390151709318161,0.005024107173085213,0.3093678057193756,2.1180241107940674,0.0021083015017211437,0.4291563630104065,0.19678930938243866,0.34738364815711975,0.36940303444862366,1.6665822267532349,2.2876034,2.2797303,329,25623,25952,0.8100783,0.8021515607833862,0.4871194,0.9849686026573181,0.9724573,3.221217,6.5680766,0,1.2099713,2.1180241107940674,3.292206287384033,1.2647881507873535,0.23923642933368683,3.235382,6.5680766,0,1.2066083
A549,4,VIN,45,5,39.29,4,0.0689239650964737,0.004680258221924305,0.11553975939750671,0.0024597099982202053,0.08977147936820984,1.9080193042755127,0.0020708381198346615,0.2710150182247162,0,0.12571929395198822,0.1498221755027771,1.0738162994384766,1.2507256,1.247797,463,27505,27968,0.8678131,0.6446509957313538,0.59333,0.992542564868927,0.9884944,1.7324015,6.280911,0,2.3118398,1.9080193042755127,2.9294869899749756,0,0.19434744119644165,1.7294453,6.280911,0,2.3469565
A549,4,VIN,45,5,39.29,5,0.060321807861328125,0.009465171955525875,0.1916012018918991,0.004911094903945923,0.11538674682378769,3.4024405479431152,0.0015693665482103825,0.23905915021896362,0,0.1468743234872818,0.16469499468803406,1.6696805953979492,2.3724556,2.367075,299,38757,39056,0.97211075,-0.000763887,0.66320574,0.9967676401138306,0.98674476,1.7659124,10.242646,0,7.231858,3.4024405479431152,4.947763919830322,2.3671915531158447,0.19205273687839508,1.753287,10.242646,0,7.265347
A549,4,VIN,45,5,39.29,6,0.21592186391353607,0.04530433565378189,0.4023166596889496,0.00942362193018198,,,,,,,,,5.6610794,5.6610794,0,45536,45536,0.48101294,,0.38165015,,0.9577383,6.230505,23.221195,0,37.752266,,,,,6.230505,23.221195,0,37.752266
A549,4,VIN,45,5,39.29,7,0.1684211790561676,0.005800736136734486,0.1707661747932434,0.0054810564033687115,0.11693359911441803,2.6720521450042725,0.002087820554152131,0.26971468329429626,0,0.15308775007724762,0.17734085023403168,1.5529013872146606,2.275182,2.2611892,522,26422,26944,0.09903903,0.1283692568540573,-0.027547568,0.9875041842460632,0.94670045,4.6012335,14.761485,0,3.4209187,2.6720521450042725,4.7805304527282715,1.8983674049377441,0.24055816233158112,4.6393476,14.761485,0,3.408771
A549,4,VIN,45,5,39.29,8,0.15871454775333405,0.007891102693974972,0.19329805672168732,0.0029256287962198257,0.15717193484306335,2.1314656734466553,0.002260682638734579,0.3215727210044861,0.043454378843307495,0.1931605488061905,0.2187107652425766,1.4909100532531738,2.0583274,2.0524168,353,33535,33888,0.82309246,0.17715984582901,0.78082544,0.9642804861068726,0.9730932,2.893941,10.319019,0,3.434722,2.1314656734466553,3.4687869548797607,1.2376339435577393,0.4411954879760742,2.9019668,10.319019,0,3.4600484
A549,4,VIN,45,5,39.29,9,0.20778080821037292,0.010690010152757168,0.23623992502689362,0.005431013181805611,0.20369568467140198,1.9843826293945312,0.005164547823369503,0.4071677625179291,0.04281279817223549,0.26285529136657715,0.3024575114250183,1.343508005142212,1.6441604,1.6394504,667,41909,42576,0.49203134,0.7030109167098999,0.4208114,0.9904298186302185,0.9609615,2.757414,7.2458444,0,2.021293,1.9843826293945312,3.3179500102996826,1.1542112827301025,0.09138190746307373,2.7697172,7.2458444,0,2.0423462
A549,4,VIN,45,5,39.29,10,0.20395301282405853,0.003728087991476059,0.2044367641210556,0.0036380370147526264,0.14909273386001587,3.290405035018921,0.005599543452262878,0.3777524530887604,0,0.21109460294246674,0.25199124217033386,1.994078278541565,2.8102782,2.802109,368,36400,36768,0.7041491,0.672254204750061,0.34606245,0.9955263733863831,0.9777619,5.432037,10.983065,0,1.8053159,3.290405035018921,4.5398969650268555,2.360114574432373,0.1759340465068817,5.453688,10.983065,0,1.77495
A549,4,VIN,45,5,39.29,11,0.18583431839942932,0.015348820947110653,0.2502233684062958,0.004555323626846075,0.18895818293094635,4.145031452178955,0.005945366807281971,0.37816840410232544,0,0.25255513191223145,0.2881263196468353,2.290280818939209,3.1217136,3.1166584,283,46261,46544,0.83459896,0.8046650290489197,0.68153244,0.9894312620162964,0.98184687,5.3144445,14.100598,0,11.71144,4.145031452178955,4.989330291748047,2.9812304973602295,0.21688158810138702,5.3215985,14.100598,0,11.77334
A549,4,VIN,45,5,39.29,12,0.3755142390727997,0.0033654519356787205,0.3755142390727997,0.0033654519356787205,0.3243483006954193,2.227106809616089,0.0009369994513690472,0.3963634967803955,0.23692359030246735,0.34800654649734497,0.36497360467910767,2.065460443496704,3.318468,3.3155515,100,42860,42960,0.9420567,0.040753062814474106,0.46153763,0.9977561831474304,0.9597279,4.216457,7.940858,1.9832468,0.83972275,2.227106809616089,2.5030977725982666,1.9832468032836914,0.010837405920028687,4.221098,7.940858,2.0359912,0.83240163
A549,4,VIN,45,5,39.29,13,0.31375980377197266,0.009741280227899551,0.33087149262428284,0.004610768519341946,0.2693747580051422,4.06622838973999,0.008795280940830708,0.4671967029571533,0.0754796490073204,0.3501434922218323,0.39343172311782837,3.0509886741638184,3.6818733,3.6771982,290,38846,39136,0.94216955,0.9154629707336426,0.7985774,0.994335412979126,0.9876904,6.2049236,12.555246,0,3.8649812,4.06622838973999,4.9950032234191895,3.158440589904785,0.1767158806324005,6.2208896,12.555246,0,3.8581135
A549,4,VIN,46,5,39.29,1,0.4708366096019745,0.00496669439598918,0.47101855278015137,0.004882926121354103,0.35861316323280334,3.841810941696167,0.001041670679114759,0.4432947039604187,0.2629620432853699,0.38486534357070923,0.39922431111335754,3.351335048675537,5.7256045,5.7098,293,43723,44016,0.81368935,0.9658172130584717,0.44282,0.9961416721343994,0.96630937,6.745572,11.236323,0,1.7047397,3.841810941696167,4.963576793670654,2.8638103008270264,0.2413138747215271,6.765031,11.236323,0,1.6576637
A549,4,VIN,46,5,39.29,2,0.26287776231765747,0.0029807097744196653,0.2628859877586365,0.0029786413069814444,0.2515757083892822,1.8086841106414795,0.0009274742915295064,0.3271583914756775,0.19868341088294983,0.27605298161506653,0.29543012380599976,1.6089955568313599,3.0483236,3.045532,62,31906,31968,1,0.6276714205741882,0.7216714,0.9988151788711548,0.95186913,4.747815,9.282637,0,1.4768672,1.8086841106414795,2.0668601989746094,1.5187817811965942,0.014413378201425076,4.753526,9.282637,0,1.4628901
A549,4,VIN,46,5,39.29,3,0.32111653685569763,0.00503635173663497,0.324825644493103,0.0038897201884537935,0.3002311885356903,3.3014144897460938,0.003803879488259554,0.4249967336654663,0.160578653216362,0.3515947461128235,0.3779018819332123,2.971137762069702,3.7125149,3.707224,165,22955,23120,0.9095891,0.9888495802879333,0.9457303,0.9991863369941711,0.98889405,5.996555,11.37324,0,1.7506527,3.3014144897460938,3.8296189308166504,2.688762903213501,0.06830892711877823,6.0159273,11.37324,0,1.7101581
A549,4,VIN,47,5,39.29,1,0.2371169775724411,0.0024808451998978853,0.23712122440338135,0.002479880815371871,0.22356708347797394,2.1507222652435303,0.0016560960793867707,0.32972562313079834,0.1200481653213501,0.2567586600780487,0.2733142375946045,1.6270431280136108,1.9185085,1.9151019,651,55045,55696,0.6339471,0.46188297867774963,0.45899776,0.9796556234359741,0.9614183,2.8753011,5.948425,0.9962777,0.58302194,2.1507222652435303,3.5537993907928467,1.3534032106399536,0.2233327031135559,2.8838706,5.948425,0.9962777,0.58099324
A549,4,VIN,47,5,39.29,2,0.1694784313440323,0.015589479357004166,0.242449089884758,0.004610020201653242,0.21967361867427826,1.4912476539611816,0.0035755233839154243,0.3959142565727234,0.06515395641326904,0.2685564458370209,0.29953449964523315,1.0933921337127686,1.2947057,1.2900827,1279,54417,55696,0.47515976,0.7294353246688843,0.5870542,0.9773836731910706,0.95385873,1.5880703,5.6081047,0,1.608798,1.4912476539611816,3.2780303955078125,0.7705349922180176,0.1644165962934494,1.590346,5.6081047,0,1.6425208
A549,4,VIN,47,5,39.29,3,0.2256653904914856,0.0027370532043278217,0.2256833165884018,0.0027332231402397156,0.2009797990322113,1.5660505294799805,0.0017897249199450016,0.32136833667755127,0.11136060953140259,0.23538191616535187,0.2579805552959442,1.1848787069320679,1.5508491,1.5471994,251,24917,25168,0.77797055,0.7307554483413696,0.41122997,0.9957141280174255,0.9737694,2.5031648,5.3184967,0,0.4561466,1.5660505294799805,2.052380323410034,1.2200299501419067,0.028870247304439545,2.5126047,5.3184967,0,0.45151532
A549,4,VIN,47,5,39.29,4,0.30312782526016235,0.0028556538745760918,0.30312782526016235,0.0028556538745760918,0.2684974670410156,2.7343201637268066,0.000790346588473767,0.32876554131507874,0.21505071222782135,0.29210197925567627,0.30569255352020264,2.308734893798828,2.9044607,2.9014869,100,19932,20032,0.4885096,0.6575416326522827,0.16581741,0.9985104203224182,0.97342443,3.5782895,6.116203,1.8919625,0.60111886,2.7343201637268066,3.1779096126556396,2.390815496444702,0.030391652137041092,3.5825243,6.116203,1.8919625,0.60039073
A549,4,VIN,47,5,39.29,5,0.10515676438808441,0.0016951230354607105,0.10624326765537262,0.0015972041292116046,0.08308316022157669,1.3292087316513062,0.002121186349540949,0.23608633875846863,0,0.11866358667612076,0.14552903175354004,0.9033854603767395,1.0506296,1.0492246,460,47748,48208,0.6784017,0.8855746984481812,0.65358424,0.993559718132019,0.98557615,1.7244959,4.260204,0,0.23421715,1.3292087316513062,1.9206387996673584,0.9472023248672485,0.04127371683716774,1.728304,4.260204,0,0.23455615
A549,4,VIN,47,5,39.29,6,0.07129333913326263,0.00791720300912857,0.16421648859977722,0.0029769064858555794,0.12204968929290771,2.393907308578491,0.002360935788601637,0.2493172287940979,0,0.16108593344688416,0.1822601854801178,1.238876461982727,1.4670392,1.4640548,374,28218,28592,0.86514825,-0.370131493,0.642543,0.9931158423423767,0.9923179,1.2878443,5.8657684,0,2.2780833,2.393907308578491,3.7850353717803955,0,0.25494086742401123,1.2731845,5.8657684,0,2.2884684
A549,4,VIN,47,5,39.29,7,0.26723915338516235,0.012258865870535374,0.29860106110572815,0.004332799464464188,0.2268955409526825,4.088981628417969,0.0025749134365469217,0.33552831411361694,0.10773421823978424,0.2692853808403015,0.29012325406074524,2.324146270751953,2.7208014,2.7187476,140,26900,27040,0.9115084,0.5043251514434814,0.6891643,0.9863444566726685,0.9839486,5.002575,10.630593,0,3.6705768,4.088981628417969,4.994151592254639,2.7280592918395996,0.380062460899353,5.00733,10.630593,0,3.6833358
A549,4,VIN,48,5,39.29,1,0.5378849506378174,0.0056952545419335365,0.5379266738891602,0.00567330326884985,,,,,,,,,9.658239,9.658239,0,38768,38768,0.7614242,,0.55032057,,0.9619805,9.378913,15.957412,0,2.764788,,,,,9.378913,15.957412,0,2.764788
A549,4,VIN,48,5,39.29,2,0.18968668580055237,0.008810430765151978,0.2198038250207901,0.003589434316381812,,,,,,,,,1.6767335,1.6767335,0,34448,34448,0.65195,,0.5835154,,0.9845866,2.9545498,8.248528,0,1.9471372,,,,,2.9545498,8.248528,0,1.9471372
A549,4,VIN,48,5,39.29,3,0.32486429810523987,0.005593739449977875,0.32730942964553833,0.0048355404287576675,0.23751415312290192,2.37123966217041,0.0017360077472403646,0.4006798267364502,0.13998980820178986,0.26950204372406006,0.2925136685371399,1.71367347240448,2.5518003,2.5439892,514,54638,55152,0.8477865,0.7777726650238037,0.4822409,0.9903284907341003,0.9729644,4.171388,8.115841,0,1.1060233,2.37123966217041,4.091363906860352,1.479440450668335,0.21032729744911194,4.1883225,8.115841,0,1.0836779
A549,4,VIN,48,5,39.29,4,0.33463358879089355,0.009848578833043575,0.3349047601222992,0.009765741415321827,0.21642154455184937,3.0572962760925293,0.0036465218290686607,0.38600999116897583,0.12099931389093399,0.2669485807418823,0.3039964735507965,2.2967207431793213,4.221872,4.207598,293,39227,39520,0.05497745,0.9333804845809937,0.15958293,0.9926317930221558,0.8926688,6.0077767,14.496166,0,3.0094655,3.0572962760925293,4.380504608154297,2.4193129539489746,0.19037000834941864,6.0298142,14.496166,0,2.9650133
A549,4,VIN,48,5,39.29,5,0.06119018793106079,0.0051663718186318874,0.12952589988708496,0.0020848065614700317,0.09171552956104279,0.6786278486251831,0.0033952633384615183,0.2570682168006897,0,0.13800650835037231,0.16263750195503235,0.59027099609375,0.7369736,0.73533535,300,26564,26864,0.8560548,0.200214222073555,0.55661166,0.9925888180732727,0.9877596,0.5825977,2.7068465,0,0.42398614,0.6786278486251831,1.2047970294952393,0,0.11497427523136139,0.5815131,2.7068465,0,0.42737067
A549,4,VIN,48,5,39.29,6,0.24044224619865417,0.0013542958768084645,0.24044224619865417,0.0013542958768084645,0.27558040618896484,2.6028873920440674,0.0020340122282505035,0.3663201928138733,0.1785566508769989,0.3149150311946869,0.33503177762031555,2.371148109436035,3.0401108,3.0279922,300,16260,16560,0.39202797,0.8089535236358643,0.87334853,0.9884702563285828,0.98762834,3.75977,7.3627224,1.8604019,0.46735132,2.6028873920440674,3.4664831161499023,1.8604018688201904,0.15944118797779083,3.7811146,7.3627224,1.9601997,0.44788343
A549,4,VIN,48,5,39.29,7,0.2549443542957306,0.04483291134238243,0.41353878378868103,0.007137392181903124,0.31489911675453186,3.372187614440918,0.002958601340651512,0.4949789047241211,0.1521671861410141,0.3574524521827698,0.38341647386550903,2.1211156845092773,2.7120721,2.7062247,655,65537,66192,0.777832,0.39854222536087036,0.5680007,0.9843733310699463,0.9684424,2.9813092,9.188066,0,6.236651,3.372187614440918,4.993960857391357,2.007563829421997,0.3382345139980316,2.9774024,9.188066,0,6.29406
A549,4,VIN,48,5,39.29,8,0.033214181661605835,0.0027340613305568695,0.09977229684591293,0.0015722087118774652,0.10123144835233688,0.8772582411766052,0.0013143775286152959,0.18551862239837646,0,0.12911003828048706,0.14477099478244781,0.637089729309082,0.86622673,0.8650582,200,39016,39216,0.8381539,0.33844760060310364,0.6857206,0.9968128204345703,0.98621076,0.50871885,3.326519,0,0.5695599,0.8772582411766052,1.2565133571624756,0,0.039210546761751175,0.5068296,3.326519,0,0.5715787
A549,4,VIN,5,5,39.29,1,0.10021231323480606,0.009951171465218067,0.18413104116916656,0.002832329599186778,0.1317499876022339,1.0773098468780518,0.0018021215219050646,0.3127821385860443,0.0386064350605011,0.16353976726531982,0.18825958669185638,0.8700987100601196,1.2692729,1.2659719,694,83226,83920,0.9260612,0.3350101113319397,0.72962946,0.974703848361969,0.9455177,1.1117656,4.3538265,0,1.291927,1.0773098468780518,2.224907875061035,0.6178981065750122,0.10546162724494934,1.1120528,4.3538265,0,1.3018107
A549,4,VIN,5,5,39.29,2,0.11768651008605957,0.009189533069729805,0.17807236313819885,0.00315170269459486,0.13185663521289825,2.102398633956909,0.0037571198772639036,0.34038129448890686,0,0.17920993268489838,0.20771805942058563,1.4220621585845947,1.6174775,1.6142867,737,44399,45136,0.6693511,0.39168891310691833,0.43476143,0.9863649010658264,0.98636496,2.003736,6.584532,0,2.3788888,2.102398633956909,3.9853127002716064,0,0.5865334272384644,2.0020986,6.584532,0,2.408477
A549,4,VIN,5,5,39.29,3,0.11256687343120575,0.003195386379957199,0.12959343194961548,0.0014721817569807172,0.0913095474243164,1.3002216815948486,0.001036875182762742,0.17189356684684753,0.03763715922832489,0.11767181754112244,0.137000173330307,0.9774088263511658,1.3466052,1.3454773,100,32636,32736,0.9798552,0.42389288544654846,0.72871137,0.995940625667572,0.9747587,1.7437214,3.7503624,0,0.6063666,1.3002216815948486,1.7111974954605103,0.9687391519546509,0.01817081682384014,1.7450802,3.7503624,0,0.60756445
A549,4,VIN,5,5,39.29,4,0.19919586181640625,0.002039422746747732,0.19934920966625214,0.0020104232244193554,0.15845538675785065,2.079392671585083,0.0039453222416341305,0.3669683635234833,0.033561766147613525,0.20790673792362213,0.2466665655374527,1.5726532936096191,2.183415,2.1750255,500,35900,36400,1,0.568221390247345,0.73333675,0.9911268949508667,0.9688699,3.1945865,6.8029265,0,0.81725895,2.079392671585083,3.1262218952178955,1.4695465564727783,0.08415000885725021,3.2101183,6.8029265,0,0.80990696
A549,4,VIN,5,5,39.29,5,0.2681443989276886,0.005723475944250822,0.2741488814353943,0.0042055225931108,0.20604214072227478,2.5334506034851074,0.0010034928563982248,0.300004243850708,0.11778490245342255,0.23166725039482117,0.2474622279405594,1.864217758178711,2.4097722,2.4020097,497,34431,34928,0.6374019,0.3774617910385132,0.3942032,0.9950581192970276,0.9696357,3.4510846,7.7010336,0,1.0253174,2.5334506034851074,3.3634109497070312,1.8552035093307495,0.09057889133691788,3.4643307,7.7010336,0,1.02648
A549,4,VIN,5,5,39.29,6,0.24667473137378693,0.0019848798401653767,0.24667473137378693,0.0019848798401653767,0.20369817316532135,2.277803897857666,0.004050455056130886,0.38440820574760437,0.08058950304985046,0.2560369372367859,0.2905580997467041,1.8548940420150757,2.6040804,2.5926087,404,25980,26384,0.71190923,0.5596038699150085,0.36569077,0.9904187917709351,0.974693,3.3631918,6.467089,1.7115457,0.5946512,2.277803897857666,3.3578875064849854,1.7285126447677612,0.10705821216106415,3.3800697,6.467089,1.7115457,0.58362913
A549,4,VIN,6,5,39.29,1,0.09694014489650726,0.011120215058326721,0.19451725482940674,0.0033330663572996855,0.12015879154205322,2.3155858516693115,0.00414477800950408,0.26416048407554626,0,0.16968785226345062,0.1943274885416031,1.5772755146026611,1.8489468,1.8457304,499,41645,42144,0.8124662,0.21360933780670166,0.766208,0.9749212265014648,0.97605455,2.0576763,8.50867,0,4.7503524,2.3155858516693115,4.729398727416992,0,1.4136821031570435,2.054586,8.50867,0,4.7895265
A549,4,VIN,6,5,39.29,2,0.12896513938903809,0.0028662628028541803,0.13506560027599335,0.0021778838708996773,0.11364772915840149,1.816603183746338,0.0027262072544544935,0.30540731549263,0,0.15270471572875977,0.18713481724262238,1.309902548789978,1.7247591,1.7169757,788,41212,42000,0.5597359,0.8295947313308716,0.5112622,0.9822255373001099,0.97089523,2.784694,7.0662055,0,1.2847625,1.816603183746338,2.948108673095703,1.0562671422958374,0.11785949021577835,2.8032045,7.0662055,0,1.2888119
A549,4,VIN,7,5,39.29,1,0.22752688825130463,0.001500733313150704,0.22752688825130463,0.001500733313150704,0.20243485271930695,2.446148633956909,0.0014071025652810931,0.3179495632648468,0.08608794212341309,0.2315169870853424,0.24777022004127502,1.8896465301513672,2.2549703,2.2505298,514,41774,42288,0.69337344,0.36745598912239075,0.51092,0.9840599298477173,0.9787213,3.082552,5.5599513,1.2174472,0.411517,2.446148633956909,3.698538303375244,1.6072583198547363,0.254698246717453,3.0903823,5.5599513,1.2174472,0.40840182
A549,4,VIN,7,5,39.29,2,0.1273880898952484,0.005830101203173399,0.16368673741817474,0.0015497547574341297,0.1362610161304474,1.3205119371414185,0.0011340774362906814,0.22321383655071259,0.039693985134363174,0.16276736557483673,0.18072684109210968,1.0315780639648438,1.2850641,1.2830241,269,33155,33424,0.9952982,0.6026100516319275,0.7922917,0.9940357208251953,0.9683685,1.4204743,4.032746,0,0.7654405,1.3205119371414185,1.7431174516677856,0.9435873031616211,0.028762608766555786,1.4212854,4.032746,0,0.77133566
A549,4,VIN,7,5,39.29,3,0.14634108543395996,0.001556129427626729,0.15010347962379456,0.001031389576382935,0.1072138175368309,0.9451221823692322,0.0013158124638721347,0.224481999874115,0.042513106018304825,0.13513919711112976,0.15885479748249054,0.7547733187675476,1.1978586,1.1932458,287,27281,27568,0.71348464,0.6531403064727783,0.6448595,0.9869961738586426,0.97969276,1.5738738,2.8504715,0,0.18717417,0.9451221823692322,1.41720712184906,0.6171413660049438,0.027831224724650383,1.5804883,2.8504715,0,0.18464781
A549,4,VIN,8,5,39.29,1,0.044101253151893616,0.005041631869971752,0.14480188488960266,0.001972033642232418,0.07339789718389511,0.5305080413818359,0.010598618537187576,0.29082730412483215,0,0.14679580926895142,0.2290557324886322,0.9343163967132568,1.1376524,1.1368911,150,39914,40064,0.7640765,0.9622671604156494,0.75958693,0.9709645509719849,0.98351824,0.5808261,4.1742363,0,0.8474334,0.5305080413818359,2.023221254348755,0,0.5310880541801453,0.58101517,4.1742363,0,0.8486127
A549,4,VIN,8,5,39.29,2,0.1784786432981491,0.005865560844540596,0.1997562199831009,0.0023145012091845274,0.21178573369979858,1.5572271347045898,0.0014512059278786182,0.32304587960243225,0.08373815566301346,0.24290277063846588,0.2612958252429962,1.2838321924209595,1.5006958,1.4963591,1531,75029,76560,0.88832927,0.94533371925354,0.80296266,0.9960306882858276,0.9764821,2.0344427,5.7370853,0,0.9441654,1.5572271347045898,2.3315978050231934,1.1434930562973022,0.03266922011971474,2.0441806,5.7370853,0,0.95802313
A549,4,VIN,8,5,39.29,3,0.21906831860542297,0.0011564234737306833,0.21906831860542297,0.0011564234737306833,0.22364531457424164,1.9999809265136719,0.0014808133710175753,0.3173588812351227,0.1379055678844452,0.25699135661125183,0.27361080050468445,1.6845415830612183,2.0691533,2.062453,485,27355,27840,0.92137504,0.8824809193611145,0.5977045,0.99759441614151,0.9786934,2.610646,5.0334754,1.5606015,0.32381165,1.9999809265136719,2.5844287872314453,1.5606014728546143,0.030528126284480095,2.6214728,5.0334754,1.5859568,0.3222826
A549,4,VIN,8,5,39.29,4,0.07092854380607605,0.005928793456405401,0.14309489727020264,0.001634417101740837,0.14376260340213776,1.6671103239059448,0.002386228647083044,0.2860258221626282,0.03136775270104408,0.18269532918930054,0.21200276911258698,1.2565815448760986,1.2993377,1.2989805,858,101798,102656,0.983089,0.9603814482688904,0.96933156,0.997283399105072,0.99312556,1.0008061,4.5837,0,1.0640638,1.6671103239059448,2.415632963180542,1.1983965635299683,0.039007049053907394,0.9951902,4.5837,0,1.0689301
A549,4,VIN,8,5,39.29,5,0.1589086949825287,0.0009303764090873301,0.1589086949825287,0.0009303764090873301,0.14908768236637115,1.4396777153015137,0.002539911074563861,0.2760373055934906,0.04392406344413757,0.19300994277000427,0.21206992864608765,1.149675726890564,1.6145598,1.604029,660,28476,29136,0.995404,0.9398081302642822,0.7297964,0.9978154897689819,0.9777097,2.1175332,3.7875586,1.1149116,0.20051381,1.4396777153015137,2.047868013381958,1.1444286108016968,0.02147083729505539,2.133244,3.7875586,1.1149116,0.193767
A549,4,VIN,8,5,39.29,6,0.06826794892549515,0.003269511740654707,0.10632048547267914,0.0010461723431944847,0.11173952370882034,0.985846757888794,0.0027503182645887136,0.2928890287876129,0,0.15443181991577148,0.18098661303520203,0.7816264629364014,0.85506123,0.8538682,820,49660,50480,0.9600586,0.7426127195358276,0.9311611,0.9863046407699585,0.9861321,0.7160974,1.9354534,0,0.30695873,0.985846757888794,1.6728875637054443,0.6310611367225647,0.03597982972860336,0.71164316,1.9354534,0,0.31021184
A549,4,VIN,8,5,39.29,7,0.03991338238120079,0.00436662882566452,0.13281410932540894,0.002191686537116766,0.06209076941013336,1.1192539930343628,0.0028828217182308435,0.26696279644966125,0,0.10787985473871231,0.1324416697025299,1.0332043170928955,1.0679119,1.0675299,892,80164,81056,0.63957167,0.2810015380382538,0.5994392,0.9832780957221985,0.96403426,0.71005625,5.0191326,0,1.2684971,1.1192539930343628,2.9602904319763184,0,0.6259292960166931,0.70550305,5.0191326,0,1.2737631
A549,4,VIN,9,5,39.29,1,0.21898114681243896,0.0031835250556468964,0.2220282256603241,0.0025512860156595707,0.17918099462985992,2.34915828704834,0.0016546179540455341,0.28193560242652893,0.05304773524403572,0.21245965361595154,0.2312919944524765,1.7102644443511963,2.413633,2.4073389,253,28019,28272,0.56947064,0.5718396902084351,0.2707659,0.990386962890625,0.9773534,3.7888782,7.798466,0,1.0858418,2.34915828704834,3.2616231441497803,1.6116254329681396,0.16025680303573608,3.8018782,7.798466,0,1.0753139
A549,4,VIN,9,5,39.29,2,0.16306869685649872,0.006827902514487505,0.18742814660072327,0.0032822180073708296,0.14610730111598969,2.6002538204193115,0.001568141276948154,0.3026326894760132,0.033170878887176514,0.17733386158943176,0.20045067369937897,1.7345272302627563,2.1322782,2.1300802,227,40845,41072,0.60585755,0.02552741765975952,0.47738057,0.9831245541572571,0.9790495,3.2707353,7.450646,0,2.2780123,2.6002538204193115,4.2891106605529785,1.6422311067581177,0.396136611700058,3.2744617,7.450646,0,2.2859588
A549,4,VIN,9,5,39.29,3,0.10143762826919556,0.017716528847813606,0.26340630650520325,0.0033415118232369423,0.15141978859901428,1.0909717082977295,0.012492273934185505,0.35482606291770935,0,0.24587999284267426,0.28314656019210815,1.2267603874206543,1.492354,1.4877068,570,32006,32576,0.69985986,0.5307992696762085,0.67395914,0.985420823097229,0.98245144,0.87737465,4.276147,0,1.318046,1.0909717082977295,2.409876823425293,0,0.5756498575210571,0.8735707,4.276147,0,1.3304405
A549,4,VIN,9,5,39.29,4,0.11801503598690033,0.002642656909301877,0.133652463555336,0.0009028393542394042,0.10081200301647186,0.978233814239502,0.00134157738648355,0.2500571310520172,0.014077181927859783,0.1277216076850891,0.15195828676223755,0.8081346154212952,1.1265991,1.1219206,393,26359,26752,0.9206656,0.6409581303596497,0.69708484,0.9908491969108582,0.98715764,1.2823534,2.9168394,0,0.27582628,0.978233814239502,1.5880976915359497,0.6875794529914856,0.022457517683506012,1.2868876,2.9168394,0,0.27820438
A549,4,VIN,9,5,39.29,5,0.13159394264221191,0.008279134519398212,0.18315936625003815,0.002078642835840583,0.14235390722751617,1.258447289466858,0.0027477270923554897,0.34243282675743103,0,0.18226228654384613,0.21480095386505127,1.0373860597610474,1.33823,1.3336844,667,43477,44144,0.5087369,0.4280729293823242,0.52182513,0.9916173219680786,0.9779262,1.3191574,3.6657162,0,0.839465,1.258447289466858,1.871944546699524,0,0.04363314062356949,1.3200887,3.6657162,0,0.8516167
A549,4,VIN,9,5,39.29,6,0.21741344034671783,0.0042551057413220406,0.23128627240657806,0.0013180236564949155,0.20072318613529205,1.8175244331359863,0.0010977481724694371,0.31961220502853394,0.10478895157575607,0.2268051952123642,0.24321691691875458,1.4400137662887573,1.6851472,1.6821835,360,29416,29776,0.80634403,0.30393722653388977,0.6407566,0.9959462881088257,0.9892461,2.1298168,3.8890152,0,0.4313238,1.8175244331359863,2.349193811416626,1.316728949546814,0.03732280805706978,2.1336389,3.8890152,0,0.43493757
